Entity,Code,Year,Renewables
ASEAN (Ember),,2000,19.334143
ASEAN (Ember),,2001,19.055025
ASEAN (Ember),,2002,17.666613
ASEAN (Ember),,2003,16.668121
ASEAN (Ember),,2004,15.696422
ASEAN (Ember),,2005,15.150763
ASEAN (Ember),,2006,15.764754
ASEAN (Ember),,2007,15.686207
ASEAN (Ember),,2008,16.492813
ASEAN (Ember),,2009,16.697887
ASEAN (Ember),,2010,16.48371
ASEAN (Ember),,2011,18.783382
ASEAN (Ember),,2012,19.620895
ASEAN (Ember),,2013,20.341846
ASEAN (Ember),,2014,19.959028
ASEAN (Ember),,2015,18.38233
ASEAN (Ember),,2016,20.07861
ASEAN (Ember),,2017,23.423191
ASEAN (Ember),,2018,23.426485
ASEAN (Ember),,2019,20.94387
ASEAN (Ember),,2020,23.212378
ASEAN (Ember),,2021,25.80107
ASEAN (Ember),,2022,28.061098
ASEAN (Ember),,2023,26.164715
ASEAN (Ember),,2024,25.881031
ASEAN (Ember),,2025,26.946016
Afghanistan,AFG,2000,64.583336
Afghanistan,AFG,2001,72.46377
Afghanistan,AFG,2002,78.873245
Afghanistan,AFG,2003,69.23077
Afghanistan,AFG,2004,70.88608
Afghanistan,AFG,2005,71.95122
Afghanistan,AFG,2006,71.111115
Afghanistan,AFG,2007,74.25742
Afghanistan,AFG,2008,69.230774
Afghanistan,AFG,2009,87.64045
Afghanistan,AFG,2010,85.22727
Afghanistan,AFG,2011,77.92208
Afghanistan,AFG,2012,84.09091
Afghanistan,AFG,2013,80.180176
Afghanistan,AFG,2014,86.2069
Afghanistan,AFG,2015,87.28814
Afghanistan,AFG,2016,87.6033
Afghanistan,AFG,2017,86.50794
Afghanistan,AFG,2018,82.90599
Afghanistan,AFG,2019,87.67123
Afghanistan,AFG,2020,89.830505
Afghanistan,AFG,2021,87.735855
Afghanistan,AFG,2022,86.458336
Afghanistan,AFG,2023,86.59793
Afghanistan,AFG,2024,86.86869
Africa,OWID_AFR,1985,19.197453
Africa,OWID_AFR,1986,19.179014
Africa,OWID_AFR,1987,17.738724
Africa,OWID_AFR,1988,18.361076
Africa,OWID_AFR,1989,18.553274
Africa,OWID_AFR,1990,18.212042
Africa,OWID_AFR,1991,18.922243
Africa,OWID_AFR,1992,17.90597
Africa,OWID_AFR,1993,16.995775
Africa,OWID_AFR,1994,16.634445
Africa,OWID_AFR,1995,16.75809
Africa,OWID_AFR,1996,16.634748
Africa,OWID_AFR,1997,16.27195
Africa,OWID_AFR,1998,16.82361
Africa,OWID_AFR,1999,17.297781
Africa,OWID_AFR,2000,17.56864
Africa,OWID_AFR,2001,18.130373
Africa,OWID_AFR,2002,18.05003
Africa,OWID_AFR,2003,16.867327
Africa,OWID_AFR,2004,16.849335
Africa,OWID_AFR,2005,16.754347
Africa,OWID_AFR,2006,16.697342
Africa,OWID_AFR,2007,16.4692
Africa,OWID_AFR,2008,16.487316
Africa,OWID_AFR,2009,17.067469
Africa,OWID_AFR,2010,17.290047
Africa,OWID_AFR,2011,17.320091
Africa,OWID_AFR,2012,16.873665
Africa,OWID_AFR,2013,17.20047
Africa,OWID_AFR,2014,17.88402
Africa,OWID_AFR,2015,17.98666
Africa,OWID_AFR,2016,17.962275
Africa,OWID_AFR,2017,18.748333
Africa,OWID_AFR,2018,19.636576
Africa,OWID_AFR,2019,20.57514
Africa,OWID_AFR,2020,22.304287
Africa,OWID_AFR,2021,22.820614
Africa,OWID_AFR,2022,23.94467
Africa,OWID_AFR,2023,24.509878
Africa,OWID_AFR,2024,24.735643
Africa (EI),,1985,19.197453
Africa (EI),,1986,19.179014
Africa (EI),,1987,17.738724
Africa (EI),,1988,18.361076
Africa (EI),,1989,18.553274
Africa (EI),,1990,18.212042
Africa (EI),,1991,18.922243
Africa (EI),,1992,17.90597
Africa (EI),,1993,16.995775
Africa (EI),,1994,16.634445
Africa (EI),,1995,16.75809
Africa (EI),,1996,16.634748
Africa (EI),,1997,16.27195
Africa (EI),,1998,16.82361
Africa (EI),,1999,17.297781
Africa (EI),,2000,17.66201
Africa (EI),,2001,18.223915
Africa (EI),,2002,18.014406
Africa (EI),,2003,16.857258
Africa (EI),,2004,16.8326
Africa (EI),,2005,16.54304
Africa (EI),,2006,16.509768
Africa (EI),,2007,16.286066
Africa (EI),,2008,16.302582
Africa (EI),,2009,16.644167
Africa (EI),,2010,16.947388
Africa (EI),,2011,17.100058
Africa (EI),,2012,16.419287
Africa (EI),,2013,16.935808
Africa (EI),,2014,17.736292
Africa (EI),,2015,17.782633
Africa (EI),,2016,17.889488
Africa (EI),,2017,18.564447
Africa (EI),,2018,19.43228
Africa (EI),,2019,20.215267
Africa (EI),,2020,22.129251
Africa (EI),,2021,22.310278
Africa (EI),,2022,23.512316
Africa (EI),,2023,24.94125
Africa (EI),,2024,25.416307
Africa (EI),,2025,27.450539
Africa (Ember),,2000,17.56864
Africa (Ember),,2001,18.130373
Africa (Ember),,2002,18.05003
Africa (Ember),,2003,16.867327
Africa (Ember),,2004,16.849335
Africa (Ember),,2005,16.754347
Africa (Ember),,2006,16.697342
Africa (Ember),,2007,16.4692
Africa (Ember),,2008,16.487316
Africa (Ember),,2009,17.067469
Africa (Ember),,2010,17.287733
Africa (Ember),,2011,17.317827
Africa (Ember),,2012,16.871572
Africa (Ember),,2013,17.198381
Africa (Ember),,2014,17.881924
Africa (Ember),,2015,17.984612
Africa (Ember),,2016,17.960268
Africa (Ember),,2017,18.74629
Africa (Ember),,2018,19.63451
Africa (Ember),,2019,20.573027
Africa (Ember),,2020,22.301958
Africa (Ember),,2021,22.818348
Africa (Ember),,2022,23.942335
Africa (Ember),,2023,24.50751
Africa (Ember),,2024,24.845913
Africa (Ember),,2025,26.210274
Albania,ALB,2000,96.1945
Albania,ALB,2001,95.39295
Albania,ALB,2002,93.80054
Albania,ALB,2003,97.89674
Albania,ALB,2004,97.47747
Albania,ALB,2005,98.7013
Albania,ALB,2006,98.21428
Albania,ALB,2007,97.526505
Albania,ALB,2008,100
Albania,ALB,2009,100
Albania,ALB,2010,100
Albania,ALB,2011,98.56802
Albania,ALB,2012,100
Albania,ALB,2013,100
Albania,ALB,2014,100
Albania,ALB,2015,100
Albania,ALB,2016,100
Albania,ALB,2017,100
Albania,ALB,2018,100
Albania,ALB,2019,100
Albania,ALB,2020,100
Albania,ALB,2021,100
Albania,ALB,2022,100
Albania,ALB,2023,100
Albania,ALB,2024,100
Algeria,DZA,1990,0.83830106
Algeria,DZA,1991,1.6892477
Algeria,DZA,1992,1.0882643
Algeria,DZA,1993,1.8182755
Algeria,DZA,1994,0.83488405
Algeria,DZA,1995,0.97895
Algeria,DZA,1996,0.65362644
Algeria,DZA,1997,0.34888592
Algeria,DZA,1998,0.9242542
Algeria,DZA,1999,0.8199701
Algeria,DZA,2000,0.1968504
Algeria,DZA,2001,0.26296017
Algeria,DZA,2002,0.21699819
Algeria,DZA,2003,0.8792695
Algeria,DZA,2004,0.8
Algeria,DZA,2005,1.6219405
Algeria,DZA,2006,0.6244678
Algeria,DZA,2007,0.5915569
Algeria,DZA,2008,0.695998
Algeria,DZA,2009,0.7792208
Algeria,DZA,2010,0.37174723
Algeria,DZA,2011,0.97618115
Algeria,DZA,2012,1.0801394
Algeria,DZA,2013,0.5510102
Algeria,DZA,2014,0.388984
Algeria,DZA,2015,0.31958166
Algeria,DZA,2016,0.4786036
Algeria,DZA,2017,0.84133035
Algeria,DZA,2018,1.0684038
Algeria,DZA,2019,1.0660459
Algeria,DZA,2020,1.1087313
Algeria,DZA,2021,0.9462617
Algeria,DZA,2022,0.94019896
Algeria,DZA,2023,0.9491031
Algeria,DZA,2024,1.0689082
American Samoa,ASM,2000,0
American Samoa,ASM,2001,0
American Samoa,ASM,2002,0
American Samoa,ASM,2003,0
American Samoa,ASM,2004,0
American Samoa,ASM,2005,0
American Samoa,ASM,2006,0
American Samoa,ASM,2007,0
American Samoa,ASM,2008,0
American Samoa,ASM,2009,0
American Samoa,ASM,2010,0
American Samoa,ASM,2011,0
American Samoa,ASM,2012,0
American Samoa,ASM,2013,0
American Samoa,ASM,2014,0
American Samoa,ASM,2015,0
American Samoa,ASM,2016,0
American Samoa,ASM,2017,0
American Samoa,ASM,2018,0
American Samoa,ASM,2019,0
American Samoa,ASM,2020,0
American Samoa,ASM,2021,0
American Samoa,ASM,2022,5.5555553
American Samoa,ASM,2023,0
American Samoa,ASM,2024,5.5555553
Angola,AGO,2000,63.194443
Angola,AGO,2001,62.19512
Angola,AGO,2002,64.77273
Angola,AGO,2003,62.311558
Angola,AGO,2004,78.125
Angola,AGO,2005,84.410645
Angola,AGO,2006,85.23489
Angola,AGO,2007,76.85185
Angola,AGO,2008,77.77778
Angola,AGO,2009,66.59878
Angola,AGO,2010,67.948715
Angola,AGO,2011,71.024734
Angola,AGO,2012,70.98446
Angola,AGO,2013,58.03681
Angola,AGO,2014,52.82427
Angola,AGO,2015,54.60123
Angola,AGO,2016,58.56102
Angola,AGO,2017,71.41535
Angola,AGO,2018,79.45205
Angola,AGO,2019,73.19849
Angola,AGO,2020,75.60976
Angola,AGO,2021,75.43027
Angola,AGO,2022,75.56326
Angola,AGO,2023,74.031746
Angola,AGO,2024,73.70109
Antigua and Barbuda,ATG,2000,0
Antigua and Barbuda,ATG,2001,0
Antigua and Barbuda,ATG,2002,0
Antigua and Barbuda,ATG,2003,0
Antigua and Barbuda,ATG,2004,0
Antigua and Barbuda,ATG,2005,0
Antigua and Barbuda,ATG,2006,0
Antigua and Barbuda,ATG,2007,0
Antigua and Barbuda,ATG,2008,0
Antigua and Barbuda,ATG,2009,0
Antigua and Barbuda,ATG,2010,0
Antigua and Barbuda,ATG,2011,0
Antigua and Barbuda,ATG,2012,0
Antigua and Barbuda,ATG,2013,0
Antigua and Barbuda,ATG,2014,0
Antigua and Barbuda,ATG,2015,2.857143
Antigua and Barbuda,ATG,2016,0
Antigua and Barbuda,ATG,2017,2.857143
Antigua and Barbuda,ATG,2018,2.7777777
Antigua and Barbuda,ATG,2019,2.7777777
Antigua and Barbuda,ATG,2020,5.714286
Antigua and Barbuda,ATG,2021,5.714286
Antigua and Barbuda,ATG,2022,5.5555553
Antigua and Barbuda,ATG,2023,5.5555553
Antigua and Barbuda,ATG,2024,8.108108
Argentina,ARG,1990,34.989185
Argentina,ARG,1991,29.710293
Argentina,ARG,1992,34.389725
Argentina,ARG,1993,38.57245
Argentina,ARG,1994,41.73245
Argentina,ARG,1995,39.635246
Argentina,ARG,1996,32.54642
Argentina,ARG,1997,38.80356
Argentina,ARG,1998,36.01876
Argentina,ARG,1999,26.866888
Argentina,ARG,2000,32.59159
Argentina,ARG,2001,41.036167
Argentina,ARG,2002,43.00745
Argentina,ARG,2003,37.75388
Argentina,ARG,2004,31.318571
Argentina,ARG,2005,33.295506
Argentina,ARG,2006,34.505863
Argentina,ARG,2007,28.49718
Argentina,ARG,2008,26.617996
Argentina,ARG,2009,29.30837
Argentina,ARG,2010,27.595238
Argentina,ARG,2011,25.18341
Argentina,ARG,2012,22.783413
Argentina,ARG,2013,24.933668
Argentina,ARG,2014,24.931429
Argentina,ARG,2015,23.676249
Argentina,ARG,2016,21.39557
Argentina,ARG,2017,23.13028
Argentina,ARG,2018,23.995096
Argentina,ARG,2019,24.926538
Argentina,ARG,2020,25.31803
Argentina,ARG,2021,24.18544
Argentina,ARG,2022,29.0296
Argentina,ARG,2023,34.767097
Argentina,ARG,2024,34.384632
Argentina,ARG,2025,34.58048
Armenia,ARM,2000,21.626297
Armenia,ARM,2001,16.72474
Armenia,ARM,2002,30.885122
Armenia,ARM,2003,36.981133
Armenia,ARM,2004,34.19689
Armenia,ARM,2005,28.782896
Armenia,ARM,2006,31.698772
Armenia,ARM,2007,32.27513
Armenia,ARM,2008,30.16949
Armenia,ARM,2009,36.764706
Armenia,ARM,2010,40.510365
Armenia,ARM,2011,34.119278
Armenia,ARM,2012,29.411764
Armenia,ARM,2013,28.704943
Armenia,ARM,2014,26.162018
Armenia,ARM,2015,28.874172
Armenia,ARM,2016,32.816902
Armenia,ARM,2017,29.880478
Armenia,ARM,2018,30.434782
Armenia,ARM,2019,32.17624
Armenia,ARM,2020,25.13089
Armenia,ARM,2021,32.253887
Armenia,ARM,2022,34.10931
Armenia,ARM,2023,27.976881
Armenia,ARM,2024,31.89369
Armenia,ARM,2025,38.991768
Aruba,ABW,2000,0
Aruba,ABW,2001,0
Aruba,ABW,2002,0
Aruba,ABW,2003,0
Aruba,ABW,2004,0
Aruba,ABW,2005,0
Aruba,ABW,2006,0
Aruba,ABW,2007,0
Aruba,ABW,2008,0
Aruba,ABW,2009,3.1578946
Aruba,ABW,2010,11.702127
Aruba,ABW,2011,11.827957
Aruba,ABW,2012,15.217391
Aruba,ABW,2013,15.957447
Aruba,ABW,2014,17.021276
Aruba,ABW,2015,18.556702
Aruba,ABW,2016,14.893617
Aruba,ABW,2017,14.432989
Aruba,ABW,2018,16.494844
Aruba,ABW,2019,17.171717
Aruba,ABW,2020,17.171717
Aruba,ABW,2021,17
Aruba,ABW,2022,17
Aruba,ABW,2023,17
Aruba,ABW,2024,17
Asia,OWID_ASI,1985,18.012844
Asia,OWID_ASI,1986,17.209082
Asia,OWID_ASI,1987,16.420391
Asia,OWID_ASI,1988,17.54758
Asia,OWID_ASI,1989,16.80514
Asia,OWID_ASI,1990,16.310287
Asia,OWID_ASI,1991,15.668343
Asia,OWID_ASI,1992,14.943642
Asia,OWID_ASI,1993,15.741279
Asia,OWID_ASI,1994,14.602355
Asia,OWID_ASI,1995,14.892394
Asia,OWID_ASI,1996,14.105186
Asia,OWID_ASI,1997,13.530116
Asia,OWID_ASI,1998,13.910143
Asia,OWID_ASI,1999,13.03741
Asia,OWID_ASI,2000,12.7228155
Asia,OWID_ASI,2001,13.128584
Asia,OWID_ASI,2002,12.822311
Asia,OWID_ASI,2003,12.49865
Asia,OWID_ASI,2004,13.363829
Asia,OWID_ASI,2005,13.1327
Asia,OWID_ASI,2006,13.366772
Asia,OWID_ASI,2007,12.997395
Asia,OWID_ASI,2008,14.32189
Asia,OWID_ASI,2009,13.835367
Asia,OWID_ASI,2010,14.761313
Asia,OWID_ASI,2011,14.28951
Asia,OWID_ASI,2012,15.805915
Asia,OWID_ASI,2013,16.370209
Asia,OWID_ASI,2014,17.325905
Asia,OWID_ASI,2015,18.339205
Asia,OWID_ASI,2016,18.95296
Asia,OWID_ASI,2017,19.590145
Asia,OWID_ASI,2018,20.191957
Asia,OWID_ASI,2019,21.49927
Asia,OWID_ASI,2020,22.718529
Asia,OWID_ASI,2021,23.312796
Asia,OWID_ASI,2022,24.73637
Asia,OWID_ASI,2023,25.119778
Asia,OWID_ASI,2024,27.262362
Asia (Ember),,2000,13.6256695
Asia (Ember),,2001,14.268745
Asia (Ember),,2002,13.687992
Asia (Ember),,2003,13.289648
Asia (Ember),,2004,14.037964
Asia (Ember),,2005,13.849081
Asia (Ember),,2006,14.045609
Asia (Ember),,2007,13.825543
Asia (Ember),,2008,15.577169
Asia (Ember),,2009,15.024775
Asia (Ember),,2010,15.855423
Asia (Ember),,2011,15.288542
Asia (Ember),,2012,16.926853
Asia (Ember),,2013,17.490818
Asia (Ember),,2014,18.839724
Asia (Ember),,2015,19.803074
Asia (Ember),,2016,20.398802
Asia (Ember),,2017,21.220716
Asia (Ember),,2018,21.776487
Asia (Ember),,2019,22.732319
Asia (Ember),,2020,24.192413
Asia (Ember),,2021,25.001772
Asia (Ember),,2022,26.421143
Asia (Ember),,2023,26.760294
Asia (Ember),,2024,29.02613
Asia (Ember),,2025,32.047512
Asia Pacific (EI),,1985,19.778847
Asia Pacific (EI),,1986,19.275162
Asia Pacific (EI),,1987,17.704214
Asia Pacific (EI),,1988,18.161242
Asia Pacific (EI),,1989,18.107698
Asia Pacific (EI),,1990,17.080734
Asia Pacific (EI),,1991,16.449926
Asia Pacific (EI),,1992,15.282185
Asia Pacific (EI),,1993,15.887373
Asia Pacific (EI),,1994,14.810846
Asia Pacific (EI),,1995,15.184355
Asia Pacific (EI),,1996,14.166805
Asia Pacific (EI),,1997,13.695842
Asia Pacific (EI),,1998,14.183757
Asia Pacific (EI),,1999,13.46554
Asia Pacific (EI),,2000,13.288657
Asia Pacific (EI),,2001,13.8461895
Asia Pacific (EI),,2002,13.24897
Asia Pacific (EI),,2003,12.753395
Asia Pacific (EI),,2004,13.706707
Asia Pacific (EI),,2005,13.437414
Asia Pacific (EI),,2006,13.744447
Asia Pacific (EI),,2007,13.559348
Asia Pacific (EI),,2008,15.293627
Asia Pacific (EI),,2009,14.78314
Asia Pacific (EI),,2010,15.445058
Asia Pacific (EI),,2011,15.09128
Asia Pacific (EI),,2012,16.705782
Asia Pacific (EI),,2013,17.356491
Asia Pacific (EI),,2014,18.656483
Asia Pacific (EI),,2015,19.640455
Asia Pacific (EI),,2016,20.350616
Asia Pacific (EI),,2017,21.065512
Asia Pacific (EI),,2018,21.744013
Asia Pacific (EI),,2019,22.738684
Asia Pacific (EI),,2020,24.223392
Asia Pacific (EI),,2021,24.975084
Asia Pacific (EI),,2022,26.430428
Asia Pacific (EI),,2023,26.794493
Asia Pacific (EI),,2024,29.018017
Asia Pacific (EI),,2025,32.050163
Australia,AUS,1990,9.9702215
Australia,AUS,1991,10.368503
Australia,AUS,1992,10.299597
Australia,AUS,1993,10.323703
Australia,AUS,1994,9.9148655
Australia,AUS,1995,9.407731
Australia,AUS,1996,9.408695
Australia,AUS,1997,8.989149
Australia,AUS,1998,8.488753
Australia,AUS,1999,8.457536
Australia,AUS,2000,8.089287
Australia,AUS,2001,7.696424
Australia,AUS,2002,8.031679
Australia,AUS,2003,8.258464
Australia,AUS,2004,8.454391
Australia,AUS,2005,8.979804
Australia,AUS,2006,8.882726
Australia,AUS,2007,8.343271
Australia,AUS,2008,7.7919965
Australia,AUS,2009,8.067227
Australia,AUS,2010,8.829741
Australia,AUS,2011,11.943968
Australia,AUS,2012,12.076119
Australia,AUS,2013,14.237057
Australia,AUS,2014,13.228346
Australia,AUS,2015,14.095042
Australia,AUS,2016,16.163885
Australia,AUS,2017,15.133026
Australia,AUS,2018,18.844002
Australia,AUS,2019,20.78225
Australia,AUS,2020,24.242882
Australia,AUS,2021,28.891378
Australia,AUS,2022,32.038692
Australia,AUS,2023,34.81015
Australia,AUS,2024,35.07669
Australia,AUS,2025,38.618427
Austria,AUT,1990,66.24721
Austria,AUT,1991,65.09171
Austria,AUT,1992,72.479454
Austria,AUT,1993,74.15708
Austria,AUT,1994,71.02984
Austria,AUT,1995,70.6812
Austria,AUT,1996,66.95978
Austria,AUT,1997,68.03382
Austria,AUT,1998,69.92117
Austria,AUT,1999,70.91426
Austria,AUT,2000,72.83702
Austria,AUT,2001,69.268616
Austria,AUT,2002,69.107704
Austria,AUT,2003,60.790066
Austria,AUT,2004,64.058205
Austria,AUT,2005,63.507843
Austria,AUT,2006,65.35927
Austria,AUT,2007,68.70921
Austria,AUT,2008,69.16744
Austria,AUT,2009,71.25812
Austria,AUT,2010,66.337364
Austria,AUT,2011,65.771706
Austria,AUT,2012,74.77058
Austria,AUT,2013,78.233925
Austria,AUT,2014,81.55971
Austria,AUT,2015,77.0314
Austria,AUT,2016,78.742096
Austria,AUT,2017,76.09182
Austria,AUT,2018,77.40839
Austria,AUT,2019,77.29523
Austria,AUT,2020,80.283936
Austria,AUT,2021,79.12105
Austria,AUT,2022,78.19141
Austria,AUT,2023,84.75626
Austria,AUT,2024,86.22404
Austria,AUT,2025,83.597374
Azerbaijan,AZE,1990,7.1613684
Azerbaijan,AZE,1991,7.502506
Azerbaijan,AZE,1992,8.841448
Azerbaijan,AZE,1993,12.73424
Azerbaijan,AZE,1994,10.414889
Azerbaijan,AZE,1995,9.129312
Azerbaijan,AZE,1996,8.996196
Azerbaijan,AZE,1997,10.168686
Azerbaijan,AZE,1998,10.8419
Azerbaijan,AZE,1999,8.285651
Azerbaijan,AZE,2000,8.137045
Azerbaijan,AZE,2001,6.8037977
Azerbaijan,AZE,2002,10.706638
Azerbaijan,AZE,2003,11.476953
Azerbaijan,AZE,2004,12.569061
Azerbaijan,AZE,2005,13.047285
Azerbaijan,AZE,2006,10.159119
Azerbaijan,AZE,2007,10.724106
Azerbaijan,AZE,2008,10.222016
Azerbaijan,AZE,2009,12.1485405
Azerbaijan,AZE,2010,18.264597
Azerbaijan,AZE,2011,13.073508
Azerbaijan,AZE,2012,7.8363085
Azerbaijan,AZE,2013,6.709677
Azerbaijan,AZE,2014,5.5623226
Azerbaijan,AZE,2015,6.9597073
Azerbaijan,AZE,2016,8.410462
Azerbaijan,AZE,2017,7.7621803
Azerbaijan,AZE,2018,7.75965
Azerbaijan,AZE,2019,6.89788
Azerbaijan,AZE,2020,5.126214
Azerbaijan,AZE,2021,5.469593
Azerbaijan,AZE,2022,6.357982
Azerbaijan,AZE,2023,6.531454
Azerbaijan,AZE,2024,11.745689
Azerbaijan,AZE,2025,12.139552
Bahamas,BHS,2000,0
Bahamas,BHS,2001,0
Bahamas,BHS,2002,0
Bahamas,BHS,2003,0
Bahamas,BHS,2004,0
Bahamas,BHS,2005,0
Bahamas,BHS,2006,0
Bahamas,BHS,2007,0
Bahamas,BHS,2008,0
Bahamas,BHS,2009,0
Bahamas,BHS,2010,0
Bahamas,BHS,2011,0
Bahamas,BHS,2012,0
Bahamas,BHS,2013,0
Bahamas,BHS,2014,0
Bahamas,BHS,2015,0
Bahamas,BHS,2016,0
Bahamas,BHS,2017,0
Bahamas,BHS,2018,0
Bahamas,BHS,2019,0
Bahamas,BHS,2020,0.49261084
Bahamas,BHS,2021,0.49019608
Bahamas,BHS,2022,0.9756098
Bahamas,BHS,2023,0.9049773
Bahamas,BHS,2024,0.8888889
Bahrain,BHR,2000,0
Bahrain,BHR,2001,0
Bahrain,BHR,2002,0
Bahrain,BHR,2003,0
Bahrain,BHR,2004,0
Bahrain,BHR,2005,0
Bahrain,BHR,2006,0
Bahrain,BHR,2007,0
Bahrain,BHR,2008,0
Bahrain,BHR,2009,0
Bahrain,BHR,2010,0
Bahrain,BHR,2011,0
Bahrain,BHR,2012,0
Bahrain,BHR,2013,0
Bahrain,BHR,2014,0.036683783
Bahrain,BHR,2015,0.035100035
Bahrain,BHR,2016,0.035063114
Bahrain,BHR,2017,0.034211427
Bahrain,BHR,2018,0.033840947
Bahrain,BHR,2019,0.06040471
Bahrain,BHR,2020,0.059916113
Bahrain,BHR,2021,0.117959306
Bahrain,BHR,2022,0.22421524
Bahrain,BHR,2023,0.24019216
Bahrain,BHR,2024,0.26350462
Bangladesh,BGD,1985,16.320673
Bangladesh,BGD,1986,9.374999
Bangladesh,BGD,1987,9.253625
Bangladesh,BGD,1988,10.319524
Bangladesh,BGD,1989,12.930429
Bangladesh,BGD,1990,11.433006
Bangladesh,BGD,1991,10.13301
Bangladesh,BGD,1992,8.949854
Bangladesh,BGD,1993,6.6043878
Bangladesh,BGD,1994,8.656991
Bangladesh,BGD,1995,3.442532
Bangladesh,BGD,1996,6.4406486
Bangladesh,BGD,1997,6.063417
Bangladesh,BGD,1998,6.714796
Bangladesh,BGD,1999,5.764706
Bangladesh,BGD,2000,5.8971143
Bangladesh,BGD,2001,5.6386657
Bangladesh,BGD,2002,5.5408964
Bangladesh,BGD,2003,5.5804687
Bangladesh,BGD,2004,4.8149624
Bangladesh,BGD,2005,4.7477746
Bangladesh,BGD,2006,4.608753
Bangladesh,BGD,2007,2.452404
Bangladesh,BGD,2008,2.8045573
Bangladesh,BGD,2009,1.2624228
Bangladesh,BGD,2010,2.0313263
Bangladesh,BGD,2011,2.2161918
Bangladesh,BGD,2012,1.8716578
Bangladesh,BGD,2013,2.0059993
Bangladesh,BGD,2014,1.3916146
Bangladesh,BGD,2015,1.3493
Bangladesh,BGD,2016,1.7947606
Bangladesh,BGD,2017,1.7562969
Bangladesh,BGD,2018,1.7687933
Bangladesh,BGD,2019,1.3981906
Bangladesh,BGD,2020,1.4626726
Bangladesh,BGD,2021,1.4113957
Bangladesh,BGD,2022,1.5550122
Bangladesh,BGD,2023,1.7075349
Bangladesh,BGD,2024,1.8871634
Bangladesh,BGD,2025,2.1373308
Barbados,BRB,2000,0
Barbados,BRB,2001,0
Barbados,BRB,2002,0
Barbados,BRB,2003,0
Barbados,BRB,2004,0
Barbados,BRB,2005,0
Barbados,BRB,2006,0
Barbados,BRB,2007,0
Barbados,BRB,2008,0
Barbados,BRB,2009,0
Barbados,BRB,2010,0
Barbados,BRB,2011,0
Barbados,BRB,2012,0
Barbados,BRB,2013,0
Barbados,BRB,2014,0.9708738
Barbados,BRB,2015,0.9615385
Barbados,BRB,2016,1.9047619
Barbados,BRB,2017,2.8846154
Barbados,BRB,2018,2.8846154
Barbados,BRB,2019,3.773585
Barbados,BRB,2020,6.603774
Barbados,BRB,2021,7.54717
Barbados,BRB,2022,7.339449
Barbados,BRB,2023,8.181818
Barbados,BRB,2024,9.009009
Belarus,BLR,1990,0.0505996
Belarus,BLR,1991,0.0464696
Belarus,BLR,1992,0.04521878
Belarus,BLR,1993,0.056939073
Belarus,BLR,1994,0.060515337
Belarus,BLR,1995,0.080263264
Belarus,BLR,1996,0.06743088
Belarus,BLR,1997,0.08059255
Belarus,BLR,1998,0.119189516
Belarus,BLR,1999,0.07165485
Belarus,BLR,2000,0.11494252
Belarus,BLR,2001,0.11966494
Belarus,BLR,2002,0.11337869
Belarus,BLR,2003,0.1126549
Belarus,BLR,2004,0.09615384
Belarus,BLR,2005,0.12919897
Belarus,BLR,2006,0.12574662
Belarus,BLR,2007,0.15708451
Belarus,BLR,2008,0.1997147
Belarus,BLR,2009,0.36219952
Belarus,BLR,2010,0.4011461
Belarus,BLR,2011,0.4349177
Belarus,BLR,2012,0.6815969
Belarus,BLR,2013,0.95207876
Belarus,BLR,2014,0.8347725
Belarus,BLR,2015,0.99735993
Belarus,BLR,2016,1.2809056
Belarus,BLR,2017,2.2602146
Belarus,BLR,2018,2.0774558
Belarus,BLR,2019,2.5704398
Belarus,BLR,2020,3.502854
Belarus,BLR,2021,3.0787878
Belarus,BLR,2022,3.3889186
Belarus,BLR,2023,3.2103498
Belarus,BLR,2024,3.0772588
Belarus,BLR,2025,4.8307095
Belgium,BEL,1990,0.7966994
Belgium,BEL,1991,0.7585335
Belgium,BEL,1992,0.8681042
Belgium,BEL,1993,0.7277397
Belgium,BEL,1994,0.85506034
Belgium,BEL,1995,0.9113167
Belgium,BEL,1996,0.7452755
Belgium,BEL,1997,0.7704161
Belgium,BEL,1998,0.92581314
Belgium,BEL,1999,1.0195514
Belgium,BEL,2000,1.2682691
Belgium,BEL,2001,1.3735217
Belgium,BEL,2002,1.4084506
Belgium,BEL,2003,1.435922
Belgium,BEL,2004,1.8091906
Belgium,BEL,2005,2.5005925
Belgium,BEL,2006,3.551716
Belgium,BEL,2007,4.020274
Belgium,BEL,2008,5.3214545
Belgium,BEL,2009,6.060606
Belgium,BEL,2010,7.061479
Belgium,BEL,2011,9.363799
Belgium,BEL,2012,12.894123
Belgium,BEL,2013,14.301404
Belgium,BEL,2014,17.148878
Belgium,BEL,2015,21.101854
Belgium,BEL,2016,16.90191
Belgium,BEL,2017,18.51418
Belgium,BEL,2018,23.229998
Belgium,BEL,2019,20.983925
Belgium,BEL,2020,26.5602
Belgium,BEL,2021,22.887323
Belgium,BEL,2022,25.898441
Belgium,BEL,2023,33.4348
Belgium,BEL,2024,35.232204
Belgium,BEL,2025,38.935383
Belize,BLZ,2000,69.230774
Belize,BLZ,2001,69.230774
Belize,BLZ,2002,64.28571
Belize,BLZ,2003,37.5
Belize,BLZ,2004,42.857143
Belize,BLZ,2005,43.75
Belize,BLZ,2006,85.714294
Belize,BLZ,2007,81.818184
Belize,BLZ,2008,95.2381
Belize,BLZ,2009,79.166664
Belize,BLZ,2010,88.095245
Belize,BLZ,2011,93.93939
Belize,BLZ,2012,92.10526
Belize,BLZ,2013,94.59459
Belize,BLZ,2014,91.666664
Belize,BLZ,2015,91.666664
Belize,BLZ,2016,94.73685
Belize,BLZ,2017,95
Belize,BLZ,2018,92.68293
Belize,BLZ,2019,86.53846
Belize,BLZ,2020,88.63636
Belize,BLZ,2021,86.11111
Belize,BLZ,2022,87.23404
Belize,BLZ,2023,88.88889
Belize,BLZ,2024,87.23404
Benin,BEN,2000,0
Benin,BEN,2001,0
Benin,BEN,2002,0
Benin,BEN,2003,0
Benin,BEN,2004,0
Benin,BEN,2005,0
Benin,BEN,2006,0
Benin,BEN,2007,0
Benin,BEN,2008,0
Benin,BEN,2009,0
Benin,BEN,2010,0
Benin,BEN,2011,0
Benin,BEN,2012,0
Benin,BEN,2013,0
Benin,BEN,2014,0
Benin,BEN,2015,0
Benin,BEN,2016,0
Benin,BEN,2017,0
Benin,BEN,2018,0
Benin,BEN,2019,1.8518517
Benin,BEN,2020,1.010101
Benin,BEN,2021,1.7699115
Benin,BEN,2022,2.020202
Benin,BEN,2023,3
Benin,BEN,2024,3.960396
Bermuda,BMU,2000,1.6666665
Bermuda,BMU,2001,1.6393442
Bermuda,BMU,2002,1.5625
Bermuda,BMU,2003,1.5151514
Bermuda,BMU,2004,1.5151514
Bermuda,BMU,2005,1.4492754
Bermuda,BMU,2006,1.4084507
Bermuda,BMU,2007,1.3698629
Bermuda,BMU,2008,1.3888888
Bermuda,BMU,2009,1.3513513
Bermuda,BMU,2010,1.3513513
Bermuda,BMU,2011,1.3698629
Bermuda,BMU,2012,1.4285715
Bermuda,BMU,2013,1.4705882
Bermuda,BMU,2014,1.5151514
Bermuda,BMU,2015,1.4925373
Bermuda,BMU,2016,1.5151514
Bermuda,BMU,2017,1.4925373
Bermuda,BMU,2018,1.5625
Bermuda,BMU,2019,1.6393442
Bermuda,BMU,2020,1.6949153
Bermuda,BMU,2021,1.6949153
Bermuda,BMU,2022,1.5873016
Bermuda,BMU,2023,1.5625
Bermuda,BMU,2024,1.6393442
Bhutan,BTN,2000,100
Bhutan,BTN,2001,100
Bhutan,BTN,2002,100
Bhutan,BTN,2003,100
Bhutan,BTN,2004,100
Bhutan,BTN,2005,100
Bhutan,BTN,2006,100
Bhutan,BTN,2007,100
Bhutan,BTN,2008,100
Bhutan,BTN,2009,100
Bhutan,BTN,2010,100
Bhutan,BTN,2011,100
Bhutan,BTN,2012,100
Bhutan,BTN,2013,100
Bhutan,BTN,2014,100
Bhutan,BTN,2015,100
Bhutan,BTN,2016,100
Bhutan,BTN,2017,100
Bhutan,BTN,2018,100
Bhutan,BTN,2019,100
Bhutan,BTN,2020,100
Bhutan,BTN,2021,100
Bhutan,BTN,2022,100
Bhutan,BTN,2023,100
Bhutan,BTN,2024,100
Bolivia,BOL,2000,51.54639
Bolivia,BOL,2001,54.545456
Bolivia,BOL,2002,53.60577
Bolivia,BOL,2003,46.65127
Bolivia,BOL,2004,48.344368
Bolivia,BOL,2005,40.899796
Bolivia,BOL,2006,43.600002
Bolivia,BOL,2007,43.19853
Bolivia,BOL,2008,39.695942
Bolivia,BOL,2009,37.84219
Bolivia,BOL,2010,33.68421
Bolivia,BOL,2011,33.99154
Bolivia,BOL,2012,32.523617
Bolivia,BOL,2013,33.80282
Bolivia,BOL,2014,28.6747
Bolivia,BOL,2015,29.444445
Bolivia,BOL,2016,20.752687
Bolivia,BOL,2017,25.130344
Bolivia,BOL,2018,29.581675
Bolivia,BOL,2019,36.162006
Bolivia,BOL,2020,35.63778
Bolivia,BOL,2021,38.45446
Bolivia,BOL,2022,35.732647
Bolivia,BOL,2023,33.30677
Bolivia,BOL,2024,33.99852
Bolivia,BOL,2025,36.096844
Bosnia and Herzegovina,BIH,2000,48.801533
Bosnia and Herzegovina,BIH,2001,48.730007
Bosnia and Herzegovina,BIH,2002,48.84152
Bosnia and Herzegovina,BIH,2003,39.929012
Bosnia and Herzegovina,BIH,2004,46.97565
Bosnia and Herzegovina,BIH,2005,47.619045
Bosnia and Herzegovina,BIH,2006,43.942814
Bosnia and Herzegovina,BIH,2007,33.870968
Bosnia and Herzegovina,BIH,2008,33.197
Bosnia and Herzegovina,BIH,2009,40.310078
Bosnia and Herzegovina,BIH,2010,47.430595
Bosnia and Herzegovina,BIH,2011,29.130722
Bosnia and Herzegovina,BIH,2012,30.050688
Bosnia and Herzegovina,BIH,2013,41.971012
Bosnia and Herzegovina,BIH,2014,34.879623
Bosnia and Herzegovina,BIH,2015,33.77967
Bosnia and Herzegovina,BIH,2016,31.677021
Bosnia and Herzegovina,BIH,2017,23.522167
Bosnia and Herzegovina,BIH,2018,34.347145
Bosnia and Herzegovina,BIH,2019,36.681973
Bosnia and Herzegovina,BIH,2020,29.184036
Bosnia and Herzegovina,BIH,2021,39.00054
Bosnia and Herzegovina,BIH,2022,32.048927
Bosnia and Herzegovina,BIH,2023,43.07334
Bosnia and Herzegovina,BIH,2024,40.348614
Bosnia and Herzegovina,BIH,2025,43.55956
Botswana,BWA,2000,0
Botswana,BWA,2001,0
Botswana,BWA,2002,0
Botswana,BWA,2003,0
Botswana,BWA,2004,0
Botswana,BWA,2005,0
Botswana,BWA,2006,0
Botswana,BWA,2007,0
Botswana,BWA,2008,0
Botswana,BWA,2009,0
Botswana,BWA,2010,0
Botswana,BWA,2011,0
Botswana,BWA,2012,0
Botswana,BWA,2013,0
Botswana,BWA,2014,0
Botswana,BWA,2015,0
Botswana,BWA,2016,0
Botswana,BWA,2017,0
Botswana,BWA,2018,0.32154343
Botswana,BWA,2019,0.39840636
Botswana,BWA,2020,0.45871556
Botswana,BWA,2021,0.4016064
Botswana,BWA,2022,0.390625
Botswana,BWA,2023,0.30959752
Botswana,BWA,2024,0.29154518
Brazil,BRA,1990,94.500916
Brazil,BRA,1991,94.6263
Brazil,BRA,1992,94.4203
Brazil,BRA,1993,95.25633
Brazil,BRA,1994,95.4056
Brazil,BRA,1995,94.15729
Brazil,BRA,1996,93.56041
Brazil,BRA,1997,92.978355
Brazil,BRA,1998,92.92329
Brazil,BRA,1999,90.03717
Brazil,BRA,2000,89.49073
Brazil,BRA,2001,84.28854
Brazil,BRA,2002,85.73991
Brazil,BRA,2003,87.16485
Brazil,BRA,2004,86.035774
Brazil,BRA,2005,87.128784
Brazil,BRA,2006,86.75408
Brazil,BRA,2007,88.22644
Brazil,BRA,2008,84.31496
Brazil,BRA,2009,89.046906
Brazil,BRA,2010,84.80225
Brazil,BRA,2011,87.19347
Brazil,BRA,2012,82.5629
Brazil,BRA,2013,76.824974
Brazil,BRA,2014,73.279144
Brazil,BRA,2015,74.2077
Brazil,BRA,2016,80.46779
Brazil,BRA,2017,79.24727
Brazil,BRA,2018,82.35754
Brazil,BRA,2019,81.38569
Brazil,BRA,2020,83.16686
Brazil,BRA,2021,77.372025
Brazil,BRA,2022,87.70306
Brazil,BRA,2023,88.994804
Brazil,BRA,2024,87.33305
Brazil,BRA,2025,86.60146
British Virgin Islands,VGB,2000,0
British Virgin Islands,VGB,2001,0
British Virgin Islands,VGB,2002,0
British Virgin Islands,VGB,2003,0
British Virgin Islands,VGB,2004,0
British Virgin Islands,VGB,2005,0
British Virgin Islands,VGB,2006,0
British Virgin Islands,VGB,2007,0
British Virgin Islands,VGB,2008,0
British Virgin Islands,VGB,2009,0
British Virgin Islands,VGB,2010,0
British Virgin Islands,VGB,2011,0
British Virgin Islands,VGB,2012,0
British Virgin Islands,VGB,2013,0
British Virgin Islands,VGB,2014,0
British Virgin Islands,VGB,2015,0
British Virgin Islands,VGB,2016,0
British Virgin Islands,VGB,2017,0
British Virgin Islands,VGB,2018,0
British Virgin Islands,VGB,2019,0
British Virgin Islands,VGB,2020,0
British Virgin Islands,VGB,2021,0
British Virgin Islands,VGB,2022,0
British Virgin Islands,VGB,2023,0
Brunei,BRN,2000,0
Brunei,BRN,2001,0
Brunei,BRN,2002,0
Brunei,BRN,2003,0
Brunei,BRN,2004,0
Brunei,BRN,2005,0
Brunei,BRN,2006,0
Brunei,BRN,2007,0
Brunei,BRN,2008,0
Brunei,BRN,2009,0
Brunei,BRN,2010,0
Brunei,BRN,2011,0
Brunei,BRN,2012,0
Brunei,BRN,2013,0
Brunei,BRN,2014,0
Brunei,BRN,2015,0
Brunei,BRN,2016,0
Brunei,BRN,2017,0
Brunei,BRN,2018,0
Brunei,BRN,2019,0
Brunei,BRN,2020,0
Brunei,BRN,2021,0
Brunei,BRN,2022,0
Brunei,BRN,2023,0
Brunei,BRN,2024,0.1798561
Bulgaria,BGR,1990,3.8902147
Bulgaria,BGR,1991,5.5787663
Bulgaria,BGR,1992,5.361174
Bulgaria,BGR,1993,4.730444
Bulgaria,BGR,1994,3.422854
Bulgaria,BGR,1995,5.210084
Bulgaria,BGR,1996,6.771322
Bulgaria,BGR,1997,6.387975
Bulgaria,BGR,1998,7.4118786
Bulgaria,BGR,1999,7.197469
Bulgaria,BGR,2000,6.479429
Bulgaria,BGR,2001,3.7983427
Bulgaria,BGR,2002,5.0380225
Bulgaria,BGR,2003,7.071902
Bulgaria,BGR,2004,7.5918765
Bulgaria,BGR,2005,9.797221
Bulgaria,BGR,2006,9.308979
Bulgaria,BGR,2007,6.7258296
Bulgaria,BGR,2008,6.5857496
Bulgaria,BGR,2009,8.697707
Bulgaria,BGR,2010,12.540823
Bulgaria,BGR,2011,7.786229
Bulgaria,BGR,2012,11.300043
Bulgaria,BGR,2013,16.062296
Bulgaria,BGR,2014,15.750214
Bulgaria,BGR,2015,17.963457
Bulgaria,BGR,2016,15.8095665
Bulgaria,BGR,2017,13.67083
Bulgaria,BGR,2018,20.167707
Bulgaria,BGR,2019,17.131746
Bulgaria,BGR,2020,18.609865
Bulgaria,BGR,2021,21.83397
Bulgaria,BGR,2022,19.152746
Bulgaria,BGR,2023,25.07485
Bulgaria,BGR,2024,29.92167
Bulgaria,BGR,2025,32.797684
Burkina Faso,BFA,2000,25.641027
Burkina Faso,BFA,2001,13.888888
Burkina Faso,BFA,2002,16.666666
Burkina Faso,BFA,2003,22.222223
Burkina Faso,BFA,2004,21.276596
Burkina Faso,BFA,2005,19.23077
Burkina Faso,BFA,2006,14.545454
Burkina Faso,BFA,2007,18.032785
Burkina Faso,BFA,2008,21.311474
Burkina Faso,BFA,2009,18.571428
Burkina Faso,BFA,2010,22.413794
Burkina Faso,BFA,2011,16.666666
Burkina Faso,BFA,2012,17.1875
Burkina Faso,BFA,2013,16
Burkina Faso,BFA,2014,11.363637
Burkina Faso,BFA,2015,9.9009905
Burkina Faso,BFA,2016,16.161615
Burkina Faso,BFA,2017,14.285714
Burkina Faso,BFA,2018,14.438503
Burkina Faso,BFA,2019,16.25
Burkina Faso,BFA,2020,18.867926
Burkina Faso,BFA,2021,18.128654
Burkina Faso,BFA,2022,15.384614
Burkina Faso,BFA,2023,15.976332
Burkina Faso,BFA,2024,17.159761
Burundi,BDI,2000,100
Burundi,BDI,2001,100
Burundi,BDI,2002,100
Burundi,BDI,2003,100
Burundi,BDI,2004,100
Burundi,BDI,2005,100
Burundi,BDI,2006,100
Burundi,BDI,2007,100
Burundi,BDI,2008,100
Burundi,BDI,2009,100
Burundi,BDI,2010,87.5
Burundi,BDI,2011,93.33333
Burundi,BDI,2012,100
Burundi,BDI,2013,88.2353
Burundi,BDI,2014,83.333336
Burundi,BDI,2015,83.333336
Burundi,BDI,2016,88.888885
Burundi,BDI,2017,75
Burundi,BDI,2018,71.42857
Burundi,BDI,2019,69.230774
Burundi,BDI,2020,75.675674
Burundi,BDI,2021,69.230774
Burundi,BDI,2022,69.230774
Burundi,BDI,2023,76
Burundi,BDI,2024,75.5102
CIS (EI),,1990,15.495409
CIS (EI),,1991,15.746245
CIS (EI),,1992,17.071503
CIS (EI),,1993,18.61876
CIS (EI),,1994,20.67141
CIS (EI),,1995,20.628012
CIS (EI),,1996,19.002089
CIS (EI),,1997,19.302008
CIS (EI),,1998,19.579603
CIS (EI),,1999,19.651249
CIS (EI),,2000,19.456133
CIS (EI),,2001,19.964052
CIS (EI),,2002,18.980076
CIS (EI),,2003,18.24276
CIS (EI),,2004,19.555311
CIS (EI),,2005,18.972034
CIS (EI),,2006,18.141272
CIS (EI),,2007,18.13138
CIS (EI),,2008,16.240637
CIS (EI),,2009,17.850344
CIS (EI),,2010,16.937052
CIS (EI),,2011,16.309769
CIS (EI),,2012,16.059649
CIS (EI),,2013,17.384272
CIS (EI),,2014,16.606245
CIS (EI),,2015,16.171944
CIS (EI),,2016,17.357204
CIS (EI),,2017,17.532173
CIS (EI),,2018,17.426546
CIS (EI),,2019,17.686623
CIS (EI),,2020,19.273249
CIS (EI),,2021,18.465057
CIS (EI),,2022,17.404827
CIS (EI),,2023,17.70721
CIS (EI),,2024,18.598232
CIS (EI),,2025,18.404299
Cambodia,KHM,2000,6.25
Cambodia,KHM,2001,5.769231
Cambodia,KHM,2002,7.017544
Cambodia,KHM,2003,6.25
Cambodia,KHM,2004,4.054054
Cambodia,KHM,2005,4.5454545
Cambodia,KHM,2006,4.6296296
Cambodia,KHM,2007,3.7313433
Cambodia,KHM,2008,3.3783784
Cambodia,KHM,2009,4.8387094
Cambodia,KHM,2010,4.123711
Cambodia,KHM,2011,5.882353
Cambodia,KHM,2012,37.062935
Cambodia,KHM,2013,57.86517
Cambodia,KHM,2014,61.11111
Cambodia,KHM,2015,48.997776
Cambodia,KHM,2016,47.627735
Cambodia,KHM,2017,41.77979
Cambodia,KHM,2018,58.924206
Cambodia,KHM,2019,48.558247
Cambodia,KHM,2020,55.186172
Cambodia,KHM,2021,58.702366
Cambodia,KHM,2022,65.44554
Cambodia,KHM,2023,42.13235
Cambodia,KHM,2024,35.658916
Cambodia,KHM,2025,40.87838
Cameroon,CMR,2000,98.84058
Cameroon,CMR,2001,98.0057
Cameroon,CMR,2002,96.33028
Cameroon,CMR,2003,95.61644
Cameroon,CMR,2004,95.331696
Cameroon,CMR,2005,94.19192
Cameroon,CMR,2006,88.735176
Cameroon,CMR,2007,74.66411
Cameroon,CMR,2008,75.70922
Cameroon,CMR,2009,70.557495
Cameroon,CMR,2010,73.037544
Cameroon,CMR,2011,74.99999
Cameroon,CMR,2012,78.6372
Cameroon,CMR,2013,69.40063
Cameroon,CMR,2014,64.005806
Cameroon,CMR,2015,54.899494
Cameroon,CMR,2016,61.603374
Cameroon,CMR,2017,63.354034
Cameroon,CMR,2018,58.8993
Cameroon,CMR,2019,61.473434
Cameroon,CMR,2020,60.113636
Cameroon,CMR,2021,62.90131
Cameroon,CMR,2022,64.907974
Cameroon,CMR,2023,73.2687
Cameroon,CMR,2024,73.140495
Canada,CAN,1990,62.347786
Canada,CAN,1991,61.393505
Canada,CAN,1992,61.64369
Canada,CAN,1993,61.68844
Canada,CAN,1994,60.328487
Canada,CAN,1995,61.172176
Canada,CAN,1996,63.361584
Canada,CAN,1997,62.360817
Canada,CAN,1998,60.486572
Canada,CAN,1999,61.290302
Canada,CAN,2000,60.607464
Canada,CAN,2001,58.108753
Canada,CAN,2002,59.97933
Canada,CAN,2003,58.862423
Canada,CAN,2004,58.33751
Canada,CAN,2005,60.066074
Canada,CAN,2006,59.878708
Canada,CAN,2007,59.86376
Canada,CAN,2008,61.296467
Canada,CAN,2009,62.615864
Canada,CAN,2010,61.062878
Canada,CAN,2011,62.150814
Canada,CAN,2012,63.369152
Canada,CAN,2013,63.36531
Canada,CAN,2014,62.36734
Canada,CAN,2015,63.84099
Canada,CAN,2016,64.56463
Canada,CAN,2017,65.81908
Canada,CAN,2018,65.545975
Canada,CAN,2019,65.382034
Canada,CAN,2020,66.59501
Canada,CAN,2021,66.736664
Canada,CAN,2022,68.134865
Canada,CAN,2023,65.397026
Canada,CAN,2024,64.27237
Canada,CAN,2025,63.900127
Cape Verde,CPV,2000,6.666666
Cape Verde,CPV,2001,5.882353
Cape Verde,CPV,2002,5.263158
Cape Verde,CPV,2003,0
Cape Verde,CPV,2004,4.5454545
Cape Verde,CPV,2005,4.1666665
Cape Verde,CPV,2006,4
Cape Verde,CPV,2007,3.7037034
Cape Verde,CPV,2008,3.4482758
Cape Verde,CPV,2009,3.2258062
Cape Verde,CPV,2010,0
Cape Verde,CPV,2011,8.108108
Cape Verde,CPV,2012,18.421053
Cape Verde,CPV,2013,21.951221
Cape Verde,CPV,2014,20.930233
Cape Verde,CPV,2015,20.930233
Cape Verde,CPV,2016,20.000002
Cape Verde,CPV,2017,18.60465
Cape Verde,CPV,2018,20.930233
Cape Verde,CPV,2019,18.181818
Cape Verde,CPV,2020,16.666668
Cape Verde,CPV,2021,18.60465
Cape Verde,CPV,2022,28
Cape Verde,CPV,2023,28
Cape Verde,CPV,2024,30.769232
Cayman Islands,CYM,2000,0
Cayman Islands,CYM,2001,0
Cayman Islands,CYM,2002,0
Cayman Islands,CYM,2003,0
Cayman Islands,CYM,2004,0
Cayman Islands,CYM,2005,0
Cayman Islands,CYM,2006,0
Cayman Islands,CYM,2007,0
Cayman Islands,CYM,2008,0
Cayman Islands,CYM,2009,0
Cayman Islands,CYM,2010,0
Cayman Islands,CYM,2011,0
Cayman Islands,CYM,2012,0
Cayman Islands,CYM,2013,0
Cayman Islands,CYM,2014,0
Cayman Islands,CYM,2015,0
Cayman Islands,CYM,2016,0
Cayman Islands,CYM,2017,1.4705882
Cayman Islands,CYM,2018,1.4925373
Cayman Islands,CYM,2019,2.7777777
Cayman Islands,CYM,2020,2.8985507
Cayman Islands,CYM,2021,2.857143
Cayman Islands,CYM,2022,2.857143
Cayman Islands,CYM,2023,2.857143
Cayman Islands,CYM,2024,4.2253523
Central African Republic,CAF,2000,80
Central African Republic,CAF,2001,72.72727
Central African Republic,CAF,2002,72.72727
Central African Republic,CAF,2003,72.72727
Central African Republic,CAF,2004,79.99999
Central African Republic,CAF,2005,81.25
Central African Republic,CAF,2006,82.35294
Central African Republic,CAF,2007,87.5
Central African Republic,CAF,2008,87.5
Central African Republic,CAF,2009,87.5
Central African Republic,CAF,2010,81.25
Central African Republic,CAF,2011,83.333336
Central African Republic,CAF,2012,83.333336
Central African Republic,CAF,2013,100
Central African Republic,CAF,2014,100
Central African Republic,CAF,2015,100
Central African Republic,CAF,2016,100
Central African Republic,CAF,2017,100
Central African Republic,CAF,2018,100
Central African Republic,CAF,2019,100
Central African Republic,CAF,2020,100
Central African Republic,CAF,2021,100
Central African Republic,CAF,2022,100
Central African Republic,CAF,2023,100
Chad,TCD,2000,0
Chad,TCD,2001,0
Chad,TCD,2002,0
Chad,TCD,2003,0
Chad,TCD,2004,0
Chad,TCD,2005,0
Chad,TCD,2006,0
Chad,TCD,2007,0
Chad,TCD,2008,0
Chad,TCD,2009,0
Chad,TCD,2010,0
Chad,TCD,2011,0
Chad,TCD,2012,4.1666665
Chad,TCD,2013,3.5714285
Chad,TCD,2014,3.333333
Chad,TCD,2015,3.333333
Chad,TCD,2016,6.4516125
Chad,TCD,2017,6.25
Chad,TCD,2018,5.882353
Chad,TCD,2019,5.714286
Chad,TCD,2020,5.714286
Chad,TCD,2021,4.6511626
Chad,TCD,2022,5.1282053
Chad,TCD,2023,5.5555553
Chad,TCD,2024,5.405405
Chile,CHL,1990,53.834263
Chile,CHL,1991,70.97458
Chile,CHL,1992,82.69866
Chile,CHL,1993,78.98772
Chile,CHL,1994,74.26599
Chile,CHL,1995,72.40424
Chile,CHL,1996,60.444508
Chile,CHL,1997,62.13549
Chile,CHL,1998,48.170883
Chile,CHL,1999,39.149124
Chile,CHL,2000,49.82977
Chile,CHL,2001,54.040646
Chile,CHL,2002,55.2256
Chile,CHL,2003,49.924942
Chile,CHL,2004,46.666664
Chile,CHL,2005,53.6576
Chile,CHL,2006,55.014534
Chile,CHL,2007,43.943035
Chile,CHL,2008,45.526405
Chile,CHL,2009,48.68312
Chile,CHL,2010,40.19917
Chile,CHL,2011,39.527798
Chile,CHL,2012,36.280006
Chile,CHL,2013,35.694675
Chile,CHL,2014,42.83882
Chile,CHL,2015,43.198505
Chile,CHL,2016,42.889763
Chile,CHL,2017,43.54491
Chile,CHL,2018,45.865948
Chile,CHL,2019,46.213383
Chile,CHL,2020,48.444607
Chile,CHL,2021,48.887627
Chile,CHL,2022,55.327328
Chile,CHL,2023,63.140198
Chile,CHL,2024,70.04062
Chile,CHL,2025,66.37289
China,CHN,1985,22.495691
China,CHN,1986,21.032778
China,CHN,1987,20.114803
China,CHN,1988,20.023113
China,CHN,1989,20.247427
China,CHN,1990,20.414036
China,CHN,1991,18.413998
China,CHN,1992,17.366554
China,CHN,1993,18.750757
China,CHN,1994,18.137293
China,CHN,1995,19.286135
China,CHN,1996,17.534836
China,CHN,1997,17.516706
China,CHN,1998,17.287024
China,CHN,1999,16.105118
China,CHN,2000,16.639126
China,CHN,2001,18.958124
China,CHN,2002,17.618395
China,CHN,2003,15.036272
China,CHN,2004,16.22241
China,CHN,2005,16.173119
China,CHN,2006,15.588404
China,CHN,2007,15.258385
China,CHN,2008,19.025333
China,CHN,2009,17.885717
China,CHN,2010,18.69147
China,CHN,2011,16.812574
China,CHN,2012,20.041142
China,CHN,2013,20.129684
China,CHN,2014,22.249393
China,CHN,2015,23.968369
China,CHN,2016,24.8288
China,CHN,2017,25.241505
China,CHN,2018,25.611975
China,CHN,2019,26.849586
China,CHN,2020,28.08832
China,CHN,2021,28.69376
China,CHN,2022,30.181347
China,CHN,2023,30.605776
China,CHN,2024,33.695553
China,CHN,2025,37.043716
Colombia,COL,1990,72.60907
Colombia,COL,1991,69.77226
Colombia,COL,1992,61.782764
Colombia,COL,1993,67.74924
Colombia,COL,1994,72.18858
Colombia,COL,1995,68.37411
Colombia,COL,1996,73.97725
Colombia,COL,1997,64.037476
Colombia,COL,1998,62.27472
Colombia,COL,1999,71.497345
Colombia,COL,2000,75.35622
Colombia,COL,2001,74.153915
Colombia,COL,2002,76.336395
Colombia,COL,2003,78.614716
Colombia,COL,2004,81.51226
Colombia,COL,2005,80.01602
Colombia,COL,2006,80.4462
Colombia,COL,2007,81.38346
Colombia,COL,2008,83.886086
Colombia,COL,2009,72.687225
Colombia,COL,2010,70.51304
Colombia,COL,2011,81.750404
Colombia,COL,2012,77.894066
Colombia,COL,2013,69.21507
Colombia,COL,2014,69.088844
Colombia,COL,2015,63.344875
Colombia,COL,2016,65.61639
Colombia,COL,2017,79.10029
Colombia,COL,2018,76.332954
Colombia,COL,2019,69.48464
Colombia,COL,2020,65.32476
Colombia,COL,2021,75.07113
Colombia,COL,2022,74.35433
Colombia,COL,2023,66.99007
Colombia,COL,2024,61.34171
Colombia,COL,2025,77.02523
Comoros,COM,2000,0
Comoros,COM,2001,0
Comoros,COM,2002,0
Comoros,COM,2003,0
Comoros,COM,2004,0
Comoros,COM,2005,0
Comoros,COM,2006,0
Comoros,COM,2007,0
Comoros,COM,2008,0
Comoros,COM,2009,0
Comoros,COM,2010,0
Comoros,COM,2011,0
Comoros,COM,2012,0
Comoros,COM,2013,0
Comoros,COM,2014,0
Comoros,COM,2015,0
Comoros,COM,2016,0
Comoros,COM,2017,0
Comoros,COM,2018,0
Comoros,COM,2019,0
Comoros,COM,2020,0
Comoros,COM,2021,0
Comoros,COM,2022,0
Comoros,COM,2023,0
Congo,COG,2000,100
Congo,COG,2001,100
Congo,COG,2002,100
Congo,COG,2003,85
Congo,COG,2004,82.5
Congo,COG,2005,81.39535
Congo,COG,2006,82.22223
Congo,COG,2007,82.5
Congo,COG,2008,80.434784
Congo,COG,2009,61.11111
Congo,COG,2010,56.790123
Congo,COG,2011,61.832066
Congo,COG,2012,58.72093
Congo,COG,2013,57.225433
Congo,COG,2014,55.11364
Congo,COG,2015,40.14337
Congo,COG,2016,38.72054
Congo,COG,2017,40.939598
Congo,COG,2018,35.064938
Congo,COG,2019,27.763496
Congo,COG,2020,26.932669
Congo,COG,2021,26.277372
Congo,COG,2022,21.818184
Congo,COG,2023,23.507462
Congo,COG,2024,20.87912
Cook Islands,COK,2000,0
Cook Islands,COK,2001,0
Cook Islands,COK,2002,0
Cook Islands,COK,2003,0
Cook Islands,COK,2004,0
Cook Islands,COK,2005,0
Cook Islands,COK,2006,0
Cook Islands,COK,2007,0
Cook Islands,COK,2008,0
Cook Islands,COK,2009,0
Cook Islands,COK,2010,0
Cook Islands,COK,2011,0
Cook Islands,COK,2012,0
Cook Islands,COK,2013,0
Cook Islands,COK,2014,0
Cook Islands,COK,2015,0
Cook Islands,COK,2016,0
Cook Islands,COK,2017,25
Cook Islands,COK,2018,40
Cook Islands,COK,2019,25
Cook Islands,COK,2020,25
Cook Islands,COK,2021,50
Cook Islands,COK,2022,50
Cook Islands,COK,2023,50
Cook Islands,COK,2024,50
Costa Rica,CRI,2000,99.12537
Costa Rica,CRI,2001,98.55073
Costa Rica,CRI,2002,98.38275
Costa Rica,CRI,2003,97.80821
Costa Rica,CRI,2004,99.1228
Costa Rica,CRI,2005,96.7033
Costa Rica,CRI,2006,93.85151
Costa Rica,CRI,2007,91.98219
Costa Rica,CRI,2008,92.76596
Costa Rica,CRI,2009,95.129875
Costa Rica,CRI,2010,93.27024
Costa Rica,CRI,2011,91.17949
Costa Rica,CRI,2012,91.790306
Costa Rica,CRI,2013,88.22375
Costa Rica,CRI,2014,89.77384
Costa Rica,CRI,2015,98.97864
Costa Rica,CRI,2016,98.250465
Costa Rica,CRI,2017,99.64539
Costa Rica,CRI,2018,98.6014
Costa Rica,CRI,2019,99.12434
Costa Rica,CRI,2020,99.829346
Costa Rica,CRI,2021,100
Costa Rica,CRI,2022,100
Costa Rica,CRI,2023,99.91467
Costa Rica,CRI,2024,99.90909
Costa Rica,CRI,2025,100
Cote d'Ivoire,CIV,2000,36.458332
Cote d'Ivoire,CIV,2001,36.475407
Cote d'Ivoire,CIV,2002,32.32514
Cote d'Ivoire,CIV,2003,35.62992
Cote d'Ivoire,CIV,2004,33.454548
Cote d'Ivoire,CIV,2005,26.984127
Cote d'Ivoire,CIV,2006,28.368795
Cote d'Ivoire,CIV,2007,33.80783
Cote d'Ivoire,CIV,2008,34.542316
Cote d'Ivoire,CIV,2009,37.264957
Cote d'Ivoire,CIV,2010,28.067226
Cote d'Ivoire,CIV,2011,29.934212
Cote d'Ivoire,CIV,2012,26.285715
Cote d'Ivoire,CIV,2013,21.756226
Cote d'Ivoire,CIV,2014,23.70012
Cote d'Ivoire,CIV,2015,16.551725
Cote d'Ivoire,CIV,2016,16.422287
Cote d'Ivoire,CIV,2017,21.24506
Cote d'Ivoire,CIV,2018,29.880478
Cote d'Ivoire,CIV,2019,33.11445
Cote d'Ivoire,CIV,2020,30.550621
Cote d'Ivoire,CIV,2021,23.876652
Cote d'Ivoire,CIV,2022,27.35924
Cote d'Ivoire,CIV,2023,30.14572
Cote d'Ivoire,CIV,2024,28.91566
Croatia,HRV,1990,44.6084
Croatia,HRV,1991,64.56876
Croatia,HRV,1992,48.98877
Croatia,HRV,1993,47.903564
Croatia,HRV,1994,62.242565
Croatia,HRV,1995,61.58009
Croatia,HRV,1996,70.64632
Croatia,HRV,1997,57.29677
Croatia,HRV,1998,52.709793
Croatia,HRV,1999,56.635803
Croatia,HRV,2000,57.53791
Croatia,HRV,2001,56.313725
Croatia,HRV,2002,46.099293
Croatia,HRV,2003,41.48936
Croatia,HRV,2004,55.010815
Croatia,HRV,2005,54.099617
Croatia,HRV,2006,51.51046
Croatia,HRV,2007,37.79904
Croatia,HRV,2008,45.696404
Croatia,HRV,2009,56.02996
Croatia,HRV,2010,62.880325
Croatia,HRV,2011,47.016922
Croatia,HRV,2012,49.763485
Croatia,HRV,2013,66.57102
Croatia,HRV,2014,74.0134
Croatia,HRV,2015,66.903915
Croatia,HRV,2016,66.349205
Croatia,HRV,2017,60.492775
Croatia,HRV,2018,72.33727
Croatia,HRV,2019,66.00791
Croatia,HRV,2020,64.625854
Croatia,HRV,2021,69.68895
Croatia,HRV,2022,63.475174
Croatia,HRV,2023,70.126144
Croatia,HRV,2024,73.44669
Croatia,HRV,2025,76.25851
Cuba,CUB,2000,6.8529606
Cuba,CUB,2001,6.535948
Cuba,CUB,2002,6.6284256
Cuba,CUB,2003,5.376344
Cuba,CUB,2004,5.6265984
Cuba,CUB,2005,3.1921823
Cuba,CUB,2006,3.0358229
Cuba,CUB,2007,3.0096533
Cuba,CUB,2008,3.959276
Cuba,CUB,2009,3.891709
Cuba,CUB,2010,3.2758622
Cuba,CUB,2011,3.2112675
Cuba,CUB,2012,3.7438958
Cuba,CUB,2013,4.8831167
Cuba,CUB,2014,4.3746786
Cuba,CUB,2015,4.4139285
Cuba,CUB,2016,4.428224
Cuba,CUB,2017,3.8891592
Cuba,CUB,2018,3.4615388
Cuba,CUB,2019,4.2995167
Cuba,CUB,2020,4.7293744
Cuba,CUB,2021,4.4307346
Cuba,CUB,2022,4.2811503
Cuba,CUB,2023,3.6474166
Cuba,CUB,2024,4.0144105
Cyprus,CYP,1990,0
Cyprus,CYP,1991,0
Cyprus,CYP,1992,0
Cyprus,CYP,1993,0
Cyprus,CYP,1994,0
Cyprus,CYP,1995,0
Cyprus,CYP,1996,0
Cyprus,CYP,1997,0
Cyprus,CYP,1998,0
Cyprus,CYP,1999,0
Cyprus,CYP,2000,0
Cyprus,CYP,2001,0
Cyprus,CYP,2002,0
Cyprus,CYP,2003,0
Cyprus,CYP,2004,0
Cyprus,CYP,2005,0
Cyprus,CYP,2006,0
Cyprus,CYP,2007,0
Cyprus,CYP,2008,0.19723865
Cyprus,CYP,2009,0.57581574
Cyprus,CYP,2010,1.500938
Cyprus,CYP,2011,3.4552846
Cyprus,CYP,2012,5.508475
Cyprus,CYP,2013,7.692308
Cyprus,CYP,2014,7.142857
Cyprus,CYP,2015,8.810573
Cyprus,CYP,2016,8.793456
Cyprus,CYP,2017,8.6
Cyprus,CYP,2018,9.486166
Cyprus,CYP,2019,10.097087
Cyprus,CYP,2020,12.371135
Cyprus,CYP,2021,15.234375
Cyprus,CYP,2022,16.730038
Cyprus,CYP,2023,20.450283
Cyprus,CYP,2024,24.006908
Cyprus,CYP,2025,27.749577
Czechia,CZE,1990,1.8628552
Czechia,CZE,1991,1.8076286
Czechia,CZE,1992,2.370872
Czechia,CZE,1993,2.6078064
Czechia,CZE,1994,3.047945
Czechia,CZE,1995,3.9782107
Czechia,CZE,1996,3.5406547
Czechia,CZE,1997,3.4106839
Czechia,CZE,1998,3.079542
Czechia,CZE,1999,3.677731
Czechia,CZE,2000,3.1275718
Czechia,CZE,2001,3.4626784
Czechia,CZE,2002,3.9342105
Czechia,CZE,2003,2.2587268
Czechia,CZE,2004,3.2700799
Czechia,CZE,2005,3.8203347
Czechia,CZE,2006,4.207506
Czechia,CZE,2007,3.896548
Czechia,CZE,2008,4.466859
Czechia,CZE,2009,5.7079864
Czechia,CZE,2010,6.9349914
Czechia,CZE,2011,8.356417
Czechia,CZE,2012,9.320859
Czechia,CZE,2013,10.825282
Czechia,CZE,2014,10.790774
Czechia,CZE,2015,11.407443
Czechia,CZE,2016,11.45122
Czechia,CZE,2017,11.229011
Czechia,CZE,2018,10.859052
Czechia,CZE,2019,11.735885
Czechia,CZE,2020,12.908864
Czechia,CZE,2021,12.718144
Czechia,CZE,2022,12.862773
Czechia,CZE,2023,14.696569
Czechia,CZE,2024,16.893284
Czechia,CZE,2025,16.847683
Democratic Republic of Congo,COD,2000,100
Democratic Republic of Congo,COD,2001,99.83108
Democratic Republic of Congo,COD,2002,99.834984
Democratic Republic of Congo,COD,2003,99.83633
Democratic Republic of Congo,COD,2004,99.85755
Democratic Republic of Congo,COD,2005,99.86358
Democratic Republic of Congo,COD,2006,99.33333
Democratic Republic of Congo,COD,2007,98.85057
Democratic Republic of Congo,COD,2008,98.668434
Democratic Republic of Congo,COD,2009,98.847626
Democratic Republic of Congo,COD,2010,98.85057
Democratic Republic of Congo,COD,2011,98.849106
Democratic Republic of Congo,COD,2012,99.86703
Democratic Republic of Congo,COD,2013,99.87745
Democratic Republic of Congo,COD,2014,99.88558
Democratic Republic of Congo,COD,2015,99.88688
Democratic Republic of Congo,COD,2016,99.88913
Democratic Republic of Congo,COD,2017,99.89384
Democratic Republic of Congo,COD,2018,99.904396
Democratic Republic of Congo,COD,2019,99.915184
Democratic Republic of Congo,COD,2020,99.91994
Democratic Republic of Congo,COD,2021,100
Democratic Republic of Congo,COD,2022,100
Democratic Republic of Congo,COD,2023,100
Democratic Republic of Congo,COD,2024,100
Denmark,DNK,1990,3.1996915
Denmark,DNK,1991,2.908093
Denmark,DNK,1992,4.4444447
Denmark,DNK,1993,4.766134
Denmark,DNK,1994,4.309064
Denmark,DNK,1995,5.0847454
Denmark,DNK,1996,3.8965902
Denmark,DNK,1997,6.6379704
Denmark,DNK,1998,9.604106
Denmark,DNK,1999,11.311983
Denmark,DNK,2000,15.536961
Denmark,DNK,2001,15.583377
Denmark,DNK,2002,17.36573
Denmark,DNK,2003,17.554926
Denmark,DNK,2004,23.682901
Denmark,DNK,2005,27.161861
Denmark,DNK,2006,20.224472
Denmark,DNK,2007,26.31579
Denmark,DNK,2008,27.686405
Denmark,DNK,2009,27.77931
Denmark,DNK,2010,32.07742
Denmark,DNK,2011,40.35887
Denmark,DNK,2012,48.544327
Denmark,DNK,2013,46.11384
Denmark,DNK,2014,56.148563
Denmark,DNK,2015,65.77484
Denmark,DNK,2016,60.49342
Denmark,DNK,2017,70.55016
Denmark,DNK,2018,68.68587
Denmark,DNK,2019,78.54954
Denmark,DNK,2020,82.050385
Denmark,DNK,2021,79.28312
Denmark,DNK,2022,80.85893
Denmark,DNK,2023,86.39717
Denmark,DNK,2024,89.18996
Denmark,DNK,2025,91.17117
Djibouti,DJI,2000,0
Djibouti,DJI,2001,0
Djibouti,DJI,2002,0
Djibouti,DJI,2003,0
Djibouti,DJI,2004,0
Djibouti,DJI,2005,0
Djibouti,DJI,2006,0
Djibouti,DJI,2007,0
Djibouti,DJI,2008,0
Djibouti,DJI,2009,0
Djibouti,DJI,2010,0
Djibouti,DJI,2011,0
Djibouti,DJI,2012,0
Djibouti,DJI,2013,0
Djibouti,DJI,2014,0
Djibouti,DJI,2015,0
Djibouti,DJI,2016,0
Djibouti,DJI,2017,0
Djibouti,DJI,2018,0
Djibouti,DJI,2019,0
Djibouti,DJI,2020,0
Djibouti,DJI,2021,35
Djibouti,DJI,2022,35
Djibouti,DJI,2023,35
Djibouti,DJI,2024,35
Dominica,DMA,2000,37.5
Dominica,DMA,2001,37.5
Dominica,DMA,2002,42.857143
Dominica,DMA,2003,37.5
Dominica,DMA,2004,27.272726
Dominica,DMA,2005,25
Dominica,DMA,2006,25
Dominica,DMA,2007,16.666666
Dominica,DMA,2008,15.384616
Dominica,DMA,2009,15.384616
Dominica,DMA,2010,14.285714
Dominica,DMA,2011,26.666664
Dominica,DMA,2012,19.999998
Dominica,DMA,2013,26.666664
Dominica,DMA,2014,19.999998
Dominica,DMA,2015,13.333332
Dominica,DMA,2016,25
Dominica,DMA,2017,23.076923
Dominica,DMA,2018,18.181818
Dominica,DMA,2019,14.285714
Dominica,DMA,2020,14.285714
Dominica,DMA,2021,14.285714
Dominica,DMA,2022,13.333332
Dominica,DMA,2023,13.333332
Dominican Republic,DOM,2000,6.9946194
Dominican Republic,DOM,2001,6.697819
Dominican Republic,DOM,2002,7.482014
Dominican Republic,DOM,2003,9.590973
Dominican Republic,DOM,2004,14.475873
Dominican Republic,DOM,2005,15.442278
Dominican Republic,DOM,2006,13.536499
Dominican Republic,DOM,2007,12.765958
Dominican Republic,DOM,2008,10.540726
Dominican Republic,DOM,2009,11.781818
Dominican Republic,DOM,2010,10.757781
Dominican Republic,DOM,2011,10.786802
Dominican Republic,DOM,2012,12.1301775
Dominican Republic,DOM,2013,13.036118
Dominican Republic,DOM,2014,10.127315
Dominican Republic,DOM,2015,7.888889
Dominican Republic,DOM,2016,11.075611
Dominican Republic,DOM,2017,15.833332
Dominican Republic,DOM,2018,13.77551
Dominican Republic,DOM,2019,12.546992
Dominican Republic,DOM,2020,16.162134
Dominican Republic,DOM,2021,17.778814
Dominican Republic,DOM,2022,18.448355
Dominican Republic,DOM,2023,17.263844
Dominican Republic,DOM,2024,18.851437
Dominican Republic,DOM,2025,23.809525
EU (Ember),,1990,13.418819
EU (Ember),,1991,13.718373
EU (Ember),,1992,14.403553
EU (Ember),,1993,14.851177
EU (Ember),,1994,15.144092
EU (Ember),,1995,14.802723
EU (Ember),,1996,14.406477
EU (Ember),,1997,14.786365
EU (Ember),,1998,15.210766
EU (Ember),,1999,15.127652
EU (Ember),,2000,15.517623
EU (Ember),,2001,16.167208
EU (Ember),,2002,14.3267
EU (Ember),,2003,14.1942835
EU (Ember),,2004,15.349689
EU (Ember),,2005,15.374828
EU (Ember),,2006,15.932489
EU (Ember),,2007,16.83239
EU (Ember),,2008,18.266562
EU (Ember),,2009,20.334433
EU (Ember),,2010,22.160622
EU (Ember),,2011,22.207668
EU (Ember),,2012,25.103497
EU (Ember),,2013,27.981512
EU (Ember),,2014,29.64542
EU (Ember),,2015,29.819847
EU (Ember),,2016,30.134884
EU (Ember),,2017,29.908518
EU (Ember),,2018,32.363457
EU (Ember),,2019,34.052532
EU (Ember),,2020,38.494564
EU (Ember),,2021,37.455086
EU (Ember),,2022,38.88331
EU (Ember),,2023,45.240204
EU (Ember),,2024,48.012592
EU (Ember),,2025,47.72746
East Timor,TLS,2003,0
East Timor,TLS,2004,0
East Timor,TLS,2005,0
East Timor,TLS,2006,0
East Timor,TLS,2007,0
East Timor,TLS,2008,0
East Timor,TLS,2009,0
East Timor,TLS,2010,0
East Timor,TLS,2011,0
East Timor,TLS,2012,0
East Timor,TLS,2013,0
East Timor,TLS,2014,0
East Timor,TLS,2015,0
East Timor,TLS,2016,0
East Timor,TLS,2017,0
East Timor,TLS,2018,0
East Timor,TLS,2019,0
East Timor,TLS,2020,0
East Timor,TLS,2021,0
East Timor,TLS,2022,0
East Timor,TLS,2023,0
East Timor,TLS,2024,0
Ecuador,ECU,1990,78.544685
Ecuador,ECU,1991,72.77874
Ecuador,ECU,1992,69.11565
Ecuador,ECU,1993,78.39561
Ecuador,ECU,1994,80.61493
Ecuador,ECU,1995,61.226696
Ecuador,ECU,1996,65.53657
Ecuador,ECU,1997,63.06056
Ecuador,ECU,1998,59.74183
Ecuador,ECU,1999,69.62207
Ecuador,ECU,2000,71.50997
Ecuador,ECU,2001,63.75228
Ecuador,ECU,2002,63.08213
Ecuador,ECU,2003,61.9338
Ecuador,ECU,2004,57.34375
Ecuador,ECU,2005,54.03481
Ecuador,ECU,2006,50.284092
Ecuador,ECU,2007,52
Ecuador,ECU,2008,60.573284
Ecuador,ECU,2009,50.38546
Ecuador,ECU,2010,44.12976
Ecuador,ECU,2011,53.98923
Ecuador,ECU,2012,53.40959
Ecuador,ECU,2013,47.625214
Ecuador,ECU,2014,47.540306
Ecuador,ECU,2015,51.103367
Ecuador,ECU,2016,59.977913
Ecuador,ECU,2017,73.517784
Ecuador,ECU,2018,71.91242
Ecuador,ECU,2019,77.7812
Ecuador,ECU,2020,79.64206
Ecuador,ECU,2021,81.19552
Ecuador,ECU,2022,76.013306
Ecuador,ECU,2023,73.618095
Ecuador,ECU,2024,72.44336
Ecuador,ECU,2025,79.39891
Egypt,EGY,1990,23.724451
Egypt,EGY,1991,22.913393
Egypt,EGY,1992,21.784071
Egypt,EGY,1993,21.59424
Egypt,EGY,1994,22.096807
Egypt,EGY,1995,22.095871
Egypt,EGY,1996,21.437372
Egypt,EGY,1997,20.729431
Egypt,EGY,1998,19.942501
Egypt,EGY,1999,20.466146
Egypt,EGY,2000,19.448992
Egypt,EGY,2001,18.077066
Egypt,EGY,2002,16.467587
Egypt,EGY,2003,14.350797
Egypt,EGY,2004,13.56743
Egypt,EGY,2005,12.53097
Egypt,EGY,2006,11.99176
Egypt,EGY,2007,12.414484
Egypt,EGY,2008,12.445652
Egypt,EGY,2009,11.030014
Egypt,EGY,2010,9.9633045
Egypt,EGY,2011,9.842204
Egypt,EGY,2012,9.131663
Egypt,EGY,2013,8.995639
Egypt,EGY,2014,8.619481
Egypt,EGY,2015,8.584942
Egypt,EGY,2016,8.411712
Egypt,EGY,2017,8.022359
Egypt,EGY,2018,8.2551775
Egypt,EGY,2019,9.767163
Egypt,EGY,2020,11.963746
Egypt,EGY,2021,12.095775
Egypt,EGY,2022,11.817091
Egypt,EGY,2023,11.702415
Egypt,EGY,2024,11.196765
Egypt,EGY,2025,13.015343
El Salvador,SLV,2000,55.890408
El Salvador,SLV,2001,53.902443
El Salvador,SLV,2002,50.681816
El Salvador,SLV,2003,56.316917
El Salvador,SLV,2004,52.795033
El Salvador,SLV,2005,56.862747
El Salvador,SLV,2006,58.596493
El Salvador,SLV,2007,57.16695
El Salvador,SLV,2008,63.278687
El Salvador,SLV,2009,56.752136
El Salvador,SLV,2010,65.454544
El Salvador,SLV,2011,63.533226
El Salvador,SLV,2012,60.63492
El Salvador,SLV,2013,60.75949
El Salvador,SLV,2014,60.15873
El Salvador,SLV,2015,58.319603
El Salvador,SLV,2016,59.41559
El Salvador,SLV,2017,74.77477
El Salvador,SLV,2018,77.94117
El Salvador,SLV,2019,71.47488
El Salvador,SLV,2020,84.75894
El Salvador,SLV,2021,86.03667
El Salvador,SLV,2022,90.79939
El Salvador,SLV,2023,87.79264
El Salvador,SLV,2024,90.81163
El Salvador,SLV,2025,86.53251
Equatorial Guinea,GNQ,2000,20
Equatorial Guinea,GNQ,2001,16.666666
Equatorial Guinea,GNQ,2002,14.285714
Equatorial Guinea,GNQ,2003,14.285714
Equatorial Guinea,GNQ,2004,11.111111
Equatorial Guinea,GNQ,2005,10
Equatorial Guinea,GNQ,2006,9.090909
Equatorial Guinea,GNQ,2007,7.692308
Equatorial Guinea,GNQ,2008,25
Equatorial Guinea,GNQ,2009,22.727274
Equatorial Guinea,GNQ,2010,13.636363
Equatorial Guinea,GNQ,2011,9.999999
Equatorial Guinea,GNQ,2012,14.814814
Equatorial Guinea,GNQ,2013,29.411764
Equatorial Guinea,GNQ,2014,34.862385
Equatorial Guinea,GNQ,2015,36.153847
Equatorial Guinea,GNQ,2016,33.57143
Equatorial Guinea,GNQ,2017,32.83582
Equatorial Guinea,GNQ,2018,32.59259
Equatorial Guinea,GNQ,2019,32.142857
Equatorial Guinea,GNQ,2020,34.751774
Equatorial Guinea,GNQ,2021,32.867134
Equatorial Guinea,GNQ,2022,31.788078
Equatorial Guinea,GNQ,2023,24.475525
Equatorial Guinea,GNQ,2024,26.845638
Eritrea,ERI,2000,0
Eritrea,ERI,2001,0
Eritrea,ERI,2002,0
Eritrea,ERI,2003,0
Eritrea,ERI,2004,0
Eritrea,ERI,2005,0
Eritrea,ERI,2006,0
Eritrea,ERI,2007,0
Eritrea,ERI,2008,0
Eritrea,ERI,2009,0
Eritrea,ERI,2010,0
Eritrea,ERI,2011,0
Eritrea,ERI,2012,0
Eritrea,ERI,2013,0
Eritrea,ERI,2014,0
Eritrea,ERI,2015,0
Eritrea,ERI,2016,0
Eritrea,ERI,2017,2.9411764
Eritrea,ERI,2018,12.820514
Eritrea,ERI,2019,12.5
Eritrea,ERI,2020,12.195122
Eritrea,ERI,2021,11.904762
Eritrea,ERI,2022,11.363637
Eritrea,ERI,2023,10.204082
Eritrea,ERI,2024,11.111112
Estonia,EST,1990,0
Estonia,EST,1991,0
Estonia,EST,1992,0
Estonia,EST,1993,0
Estonia,EST,1994,0
Estonia,EST,1995,0.1150748
Estonia,EST,1996,0
Estonia,EST,1997,0.10845987
Estonia,EST,1998,0.11695906
Estonia,EST,1999,0.120918974
Estonia,EST,2000,0.11750881
Estonia,EST,2001,0.23557127
Estonia,EST,2002,0.3516999
Estonia,EST,2003,0.492126
Estonia,EST,2004,0.58195925
Estonia,EST,2005,1.0784314
Estonia,EST,2006,1.336074
Estonia,EST,2007,1.1494253
Estonia,EST,2008,1.8903592
Estonia,EST,2009,6.150342
Estonia,EST,2010,8.095605
Estonia,EST,2011,9.154383
Estonia,EST,2012,12.29097
Estonia,EST,2013,9.262049
Estonia,EST,2014,11.164659
Estonia,EST,2015,15.369458
Estonia,EST,2016,13.064914
Estonia,EST,2017,14.1337385
Estonia,EST,2018,16.087309
Estonia,EST,2019,28.120895
Estonia,EST,2020,48.848686
Estonia,EST,2021,39.91655
Estonia,EST,2022,31.991053
Estonia,EST,2023,48.780487
Estonia,EST,2024,55.750797
Estonia,EST,2025,59.574467
Eswatini,SWZ,2000,98.48484
Eswatini,SWZ,2001,98.57143
Eswatini,SWZ,2002,95.83333
Eswatini,SWZ,2003,95.31251
Eswatini,SWZ,2004,94.82759
Eswatini,SWZ,2005,96.7742
Eswatini,SWZ,2006,97.101456
Eswatini,SWZ,2007,97.1831
Eswatini,SWZ,2008,97.101456
Eswatini,SWZ,2009,96.96969
Eswatini,SWZ,2010,97.2973
Eswatini,SWZ,2011,96.55173
Eswatini,SWZ,2012,92.30769
Eswatini,SWZ,2013,93.33333
Eswatini,SWZ,2014,95.833336
Eswatini,SWZ,2015,94.73685
Eswatini,SWZ,2016,91.666664
Eswatini,SWZ,2017,95.34883
Eswatini,SWZ,2018,95.918365
Eswatini,SWZ,2019,91.83673
Eswatini,SWZ,2020,95.918365
Eswatini,SWZ,2021,96.07844
Eswatini,SWZ,2022,96.36363
Eswatini,SWZ,2023,96.96969
Eswatini,SWZ,2024,96.721306
Ethiopia,ETH,2000,98.81656
Ethiopia,ETH,2001,99.01961
Ethiopia,ETH,2002,99.02913
Ethiopia,ETH,2003,99.14163
Ethiopia,ETH,2004,99.221794
Ethiopia,ETH,2005,99.65277
Ethiopia,ETH,2006,99.39577
Ethiopia,ETH,2007,98.833824
Ethiopia,ETH,2008,99.6997
Ethiopia,ETH,2009,98.342545
Ethiopia,ETH,2010,99.00199
Ethiopia,ETH,2011,99.21136
Ethiopia,ETH,2012,99.7358
Ethiopia,ETH,2013,99.88466
Ethiopia,ETH,2014,100
Ethiopia,ETH,2015,100
Ethiopia,ETH,2016,100
Ethiopia,ETH,2017,100
Ethiopia,ETH,2018,100
Ethiopia,ETH,2019,99.934685
Ethiopia,ETH,2020,99.93598
Ethiopia,ETH,2021,100
Ethiopia,ETH,2022,100
Ethiopia,ETH,2023,100
Ethiopia,ETH,2024,100
Ethiopia,ETH,2025,100
Europe,OWID_EUR,1985,17.211142
Europe,OWID_EUR,1986,16.495575
Europe,OWID_EUR,1987,16.778677
Europe,OWID_EUR,1988,17.01956
Europe,OWID_EUR,1989,15.270021
Europe,OWID_EUR,1990,15.570956
Europe,OWID_EUR,1991,15.868398
Europe,OWID_EUR,1992,16.73698
Europe,OWID_EUR,1993,17.497265
Europe,OWID_EUR,1994,18.138124
Europe,OWID_EUR,1995,18.042706
Europe,OWID_EUR,1996,16.786589
Europe,OWID_EUR,1997,17.46956
Europe,OWID_EUR,1998,17.993582
Europe,OWID_EUR,1999,18.181366
Europe,OWID_EUR,2000,18.39352
Europe,OWID_EUR,2001,18.539646
Europe,OWID_EUR,2002,17.168829
Europe,OWID_EUR,2003,16.279558
Europe,OWID_EUR,2004,17.567617
Europe,OWID_EUR,2005,17.961517
Europe,OWID_EUR,2006,17.850475
Europe,OWID_EUR,2007,18.586037
Europe,OWID_EUR,2008,19.42082
Europe,OWID_EUR,2009,21.157375
Europe,OWID_EUR,2010,21.822012
Europe,OWID_EUR,2011,21.665201
Europe,OWID_EUR,2012,23.966032
Europe,OWID_EUR,2013,26.394478
Europe,OWID_EUR,2014,27.553522
Europe,OWID_EUR,2015,28.036575
Europe,OWID_EUR,2016,28.550644
Europe,OWID_EUR,2017,28.762028
Europe,OWID_EUR,2018,30.607244
Europe,OWID_EUR,2019,31.674423
Europe,OWID_EUR,2020,35.76366
Europe,OWID_EUR,2021,34.809067
Europe,OWID_EUR,2022,35.250423
Europe,OWID_EUR,2023,40.03564
Europe,OWID_EUR,2024,42.031555
Europe,OWID_EUR,2025,41.55102
Europe (EI),,1985,17.824776
Europe (EI),,1986,16.90924
Europe (EI),,1987,17.786806
Europe (EI),,1988,18.544607
Europe (EI),,1989,15.914642
Europe (EI),,1990,16.25599
Europe (EI),,1991,16.509794
Europe (EI),,1992,17.295427
Europe (EI),,1993,18.127827
Europe (EI),,1994,18.297031
Europe (EI),,1995,18.153158
Europe (EI),,1996,17.282198
Europe (EI),,1997,17.909355
Europe (EI),,1998,18.485788
Europe (EI),,1999,18.518915
Europe (EI),,2000,18.82451
Europe (EI),,2001,18.564415
Europe (EI),,2002,17.525469
Europe (EI),,2003,16.63612
Europe (EI),,2004,17.986605
Europe (EI),,2005,18.29189
Europe (EI),,2006,18.38676
Europe (EI),,2007,19.050093
Europe (EI),,2008,20.399443
Europe (EI),,2009,22.12717
Europe (EI),,2010,23.757582
Europe (EI),,2011,23.660599
Europe (EI),,2012,26.575066
Europe (EI),,2013,29.111622
Europe (EI),,2014,30.29696
Europe (EI),,2015,31.746098
Europe (EI),,2016,32.15153
Europe (EI),,2017,32.10485
Europe (EI),,2018,34.568344
Europe (EI),,2019,36.68017
Europe (EI),,2020,40.79252
Europe (EI),,2021,39.65516
Europe (EI),,2022,41.215588
Europe (EI),,2023,46.63681
Europe (EI),,2024,49.27466
Europe (EI),,2025,48.912766
Europe (Ember),,2000,18.578463
Europe (Ember),,2001,18.576433
Europe (Ember),,2002,17.427792
Europe (Ember),,2003,16.552307
Europe (Ember),,2004,17.983322
Europe (Ember),,2005,18.18033
Europe (Ember),,2006,18.112083
Europe (Ember),,2007,18.603086
Europe (Ember),,2008,19.340569
Europe (Ember),,2009,21.094416
Europe (Ember),,2010,22.011278
Europe (Ember),,2011,21.830647
Europe (Ember),,2012,24.11884
Europe (Ember),,2013,26.5095
Europe (Ember),,2014,27.217468
Europe (Ember),,2015,28.23991
Europe (Ember),,2016,28.783617
Europe (Ember),,2017,28.795721
Europe (Ember),,2018,30.703072
Europe (Ember),,2019,32.385185
Europe (Ember),,2020,36.15322
Europe (Ember),,2021,34.846386
Europe (Ember),,2022,35.673584
Europe (Ember),,2023,39.736984
Europe (Ember),,2024,41.82621
Europe (Ember),,2025,41.604057
European Union (27),OWID_EU27,1985,15.603309
European Union (27),OWID_EU27,1986,14.436122
European Union (27),OWID_EU27,1987,15.2590275
European Union (27),OWID_EU27,1988,15.755798
European Union (27),OWID_EU27,1989,12.729285
European Union (27),OWID_EU27,1990,13.418819
European Union (27),OWID_EU27,1991,13.718375
European Union (27),OWID_EU27,1992,14.403553
European Union (27),OWID_EU27,1993,14.851177
European Union (27),OWID_EU27,1994,15.144092
European Union (27),OWID_EU27,1995,14.802723
European Union (27),OWID_EU27,1996,14.406477
European Union (27),OWID_EU27,1997,14.786365
European Union (27),OWID_EU27,1998,15.210764
European Union (27),OWID_EU27,1999,15.127652
European Union (27),OWID_EU27,2000,15.517623
European Union (27),OWID_EU27,2001,16.167208
European Union (27),OWID_EU27,2002,14.3267
European Union (27),OWID_EU27,2003,14.1942835
European Union (27),OWID_EU27,2004,15.349689
European Union (27),OWID_EU27,2005,15.374827
European Union (27),OWID_EU27,2006,15.932489
European Union (27),OWID_EU27,2007,16.83239
European Union (27),OWID_EU27,2008,18.266562
European Union (27),OWID_EU27,2009,20.334433
European Union (27),OWID_EU27,2010,22.160622
European Union (27),OWID_EU27,2011,22.207668
European Union (27),OWID_EU27,2012,25.103497
European Union (27),OWID_EU27,2013,27.981512
European Union (27),OWID_EU27,2014,29.64542
European Union (27),OWID_EU27,2015,29.819847
European Union (27),OWID_EU27,2016,30.134882
European Union (27),OWID_EU27,2017,29.908518
European Union (27),OWID_EU27,2018,32.363457
European Union (27),OWID_EU27,2019,34.052532
European Union (27),OWID_EU27,2020,38.494564
European Union (27),OWID_EU27,2021,37.455086
European Union (27),OWID_EU27,2022,38.88331
European Union (27),OWID_EU27,2023,45.240204
European Union (27),OWID_EU27,2024,48.012592
European Union (27),OWID_EU27,2025,47.72746
Falkland Islands,FLK,2000,0
Falkland Islands,FLK,2001,0
Falkland Islands,FLK,2002,0
Falkland Islands,FLK,2003,0
Falkland Islands,FLK,2004,0
Falkland Islands,FLK,2005,0
Falkland Islands,FLK,2006,0
Falkland Islands,FLK,2007,0
Falkland Islands,FLK,2008,0
Falkland Islands,FLK,2009,0
Falkland Islands,FLK,2010,0
Falkland Islands,FLK,2011,50
Falkland Islands,FLK,2012,50
Falkland Islands,FLK,2013,50
Falkland Islands,FLK,2014,50
Falkland Islands,FLK,2015,50
Falkland Islands,FLK,2016,50
Falkland Islands,FLK,2017,0
Falkland Islands,FLK,2018,0
Falkland Islands,FLK,2019,0
Falkland Islands,FLK,2020,0
Falkland Islands,FLK,2021,0
Falkland Islands,FLK,2022,0
Falkland Islands,FLK,2023,0
Faroe Islands,FRO,2000,36.363636
Faroe Islands,FRO,2001,33.333332
Faroe Islands,FRO,2002,41.666668
Faroe Islands,FRO,2003,33.333332
Faroe Islands,FRO,2004,40
Faroe Islands,FRO,2005,44
Faroe Islands,FRO,2006,44
Faroe Islands,FRO,2007,44.444443
Faroe Islands,FRO,2008,37.037037
Faroe Islands,FRO,2009,37.037037
Faroe Islands,FRO,2010,28.571428
Faroe Islands,FRO,2011,37.037037
Faroe Islands,FRO,2012,37.931034
Faroe Islands,FRO,2013,37.931034
Faroe Islands,FRO,2014,51.6129
Faroe Islands,FRO,2015,59.375
Faroe Islands,FRO,2016,48.3871
Faroe Islands,FRO,2017,51.51515
Faroe Islands,FRO,2018,48.57143
Faroe Islands,FRO,2019,39.473686
Faroe Islands,FRO,2020,39.02439
Faroe Islands,FRO,2021,39.53488
Faroe Islands,FRO,2022,45.833336
Faroe Islands,FRO,2023,46.938774
Fiji,FJI,2000,72
Fiji,FJI,2001,74.68354
Fiji,FJI,2002,69.87952
Fiji,FJI,2003,54.022987
Fiji,FJI,2004,56.818184
Fiji,FJI,2005,52.80899
Fiji,FJI,2006,52.222225
Fiji,FJI,2007,68.53933
Fiji,FJI,2008,67.85715
Fiji,FJI,2009,62.6506
Fiji,FJI,2010,52.272728
Fiji,FJI,2011,57.647057
Fiji,FJI,2012,66.27907
Fiji,FJI,2013,63.636364
Fiji,FJI,2014,48.351646
Fiji,FJI,2015,48.387096
Fiji,FJI,2016,54.73684
Fiji,FJI,2017,50
Fiji,FJI,2018,59.090904
Fiji,FJI,2019,57.89474
Fiji,FJI,2020,62.96296
Fiji,FJI,2021,62.264156
Fiji,FJI,2022,60.747658
Fiji,FJI,2023,63.478264
Fiji,FJI,2024,63.478264
Finland,FIN,1990,29.4702
Finland,FIN,1991,31.400969
Finland,FIN,1992,34.76603
Finland,FIN,1993,31.837538
Finland,FIN,1994,27.842121
Finland,FIN,1995,30.546873
Finland,FIN,1996,25.62401
Finland,FIN,1997,29.156416
Finland,FIN,1998,34.802452
Finland,FIN,1999,30.524345
Finland,FIN,2000,33.414318
Finland,FIN,2001,28.93217
Finland,FIN,2002,26.468233
Finland,FIN,2003,22.615091
Finland,FIN,2004,29.857876
Finland,FIN,2005,33.2483
Finland,FIN,2006,27.293716
Finland,FIN,2007,29.96181
Finland,FIN,2008,35.901745
Finland,FIN,2009,30.113796
Finland,FIN,2010,29.985119
Finland,FIN,2011,32.89796
Finland,FIN,2012,40.562416
Finland,FIN,2013,35.96688
Finland,FIN,2014,38.59031
Finland,FIN,2015,44.497887
Finland,FIN,2016,44.232727
Finland,FIN,2017,46.608414
Finland,FIN,2018,45.763916
Finland,FIN,2019,46.465527
Finland,FIN,2020,51.89197
Finland,FIN,2021,52.946888
Finland,FIN,2022,53.567966
Finland,FIN,2023,51.889107
Finland,FIN,2024,55.857056
Finland,FIN,2025,56.464153
France,FRA,1990,13.128545
France,FRA,1991,12.974642
France,FRA,1992,15.182972
France,FRA,1993,13.944494
France,FRA,1994,16.747738
France,FRA,1995,15.0507765
France,FRA,1996,13.214124
France,FRA,1997,12.975907
France,FRA,1998,12.539284
France,FRA,1999,14.187551
France,FRA,2000,12.736593
France,FRA,2001,14.023221
France,FRA,2002,11.372541
France,FRA,2003,10.993866
France,FRA,2004,11.022427
France,FRA,2005,9.660189
France,FRA,2006,10.736824
France,FRA,2007,11.444539
France,FRA,2008,12.757065
France,FRA,2009,12.885964
France,FRA,2010,13.635394
France,FRA,2011,11.630405
France,FRA,2012,15.019909
France,FRA,2013,17.239706
France,FRA,2014,16.60398
France,FRA,2015,15.996098
France,FRA,2016,17.715267
France,FRA,2017,16.538311
France,FRA,2018,19.757393
France,FRA,2019,19.963926
France,FRA,2020,23.713608
France,FRA,2021,22.187494
France,FRA,2022,24.201088
France,FRA,2023,26.889639
France,FRA,2024,27.176117
France,FRA,2025,26.064074
French Guiana,GUF,2000,89.13043
French Guiana,GUF,2001,69.99999
French Guiana,GUF,2002,66.666664
French Guiana,GUF,2003,50.74627
French Guiana,GUF,2004,61.194027
French Guiana,GUF,2005,60.563385
French Guiana,GUF,2006,73.9726
French Guiana,GUF,2007,68.49315
French Guiana,GUF,2008,66.666664
French Guiana,GUF,2009,44.871796
French Guiana,GUF,2010,56.626507
French Guiana,GUF,2011,61.44578
French Guiana,GUF,2012,69.662926
French Guiana,GUF,2013,60.67416
French Guiana,GUF,2014,60.869564
French Guiana,GUF,2015,59.139786
French Guiana,GUF,2016,54.945053
French Guiana,GUF,2017,67.391304
French Guiana,GUF,2018,64.51613
French Guiana,GUF,2019,49.473686
French Guiana,GUF,2020,52.63158
French Guiana,GUF,2021,70.10309
French Guiana,GUF,2022,71.57895
French Guiana,GUF,2023,65.30612
French Polynesia,PYF,2000,29.268291
French Polynesia,PYF,2001,23.809525
French Polynesia,PYF,2002,28.260868
French Polynesia,PYF,2003,31.914894
French Polynesia,PYF,2004,33.333332
French Polynesia,PYF,2005,35.29412
French Polynesia,PYF,2006,37.73585
French Polynesia,PYF,2007,40
French Polynesia,PYF,2008,36.842106
French Polynesia,PYF,2009,36.206898
French Polynesia,PYF,2010,34.177216
French Polynesia,PYF,2011,31.081081
French Polynesia,PYF,2012,29.166664
French Polynesia,PYF,2013,25
French Polynesia,PYF,2014,29.411764
French Polynesia,PYF,2015,29.411764
French Polynesia,PYF,2016,30.88235
French Polynesia,PYF,2017,31.884058
French Polynesia,PYF,2018,29.411764
French Polynesia,PYF,2019,28.985508
French Polynesia,PYF,2020,30.30303
French Polynesia,PYF,2021,28.787878
French Polynesia,PYF,2022,33.80282
French Polynesia,PYF,2023,33.80282
French Polynesia,PYF,2024,34.72222
G20 (Ember),,2000,16.572628
G20 (Ember),,2001,16.027824
G20 (Ember),,2002,15.884478
G20 (Ember),,2003,15.526871
G20 (Ember),,2004,16.19612
G20 (Ember),,2005,16.181536
G20 (Ember),,2006,16.483831
G20 (Ember),,2007,16.260708
G20 (Ember),,2008,17.394009
G20 (Ember),,2009,18.09131
G20 (Ember),,2010,18.53098
G20 (Ember),,2011,18.84565
G20 (Ember),,2012,19.88768
G20 (Ember),,2013,20.736649
G20 (Ember),,2014,21.565077
G20 (Ember),,2015,22.43802
G20 (Ember),,2016,23.291698
G20 (Ember),,2017,23.999443
G20 (Ember),,2018,24.761103
G20 (Ember),,2019,26.002987
G20 (Ember),,2020,28.057014
G20 (Ember),,2021,28.009895
G20 (Ember),,2022,29.52193
G20 (Ember),,2023,30.46495
G20 (Ember),,2024,32.285606
G20 (Ember),,2025,34.22472
G7 (Ember),,2000,13.536345
G7 (Ember),,2001,12.509685
G7 (Ember),,2002,13.085047
G7 (Ember),,2003,13.160407
G7 (Ember),,2004,13.206338
G7 (Ember),,2005,13.174224
G7 (Ember),,2006,13.758371
G7 (Ember),,2007,13.376901
G7 (Ember),,2008,14.249553
G7 (Ember),,2009,15.520982
G7 (Ember),,2010,15.481635
G7 (Ember),,2011,17.320375
G7 (Ember),,2012,17.942625
G7 (Ember),,2013,19.255405
G7 (Ember),,2014,20.089945
G7 (Ember),,2015,21.095903
G7 (Ember),,2016,22.064188
G7 (Ember),,2017,23.874859
G7 (Ember),,2018,24.481928
G7 (Ember),,2019,25.581514
G7 (Ember),,2020,28.11813
G7 (Ember),,2021,27.746515
G7 (Ember),,2022,29.144926
G7 (Ember),,2023,30.41911
G7 (Ember),,2024,31.628012
G7 (Ember),,2025,32.489353
Gabon,GAB,2000,61.832066
Gabon,GAB,2001,62.857143
Gabon,GAB,2002,62.585033
Gabon,GAB,2003,58.82353
Gabon,GAB,2004,58.169933
Gabon,GAB,2005,51.592354
Gabon,GAB,2006,57.228916
Gabon,GAB,2007,46.242775
Gabon,GAB,2008,49.171272
Gabon,GAB,2009,51.912567
Gabon,GAB,2010,47.15026
Gabon,GAB,2011,41.37931
Gabon,GAB,2012,42.12963
Gabon,GAB,2013,44.976078
Gabon,GAB,2014,40.201004
Gabon,GAB,2015,43.39623
Gabon,GAB,2016,37.89954
Gabon,GAB,2017,41.964287
Gabon,GAB,2018,47.1223
Gabon,GAB,2019,46.478878
Gabon,GAB,2020,48.805458
Gabon,GAB,2021,46.62162
Gabon,GAB,2022,47.96238
Gabon,GAB,2023,35.521236
Gabon,GAB,2024,35.384617
Gambia,GMB,2000,0
Gambia,GMB,2001,0
Gambia,GMB,2002,0
Gambia,GMB,2003,0
Gambia,GMB,2004,0
Gambia,GMB,2005,0
Gambia,GMB,2006,0
Gambia,GMB,2007,0
Gambia,GMB,2008,0
Gambia,GMB,2009,0
Gambia,GMB,2010,0
Gambia,GMB,2011,0
Gambia,GMB,2012,0
Gambia,GMB,2013,0
Gambia,GMB,2014,0
Gambia,GMB,2015,0
Gambia,GMB,2016,0
Gambia,GMB,2017,0
Gambia,GMB,2018,0
Gambia,GMB,2019,0
Gambia,GMB,2020,0
Gambia,GMB,2021,0
Gambia,GMB,2022,0
Gambia,GMB,2023,0
Gambia,GMB,2024,0
Georgia,GEO,2000,78.80435
Georgia,GEO,2001,79.79651
Georgia,GEO,2002,93.184975
Georgia,GEO,2003,90.985916
Georgia,GEO,2004,87.31778
Georgia,GEO,2005,85.69445
Georgia,GEO,2006,70.415
Georgia,GEO,2007,79.411766
Georgia,GEO,2008,84.60621
Georgia,GEO,2009,88.11525
Georgia,GEO,2010,93.16583
Georgia,GEO,2011,77.94411
Georgia,GEO,2012,74.324326
Georgia,GEO,2013,82.064125
Georgia,GEO,2014,80.17493
Georgia,GEO,2015,77.860466
Georgia,GEO,2016,80.50479
Georgia,GEO,2017,80.506996
Georgia,GEO,2018,82.47508
Georgia,GEO,2019,76.05397
Georgia,GEO,2020,74.731186
Georgia,GEO,2021,81.17088
Georgia,GEO,2022,76.210526
Georgia,GEO,2023,76.09147
Georgia,GEO,2024,79.827705
Georgia,GEO,2025,79.62963
Germany,DEU,1990,3.5222955
Germany,DEU,1991,3.167792
Germany,DEU,1992,3.6963484
Germany,DEU,1993,3.940698
Germany,DEU,1994,4.4966893
Germany,DEU,1995,4.8839316
Germany,DEU,1996,4.842858
Germany,DEU,1997,4.218753
Germany,DEU,1998,4.529731
Germany,DEU,1999,5.2269373
Germany,DEU,2000,6.2237453
Germany,DEU,2001,6.5429926
Germany,DEU,2002,7.621283
Germany,DEU,2003,7.7521048
Germany,DEU,2004,9.509515
Germany,DEU,2005,10.341735
Germany,DEU,2006,11.513804
Germany,DEU,2007,14.172081
Germany,DEU,2008,14.925115
Germany,DEU,2009,16.341248
Germany,DEU,2010,16.886946
Germany,DEU,2011,20.566942
Germany,DEU,2012,23.136122
Germany,DEU,2013,24.13092
Germany,DEU,2014,26.170504
Germany,DEU,2015,29.43505
Germany,DEU,2016,29.481544
Germany,DEU,2017,33.466778
Germany,DEU,2018,35.25811
Germany,DEU,2019,40.18897
Germany,DEU,2020,44.374065
Germany,DEU,2021,40.167233
Germany,DEU,2022,44.372704
Germany,DEU,2023,54.685036
Germany,DEU,2024,58.64231
Germany,DEU,2025,59.09245
Ghana,GHA,2000,91.35286
Ghana,GHA,2001,83.866844
Ghana,GHA,2002,68.77579
Ghana,GHA,2003,65.646255
Ghana,GHA,2004,87.33333
Ghana,GHA,2005,82.78932
Ghana,GHA,2006,66.38856
Ghana,GHA,2007,53.16092
Ghana,GHA,2008,73.918274
Ghana,GHA,2009,76.39822
Ghana,GHA,2010,68.67589
Ghana,GHA,2011,66.40141
Ghana,GHA,2012,65.92593
Ghana,GHA,2013,62.894535
Ghana,GHA,2014,63.608562
Ghana,GHA,2015,49.91409
Ghana,GHA,2016,42.21716
Ghana,GHA,2017,42.63158
Ghana,GHA,2018,40.710934
Ghana,GHA,2019,42.31214
Ghana,GHA,2020,37.354282
Ghana,GHA,2021,34.782608
Ghana,GHA,2022,36.046513
Ghana,GHA,2023,38.518517
Ghana,GHA,2024,36.217552
Gibraltar,GIB,2000,0
Gibraltar,GIB,2001,0
Gibraltar,GIB,2002,0
Gibraltar,GIB,2003,0
Gibraltar,GIB,2004,0
Gibraltar,GIB,2005,0
Gibraltar,GIB,2006,0
Gibraltar,GIB,2007,0
Gibraltar,GIB,2008,0
Gibraltar,GIB,2009,0
Gibraltar,GIB,2010,0
Gibraltar,GIB,2011,0
Gibraltar,GIB,2012,0
Gibraltar,GIB,2013,0
Gibraltar,GIB,2014,0
Gibraltar,GIB,2015,0
Gibraltar,GIB,2016,0
Gibraltar,GIB,2017,0
Gibraltar,GIB,2018,0
Gibraltar,GIB,2019,0
Gibraltar,GIB,2020,0
Gibraltar,GIB,2021,0
Gibraltar,GIB,2022,0
Gibraltar,GIB,2023,0
Gibraltar,GIB,2024,0
Greece,GRC,1990,5.1754384
Greece,GRC,1991,8.80932
Greece,GRC,1992,6.01197
Greece,GRC,1993,6.175457
Greece,GRC,1994,6.5967016
Greece,GRC,1995,8.695652
Greece,GRC,1996,10.410244
Greece,GRC,1997,9.156739
Greece,GRC,1998,8.293217
Greece,GRC,1999,9.715689
Greece,GRC,2000,7.8201737
Greece,GRC,2001,5.5957365
Greece,GRC,2002,6.709145
Greece,GRC,2003,10.282822
Greece,GRC,2004,10.151151
Greece,GRC,2005,10.914353
Greece,GRC,2006,12.910285
Greece,GRC,2007,7.355769
Greece,GRC,2008,9.247346
Greece,GRC,2009,13.523367
Greece,GRC,2010,18.600954
Greece,GRC,2011,13.943541
Greece,GRC,2012,16.908697
Greece,GRC,2013,25.474543
Greece,GRC,2014,24.546555
Greece,GRC,2015,29.08913
Greece,GRC,2016,27.65602
Greece,GRC,2017,25.182482
Greece,GRC,2018,30.678577
Greece,GRC,2019,33.57664
Greece,GRC,2020,36.93959
Greece,GRC,2021,40.800144
Greece,GRC,2022,43.448814
Greece,GRC,2023,49.82628
Greece,GRC,2024,49.229153
Greece,GRC,2025,49.699673
Greenland,GRL,2000,58.620693
Greenland,GRL,2001,57.142857
Greenland,GRL,2002,58.064518
Greenland,GRL,2003,58.064518
Greenland,GRL,2004,57.575756
Greenland,GRL,2005,58.82353
Greenland,GRL,2006,57.14286
Greenland,GRL,2007,55.555553
Greenland,GRL,2008,54.054054
Greenland,GRL,2009,63.41463
Greenland,GRL,2010,70.731705
Greenland,GRL,2011,75.55556
Greenland,GRL,2012,75.55556
Greenland,GRL,2013,80.434784
Greenland,GRL,2014,81.25
Greenland,GRL,2015,82.35294
Greenland,GRL,2016,83.333336
Greenland,GRL,2017,76
Greenland,GRL,2018,80.76923
Greenland,GRL,2019,83.67347
Greenland,GRL,2020,82.692314
Greenland,GRL,2021,84.31373
Greenland,GRL,2022,87.03703
Greenland,GRL,2023,81.96721
Greenland,GRL,2024,83.33333
Grenada,GRD,2000,0
Grenada,GRD,2001,0
Grenada,GRD,2002,0
Grenada,GRD,2003,0
Grenada,GRD,2004,0
Grenada,GRD,2005,0
Grenada,GRD,2006,0
Grenada,GRD,2007,0
Grenada,GRD,2008,0
Grenada,GRD,2009,0
Grenada,GRD,2010,0
Grenada,GRD,2011,0
Grenada,GRD,2012,0
Grenada,GRD,2013,0
Grenada,GRD,2014,0
Grenada,GRD,2015,0
Grenada,GRD,2016,0
Grenada,GRD,2017,0
Grenada,GRD,2018,0
Grenada,GRD,2019,0
Grenada,GRD,2020,0
Grenada,GRD,2021,0
Grenada,GRD,2022,0
Grenada,GRD,2023,0
Grenada,GRD,2024,0
Guadeloupe,GLP,2000,9.836065
Guadeloupe,GLP,2001,8.527132
Guadeloupe,GLP,2002,10.526316
Guadeloupe,GLP,2003,9.42029
Guadeloupe,GLP,2004,11.888112
Guadeloupe,GLP,2005,14
Guadeloupe,GLP,2006,13.071896
Guadeloupe,GLP,2007,13.75
Guadeloupe,GLP,2008,13.664596
Guadeloupe,GLP,2009,11.656442
Guadeloupe,GLP,2010,8.670521
Guadeloupe,GLP,2011,11.904762
Guadeloupe,GLP,2012,15.116279
Guadeloupe,GLP,2013,17.816092
Guadeloupe,GLP,2014,18.390804
Guadeloupe,GLP,2015,17.613636
Guadeloupe,GLP,2016,16.949154
Guadeloupe,GLP,2017,20.454546
Guadeloupe,GLP,2018,21.637426
Guadeloupe,GLP,2019,21.511627
Guadeloupe,GLP,2020,24.117645
Guadeloupe,GLP,2021,33.73494
Guadeloupe,GLP,2022,34.756096
Guadeloupe,GLP,2023,35.32934
Guam,GUM,2000,0
Guam,GUM,2001,0
Guam,GUM,2002,0
Guam,GUM,2003,0
Guam,GUM,2004,0
Guam,GUM,2005,0
Guam,GUM,2006,0
Guam,GUM,2007,0
Guam,GUM,2008,0
Guam,GUM,2009,0
Guam,GUM,2010,0
Guam,GUM,2011,0
Guam,GUM,2012,0
Guam,GUM,2013,0
Guam,GUM,2014,0
Guam,GUM,2015,1.7543858
Guam,GUM,2016,4.0229883
Guam,GUM,2017,3.3898304
Guam,GUM,2018,4.0462427
Guam,GUM,2019,4.5714283
Guam,GUM,2020,4.6783624
Guam,GUM,2021,4.597701
Guam,GUM,2022,7.777778
Guam,GUM,2023,7.777778
Guam,GUM,2024,8.60215
Guatemala,GTM,2000,50.1548
Guatemala,GTM,2001,43.684994
Guatemala,GTM,2002,39.63964
Guatemala,GTM,2003,48.769897
Guatemala,GTM,2004,50.934578
Guatemala,GTM,2005,56.115112
Guatemala,GTM,2006,53.49428
Guatemala,GTM,2007,50.91743
Guatemala,GTM,2008,54.953915
Guatemala,GTM,2009,45.791245
Guatemala,GTM,2010,63.687782
Guatemala,GTM,2011,62.67123
Guatemala,GTM,2012,66.666664
Guatemala,GTM,2013,67.588936
Guatemala,GTM,2014,68.42105
Guatemala,GTM,2015,61.145924
Guatemala,GTM,2016,61.804386
Guatemala,GTM,2017,68.63857
Guatemala,GTM,2018,66.11321
Guatemala,GTM,2019,63.858265
Guatemala,GTM,2020,75.76489
Guatemala,GTM,2021,73.497086
Guatemala,GTM,2022,84.64392
Guatemala,GTM,2023,67.27029
Guatemala,GTM,2024,68.33439
Guinea,GIN,2000,50.617283
Guinea,GIN,2001,57.291668
Guinea,GIN,2002,58.41584
Guinea,GIN,2003,46.511627
Guinea,GIN,2004,61.111115
Guinea,GIN,2005,62.025314
Guinea,GIN,2006,63.0137
Guinea,GIN,2007,67.948715
Guinea,GIN,2008,64.197525
Guinea,GIN,2009,65
Guinea,GIN,2010,76.190475
Guinea,GIN,2011,74.545456
Guinea,GIN,2012,67.12329
Guinea,GIN,2013,73.84615
Guinea,GIN,2014,59.15493
Guinea,GIN,2015,78.947365
Guinea,GIN,2016,68.32298
Guinea,GIN,2017,69.49152
Guinea,GIN,2018,62.371136
Guinea,GIN,2019,63.90244
Guinea,GIN,2020,60.887096
Guinea,GIN,2021,73.07692
Guinea,GIN,2022,74.5
Guinea,GIN,2023,74.5
Guinea,GIN,2024,75.1861
Guinea-Bissau,GNB,2000,0
Guinea-Bissau,GNB,2001,0
Guinea-Bissau,GNB,2002,0
Guinea-Bissau,GNB,2003,0
Guinea-Bissau,GNB,2004,0
Guinea-Bissau,GNB,2005,0
Guinea-Bissau,GNB,2006,0
Guinea-Bissau,GNB,2007,0
Guinea-Bissau,GNB,2008,0
Guinea-Bissau,GNB,2009,0
Guinea-Bissau,GNB,2010,0
Guinea-Bissau,GNB,2011,0
Guinea-Bissau,GNB,2012,0
Guinea-Bissau,GNB,2013,0
Guinea-Bissau,GNB,2014,0
Guinea-Bissau,GNB,2015,0
Guinea-Bissau,GNB,2016,0
Guinea-Bissau,GNB,2017,0
Guinea-Bissau,GNB,2018,0
Guinea-Bissau,GNB,2019,0
Guinea-Bissau,GNB,2020,0
Guinea-Bissau,GNB,2021,0
Guinea-Bissau,GNB,2022,0
Guinea-Bissau,GNB,2023,0
Guinea-Bissau,GNB,2024,0
Guyana,GUY,2000,1.1111112
Guyana,GUY,2001,1.0869565
Guyana,GUY,2002,1.0869565
Guyana,GUY,2003,1.2195122
Guyana,GUY,2004,1.1627907
Guyana,GUY,2005,1.5384616
Guyana,GUY,2006,1.5151514
Guyana,GUY,2007,1.4285715
Guyana,GUY,2008,1.4084507
Guyana,GUY,2009,1.2048193
Guyana,GUY,2010,4.4444447
Guyana,GUY,2011,5.263158
Guyana,GUY,2012,4.1666665
Guyana,GUY,2013,4.0816326
Guyana,GUY,2014,4
Guyana,GUY,2015,3.960396
Guyana,GUY,2016,3.6363635
Guyana,GUY,2017,3.5714285
Guyana,GUY,2018,2.631579
Guyana,GUY,2019,3.4782608
Guyana,GUY,2020,2.631579
Guyana,GUY,2021,3.508772
Guyana,GUY,2022,2.34375
Guyana,GUY,2023,2.8985507
Guyana,GUY,2024,2.8985507
Haiti,HTI,2000,51.85185
Haiti,HTI,2001,47.45763
Haiti,HTI,2002,47.272724
Haiti,HTI,2003,47.169815
Haiti,HTI,2004,47.272724
Haiti,HTI,2005,47.272724
Haiti,HTI,2006,47.368423
Haiti,HTI,2007,32.608696
Haiti,HTI,2008,36.734695
Haiti,HTI,2009,28.169016
Haiti,HTI,2010,25
Haiti,HTI,2011,12.121212
Haiti,HTI,2012,20
Haiti,HTI,2013,13.333334
Haiti,HTI,2014,8.7378645
Haiti,HTI,2015,7.76699
Haiti,HTI,2016,6.481481
Haiti,HTI,2017,12.264152
Haiti,HTI,2018,18.269232
Haiti,HTI,2019,16.037737
Haiti,HTI,2020,13.725491
Haiti,HTI,2021,12.621359
Haiti,HTI,2022,18.811882
Haiti,HTI,2023,22.35294
Haiti,HTI,2024,18.60465
High-income countries,OWID_HIC,1985,18.283466
High-income countries,OWID_HIC,1986,17.999723
High-income countries,OWID_HIC,1987,17.239197
High-income countries,OWID_HIC,1988,16.656534
High-income countries,OWID_HIC,1989,15.735247
High-income countries,OWID_HIC,1990,15.949704
High-income countries,OWID_HIC,1991,15.970867
High-income countries,OWID_HIC,1992,15.884882
High-income countries,OWID_HIC,1993,16.370588
High-income countries,OWID_HIC,1994,15.835315
High-income countries,OWID_HIC,1995,16.261694
High-income countries,OWID_HIC,1996,15.95302
High-income countries,OWID_HIC,1997,16.178913
High-income countries,OWID_HIC,1998,15.596273
High-income countries,OWID_HIC,1999,15.439201
High-income countries,OWID_HIC,2000,15.592129
High-income countries,OWID_HIC,2001,14.848562
High-income countries,OWID_HIC,2002,14.778185
High-income countries,OWID_HIC,2003,14.481414
High-income countries,OWID_HIC,2004,14.77557
High-income countries,OWID_HIC,2005,14.888422
High-income countries,OWID_HIC,2006,15.074814
High-income countries,OWID_HIC,2007,14.93972
High-income countries,OWID_HIC,2008,15.574922
High-income countries,OWID_HIC,2009,16.722486
High-income countries,OWID_HIC,2010,16.741713
High-income countries,OWID_HIC,2011,17.728657
High-income countries,OWID_HIC,2012,18.533974
High-income countries,OWID_HIC,2013,19.815668
High-income countries,OWID_HIC,2014,20.463615
High-income countries,OWID_HIC,2015,21.089354
High-income countries,OWID_HIC,2016,21.855211
High-income countries,OWID_HIC,2017,22.738258
High-income countries,OWID_HIC,2018,23.497637
High-income countries,OWID_HIC,2019,24.356544
High-income countries,OWID_HIC,2020,26.939936
High-income countries,OWID_HIC,2021,26.854387
High-income countries,OWID_HIC,2022,27.7058
High-income countries,OWID_HIC,2023,29.408815
High-income countries,OWID_HIC,2024,30.663277
Honduras,HND,2000,61.813187
Honduras,HND,2001,49.616367
Honduras,HND,2002,40.722893
Honduras,HND,2003,41.025642
Honduras,HND,2004,34.10853
Honduras,HND,2005,33.092224
Honduras,HND,2006,36.74497
Honduras,HND,2007,37.51987
Honduras,HND,2008,38.117283
Honduras,HND,2009,47.37609
Honduras,HND,2010,48.61111
Honduras,HND,2011,46.050873
Honduras,HND,2012,46.428574
Honduras,HND,2013,44.092567
Honduras,HND,2014,40.602406
Honduras,HND,2015,44.062153
Honduras,HND,2016,48.064514
Honduras,HND,2017,57.35608
Honduras,HND,2018,62.82183
Honduras,HND,2019,52.908066
Honduras,HND,2020,54.635105
Honduras,HND,2021,61.420864
Honduras,HND,2022,59.664608
Honduras,HND,2023,54.36349
Honduras,HND,2024,55.44872
Hong Kong,HKG,1990,0
Hong Kong,HKG,1991,0
Hong Kong,HKG,1992,0
Hong Kong,HKG,1993,0
Hong Kong,HKG,1994,0
Hong Kong,HKG,1995,0
Hong Kong,HKG,1996,0
Hong Kong,HKG,1997,0
Hong Kong,HKG,1998,0
Hong Kong,HKG,1999,0
Hong Kong,HKG,2000,0
Hong Kong,HKG,2001,0
Hong Kong,HKG,2002,0
Hong Kong,HKG,2003,0
Hong Kong,HKG,2004,0
Hong Kong,HKG,2005,0
Hong Kong,HKG,2006,0
Hong Kong,HKG,2007,0
Hong Kong,HKG,2008,0
Hong Kong,HKG,2009,0
Hong Kong,HKG,2010,0.104629874
Hong Kong,HKG,2011,0.10264305
Hong Kong,HKG,2012,0.10381521
Hong Kong,HKG,2013,0.10253781
Hong Kong,HKG,2014,0.100654244
Hong Kong,HKG,2015,0.1848917
Hong Kong,HKG,2016,0.3672613
Hong Kong,HKG,2017,0.4060639
Hong Kong,HKG,2018,0.41017228
Hong Kong,HKG,2019,0.43313482
Hong Kong,HKG,2020,0.55312955
Hong Kong,HKG,2021,0.7178354
Hong Kong,HKG,2022,0.91412747
Hong Kong,HKG,2023,0.9536424
Hong Kong,HKG,2024,1.0416666
Hungary,HUN,1990,0.70323485
Hungary,HUN,1991,0.7009346
Hungary,HUN,1992,0.66287875
Hungary,HUN,1993,0.6381039
Hungary,HUN,1994,0.6264916
Hungary,HUN,1995,0.6466784
Hungary,HUN,1996,0.74095184
Hungary,HUN,1997,0.7627119
Hungary,HUN,1998,0.5913978
Hungary,HUN,1999,0.63441706
Hungary,HUN,2000,0.68201196
Hungary,HUN,2001,0.7138935
Hungary,HUN,2002,0.63623786
Hungary,HUN,2003,0.9668913
Hungary,HUN,2004,2.78849
Hungary,HUN,2005,5.230769
Hungary,HUN,2006,4.1562066
Hungary,HUN,2007,4.7047048
Hungary,HUN,2008,5.8720636
Hungary,HUN,2009,8.047898
Hungary,HUN,2010,8.083511
Hungary,HUN,2011,7.523598
Hungary,HUN,2012,7.6256504
Hungary,HUN,2013,9.1840105
Hungary,HUN,2014,10.751957
Hungary,HUN,2015,10.616551
Hungary,HUN,2016,10.19448
Hungary,HUN,2017,10.571082
Hungary,HUN,2018,11.762871
Hungary,HUN,2019,13.710618
Hungary,HUN,2020,15.807561
Hungary,HUN,2021,19.141275
Hungary,HUN,2022,21.40861
Hungary,HUN,2023,26.392796
Hungary,HUN,2024,31.473684
Hungary,HUN,2025,35.31312
Iceland,ISL,1990,99.761284
Iceland,ISL,1991,99.89846
Iceland,ISL,1992,99.89308
Iceland,ISL,1993,99.87287
Iceland,ISL,1994,99.89313
Iceland,ISL,1995,99.78912
Iceland,ISL,1996,99.87892
Iceland,ISL,1997,99.90772
Iceland,ISL,1998,99.90164
Iceland,ISL,1999,99.90988
Iceland,ISL,2000,100
Iceland,ISL,2001,100
Iceland,ISL,2002,99.88023
Iceland,ISL,2003,99.88152
Iceland,ISL,2004,100
Iceland,ISL,2005,100
Iceland,ISL,2006,100
Iceland,ISL,2007,100
Iceland,ISL,2008,100
Iceland,ISL,2009,100
Iceland,ISL,2010,100
Iceland,ISL,2011,100
Iceland,ISL,2012,100
Iceland,ISL,2013,100
Iceland,ISL,2014,100
Iceland,ISL,2015,100
Iceland,ISL,2016,100
Iceland,ISL,2017,100
Iceland,ISL,2018,100
Iceland,ISL,2019,100
Iceland,ISL,2020,100
Iceland,ISL,2021,100
Iceland,ISL,2022,100
Iceland,ISL,2023,100
Iceland,ISL,2024,100
India,IND,1985,27.798811
India,IND,1986,25.937187
India,IND,1987,21.890572
India,IND,1988,22.633194
India,IND,1989,23.259537
India,IND,1990,23.09713
India,IND,1991,23.131565
India,IND,1992,20.841736
India,IND,1993,19.625616
India,IND,1994,20.822308
India,IND,1995,18.022327
India,IND,1996,15.95155
India,IND,1997,15.386591
India,IND,1998,17.0291
India,IND,1999,15.599825
India,IND,2000,14.048198
India,IND,2001,12.99971
India,IND,2002,11.938192
India,IND,2003,11.695108
India,IND,2004,15.637529
India,IND,2005,15.254357
India,IND,2006,17.135258
India,IND,2007,17.801973
India,IND,2008,16.768269
India,IND,2009,15.165655
India,IND,2010,15.1144285
India,IND,2011,16.65569
India,IND,2012,14.8683405
India,IND,2013,16.034454
India,IND,2014,15.770489
India,IND,2015,14.625045
India,IND,2016,14.438
India,IND,2017,15.451419
India,IND,2018,16.293703
India,IND,2019,17.61671
India,IND,2020,19.006927
India,IND,2021,18.791103
India,IND,2022,20.189959
India,IND,2023,19.286749
India,IND,2024,19.80781
India,IND,2025,24.067062
Indonesia,IDN,1985,16.901121
Indonesia,IDN,1986,24.190905
Indonesia,IDN,1987,22.11833
Indonesia,IDN,1988,20.291437
Indonesia,IDN,1989,22.045029
Indonesia,IDN,1990,23.010492
Indonesia,IDN,1991,22.204845
Indonesia,IDN,1992,26.638681
Indonesia,IDN,1993,25.141516
Indonesia,IDN,1994,20.873459
Indonesia,IDN,1995,19.411617
Indonesia,IDN,1996,18.970045
Indonesia,IDN,1997,12.157132
Indonesia,IDN,1998,17.798302
Indonesia,IDN,1999,17.05412
Indonesia,IDN,2000,19.99184
Indonesia,IDN,2001,20.90241
Indonesia,IDN,2002,18.577494
Indonesia,IDN,2003,16.883892
Indonesia,IDN,2004,16.805578
Indonesia,IDN,2005,17.051697
Indonesia,IDN,2006,15.347826
Indonesia,IDN,2007,16.367926
Indonesia,IDN,2008,16.895447
Indonesia,IDN,2009,16.448702
Indonesia,IDN,2010,19.503267
Indonesia,IDN,2011,15.874504
Indonesia,IDN,2012,14.888017
Indonesia,IDN,2013,15.765166
Indonesia,IDN,2014,14.485982
Indonesia,IDN,2015,13.794805
Indonesia,IDN,2016,15.367891
Indonesia,IDN,2017,16.247227
Indonesia,IDN,2018,17.047817
Indonesia,IDN,2019,16.260492
Indonesia,IDN,2020,18.124186
Indonesia,IDN,2021,18.166538
Indonesia,IDN,2022,19.610842
Indonesia,IDN,2023,18.596691
Indonesia,IDN,2024,18.089573
Iran,IRN,1990,12.802012
Iran,IRN,1991,8.926353
Iran,IRN,1992,13.700914
Iran,IRN,1993,14.103045
Iran,IRN,1994,8.51316
Iran,IRN,1995,9.866869
Iran,IRN,1996,9.821708
Iran,IRN,1997,6.125816
Iran,IRN,1998,7.313571
Iran,IRN,1999,4.7035103
Iran,IRN,2000,3.2006702
Iran,IRN,2001,3.2526062
Iran,IRN,2002,5.816393
Iran,IRN,2003,6.3435545
Iran,IRN,2004,7.360531
Iran,IRN,2005,8.200147
Iran,IRN,2006,9.636561
Iran,IRN,2007,8.910989
Iran,IRN,2008,3.629626
Iran,IRN,2009,3.1333122
Iran,IRN,2010,4.4254923
Iran,IRN,2011,4.6309266
Iran,IRN,2012,5.1459355
Iran,IRN,2013,5.740555
Iran,IRN,2014,5.3513765
Iran,IRN,2015,4.7851844
Iran,IRN,2016,5.4518766
Iran,IRN,2017,5.786938
Iran,IRN,2018,3.4672642
Iran,IRN,2019,11.010411
Iran,IRN,2020,7.3930197
Iran,IRN,2021,4.3769817
Iran,IRN,2022,4.2963004
Iran,IRN,2023,6.473483
Iran,IRN,2024,5.3184767
Iran,IRN,2025,3.843044
Iraq,IRQ,1990,16.389647
Iraq,IRQ,1991,16.057545
Iraq,IRQ,1992,23.818045
Iraq,IRQ,1993,22.745764
Iraq,IRQ,1994,23.432074
Iraq,IRQ,1995,26.86892
Iraq,IRQ,1996,24.977062
Iraq,IRQ,1997,24.755814
Iraq,IRQ,1998,23.174026
Iraq,IRQ,1999,14.39694
Iraq,IRQ,2000,1.9122257
Iraq,IRQ,2001,1.9224806
Iraq,IRQ,2002,1.5357352
Iraq,IRQ,2003,1.5178256
Iraq,IRQ,2004,1.5174977
Iraq,IRQ,2005,19.736843
Iraq,IRQ,2006,18.031332
Iraq,IRQ,2007,17.26835
Iraq,IRQ,2008,9.436008
Iraq,IRQ,2009,8.533686
Iraq,IRQ,2010,9.752606
Iraq,IRQ,2011,6.3079777
Iraq,IRQ,2012,9.5393305
Iraq,IRQ,2013,8.166384
Iraq,IRQ,2014,4.33145
Iraq,IRQ,2015,3.6947904
Iraq,IRQ,2016,4.1865005
Iraq,IRQ,2017,2.393674
Iraq,IRQ,2018,1.9103749
Iraq,IRQ,2019,4.3572607
Iraq,IRQ,2020,3.876366
Iraq,IRQ,2021,3.0964637
Iraq,IRQ,2022,2.2635589
Iraq,IRQ,2023,1.2137095
Iraq,IRQ,2024,1.6229213
Ireland,IRL,1990,4.9261084
Ireland,IRL,1991,5.030181
Ireland,IRL,1992,5.266497
Ireland,IRL,1993,4.8387094
Ireland,IRL,1994,5.5985703
Ireland,IRL,1995,4.1548095
Ireland,IRL,1996,4.027557
Ireland,IRL,1997,4.1221375
Ireland,IRL,1998,5.659472
Ireland,IRL,1999,5.2025785
Ireland,IRL,2000,5.0359716
Ireland,IRL,2001,4.2293615
Ireland,IRL,2002,5.564516
Ireland,IRL,2003,4.631494
Ireland,IRL,2004,5.5952377
Ireland,IRL,2005,7.3828125
Ireland,IRL,2006,9.225092
Ireland,IRL,2007,10.014104
Ireland,IRL,2008,12.161711
Ireland,IRL,2009,14.867763
Ireland,IRL,2010,13.387784
Ireland,IRL,2011,20.220587
Ireland,IRL,2012,19.58763
Ireland,IRL,2013,22.287275
Ireland,IRL,2014,25.019333
Ireland,IRL,2015,28.302557
Ireland,IRL,2016,25.115513
Ireland,IRL,2017,29.262747
Ireland,IRL,2018,33.311855
Ireland,IRL,2019,38.71072
Ireland,IRL,2020,42.44403
Ireland,IRL,2021,37.05104
Ireland,IRL,2022,39.212784
Ireland,IRL,2023,45.26149
Ireland,IRL,2024,46.525097
Ireland,IRL,2025,48.142162
Israel,ISR,1990,0.014355715
Israel,ISR,1991,0.02788869
Israel,ISR,1992,0.11747454
Israel,ISR,1993,0.10000116
Israel,ISR,1994,0.08122702
Israel,ISR,1995,0.08213688
Israel,ISR,1996,0.0736888
Israel,ISR,1997,0.071202755
Israel,ISR,1998,0.065830365
Israel,ISR,1999,0.084124655
Israel,ISR,2000,0.07032349
Israel,ISR,2001,0.045506254
Israel,ISR,2002,0.06593406
Israel,ISR,2003,0.08503401
Israel,ISR,2004,0.08460237
Israel,ISR,2005,0.082287595
Israel,ISR,2006,0.03955696
Israel,ISR,2007,0.03718163
Israel,ISR,2008,0.070434935
Israel,ISR,2009,0.16444364
Israel,ISR,2010,0.29035014
Israel,ISR,2011,0.50335574
Israel,ISR,2012,0.77765435
Israel,ISR,2013,0.9295499
Israel,ISR,2014,1.5773907
Israel,ISR,2015,1.8994238
Israel,ISR,2016,2.5369349
Israel,ISR,2017,2.5059311
Israel,ISR,2018,2.7238483
Israel,ISR,2019,4.8273964
Israel,ISR,2020,6.103932
Israel,ISR,2021,7.852132
Israel,ISR,2022,9.717705
Israel,ISR,2023,11.791295
Israel,ISR,2024,13.80597
Israel,ISR,2025,16.930573
Italy,ITA,1985,23.650263
Italy,ITA,1986,22.94026
Italy,ITA,1987,21.228374
Italy,ITA,1988,21.62251
Italy,ITA,1989,17.742832
Italy,ITA,1990,16.373447
Italy,ITA,1991,20.844206
Italy,ITA,1992,20.55416
Italy,ITA,1993,20.578865
Italy,ITA,1994,21.092896
Italy,ITA,1995,17.466402
Italy,ITA,1996,19.307407
Italy,ITA,1997,18.738337
Italy,ITA,1998,18.32374
Italy,ITA,1999,19.795565
Italy,ITA,2000,18.844929
Italy,ITA,2001,19.988966
Italy,ITA,2002,17.407127
Italy,ITA,2003,16.369164
Italy,ITA,2004,18.34122
Italy,ITA,2005,16.437565
Italy,ITA,2006,16.570139
Italy,ITA,2007,15.586112
Italy,ITA,2008,18.666752
Italy,ITA,2009,24.18634
Italy,ITA,2010,25.94815
Italy,ITA,2011,27.801052
Italy,ITA,2012,31.234547
Italy,ITA,2013,39.158104
Italy,ITA,2014,43.640835
Italy,ITA,2015,38.930996
Italy,ITA,2016,37.772335
Italy,ITA,2017,35.567806
Italy,ITA,2018,39.995106
Italy,ITA,2019,39.94276
Italy,ITA,2020,42.231133
Italy,ITA,2021,40.74749
Italy,ITA,2022,35.8568
Italy,ITA,2023,44.5498
Italy,ITA,2024,50.17193
Italy,ITA,2025,48.77597
Jamaica,JAM,2000,4.5790253
Jamaica,JAM,2001,3.3873343
Jamaica,JAM,2002,2.1551726
Jamaica,JAM,2003,2.506964
Jamaica,JAM,2004,3.1724138
Jamaica,JAM,2005,3.614458
Jamaica,JAM,2006,3.7333333
Jamaica,JAM,2007,4.9504952
Jamaica,JAM,2008,6.1465716
Jamaica,JAM,2009,7.5
Jamaica,JAM,2010,7.638889
Jamaica,JAM,2011,8.715596
Jamaica,JAM,2012,10.208817
Jamaica,JAM,2013,9.32401
Jamaica,JAM,2014,9.859154
Jamaica,JAM,2015,10.280374
Jamaica,JAM,2016,12.249444
Jamaica,JAM,2017,11.643835
Jamaica,JAM,2018,14.646464
Jamaica,JAM,2019,12.715517
Jamaica,JAM,2020,13.785046
Jamaica,JAM,2021,13.333333
Jamaica,JAM,2022,12.917595
Jamaica,JAM,2023,12.159328
Jamaica,JAM,2024,12.601625
Japan,JPN,1985,14.223239
Japan,JPN,1986,13.989435
Japan,JPN,1987,12.457424
Japan,JPN,1988,14.100252
Japan,JPN,1989,13.602426
Japan,JPN,1990,11.1442
Japan,JPN,1991,11.639143
Japan,JPN,1992,10.02486
Japan,JPN,1993,11.247435
Japan,JPN,1994,7.9192533
Japan,JPN,1995,9.212627
Japan,JPN,1996,8.979606
Japan,JPN,1997,9.761911
Japan,JPN,1998,9.946743
Japan,JPN,1999,9.3160305
Japan,JPN,2000,9.187302
Japan,JPN,2001,9.077312
Japan,JPN,2002,8.942316
Japan,JPN,2003,10.262771
Japan,JPN,2004,10.027739
Japan,JPN,2005,8.914464
Japan,JPN,2006,9.831237
Japan,JPN,2007,8.622925
Japan,JPN,2008,8.615359
Japan,JPN,2009,8.732339
Japan,JPN,2010,10.22802
Japan,JPN,2011,10.278935
Japan,JPN,2012,10.058001
Japan,JPN,2013,11.082408
Japan,JPN,2014,12.599744
Japan,JPN,2015,14.951656
Japan,JPN,2016,14.268122
Japan,JPN,2017,15.16446
Japan,JPN,2018,16.191257
Japan,JPN,2019,16.842657
Japan,JPN,2020,19.09241
Japan,JPN,2021,20.116558
Japan,JPN,2022,20.48781
Japan,JPN,2023,22.137018
Japan,JPN,2024,22.935093
Japan,JPN,2025,23.569223
Jordan,JOR,2000,0.5427408
Jordan,JOR,2001,0.530504
Jordan,JOR,2002,0.61576355
Jordan,JOR,2003,0.62266505
Jordan,JOR,2004,0.66964287
Jordan,JOR,2005,0.6217617
Jordan,JOR,2006,0.53956836
Jordan,JOR,2007,0.54559624
Jordan,JOR,2008,0.49469966
Jordan,JOR,2009,0.49019608
Jordan,JOR,2010,0.473613
Jordan,JOR,2011,0.40983605
Jordan,JOR,2012,0.42194092
Jordan,JOR,2013,0.34762454
Jordan,JOR,2014,0.38314176
Jordan,JOR,2015,1.2067157
Jordan,JOR,2016,4.3721404
Jordan,JOR,2017,6.737247
Jordan,JOR,2018,10.603829
Jordan,JOR,2019,14.417925
Jordan,JOR,2020,18.937199
Jordan,JOR,2021,22.98689
Jordan,JOR,2022,23.128046
Jordan,JOR,2023,21.960453
Jordan,JOR,2024,24.081114
Kazakhstan,KAZ,1990,8.429943
Kazakhstan,KAZ,1991,8.373067
Kazakhstan,KAZ,1992,8.255777
Kazakhstan,KAZ,1993,9.794708
Kazakhstan,KAZ,1994,13.74575
Kazakhstan,KAZ,1995,12.482957
Kazakhstan,KAZ,1996,12.478934
Kazakhstan,KAZ,1997,12.498077
Kazakhstan,KAZ,1998,12.331326
Kazakhstan,KAZ,1999,12.964059
Kazakhstan,KAZ,2000,14.58172
Kazakhstan,KAZ,2001,14.590104
Kazakhstan,KAZ,2002,15.240871
Kazakhstan,KAZ,2003,13.498277
Kazakhstan,KAZ,2004,12.0388365
Kazakhstan,KAZ,2005,11.572438
Kazakhstan,KAZ,2006,10.842869
Kazakhstan,KAZ,2007,10.663012
Kazakhstan,KAZ,2008,9.284381
Kazakhstan,KAZ,2009,8.738727
Kazakhstan,KAZ,2010,9.703569
Kazakhstan,KAZ,2011,9.101409
Kazakhstan,KAZ,2012,8.43081
Kazakhstan,KAZ,2013,8.34683
Kazakhstan,KAZ,2014,8.738378
Kazakhstan,KAZ,2015,10.310966
Kazakhstan,KAZ,2016,12.659833
Kazakhstan,KAZ,2017,11.28782
Kazakhstan,KAZ,2018,10.169649
Kazakhstan,KAZ,2019,10.415101
Kazakhstan,KAZ,2020,10.990427
Kazakhstan,KAZ,2021,10.940215
Kazakhstan,KAZ,2022,11.706629
Kazakhstan,KAZ,2023,12.729994
Kazakhstan,KAZ,2024,15.213906
Kazakhstan,KAZ,2025,14.859729
Kenya,KEN,2000,40.37123
Kenya,KEN,2001,59.459457
Kenya,KEN,2002,76.69903
Kenya,KEN,2003,81.9343
Kenya,KEN,2004,70.45455
Kenya,KEN,2005,66.716415
Kenya,KEN,2006,62.84953
Kenya,KEN,2007,74.062965
Kenya,KEN,2008,72.68292
Kenya,KEN,2009,60.610687
Kenya,KEN,2010,74.44134
Kenya,KEN,2011,69.22095
Kenya,KEN,2012,77.47858
Kenya,KEN,2013,78.34158
Kenya,KEN,2014,76.41305
Kenya,KEN,2015,89.80632
Kenya,KEN,2016,89.2562
Kenya,KEN,2017,80.88643
Kenya,KEN,2018,86.28319
Kenya,KEN,2019,88.667816
Kenya,KEN,2020,93.578766
Kenya,KEN,2021,89.82229
Kenya,KEN,2022,87.80864
Kenya,KEN,2023,89.765625
Kenya,KEN,2024,91.47813
Kenya,KEN,2025,90.028496
Kiribati,KIR,2000,0
Kiribati,KIR,2001,0
Kiribati,KIR,2002,0
Kiribati,KIR,2003,0
Kiribati,KIR,2004,0
Kiribati,KIR,2005,0
Kiribati,KIR,2006,0
Kiribati,KIR,2007,0
Kiribati,KIR,2008,0
Kiribati,KIR,2009,0
Kiribati,KIR,2010,0
Kiribati,KIR,2011,0
Kiribati,KIR,2012,0
Kiribati,KIR,2013,0
Kiribati,KIR,2014,0
Kiribati,KIR,2015,0
Kiribati,KIR,2016,0
Kiribati,KIR,2017,0
Kiribati,KIR,2018,0
Kiribati,KIR,2019,25
Kiribati,KIR,2020,25
Kiribati,KIR,2021,25
Kiribati,KIR,2022,25
Kiribati,KIR,2023,25
Kiribati,KIR,2024,25
Kosovo,OWID_KOS,2000,1.6891892
Kosovo,OWID_KOS,2001,1.3404826
Kosovo,OWID_KOS,2002,1.347709
Kosovo,OWID_KOS,2003,1.3774104
Kosovo,OWID_KOS,2004,2.6960785
Kosovo,OWID_KOS,2005,2.4663677
Kosovo,OWID_KOS,2006,2.2573364
Kosovo,OWID_KOS,2007,1.8633541
Kosovo,OWID_KOS,2008,1.5503876
Kosovo,OWID_KOS,2009,2.414487
Kosovo,OWID_KOS,2010,3.0947773
Kosovo,OWID_KOS,2011,1.7241379
Kosovo,OWID_KOS,2012,1.6835017
Kosovo,OWID_KOS,2013,2.1472392
Kosovo,OWID_KOS,2014,2.7624311
Kosovo,OWID_KOS,2015,2.2913256
Kosovo,OWID_KOS,2016,4.180602
Kosovo,OWID_KOS,2017,3.0405407
Kosovo,OWID_KOS,2018,5.0761423
Kosovo,OWID_KOS,2019,4.88189
Kosovo,OWID_KOS,2020,5.3731346
Kosovo,OWID_KOS,2021,6.512301
Kosovo,OWID_KOS,2022,6.512301
Kosovo,OWID_KOS,2023,12.618297
Kosovo,OWID_KOS,2024,8.567208
Kosovo,OWID_KOS,2025,11.028037
Kuwait,KWT,1990,0
Kuwait,KWT,1991,0
Kuwait,KWT,1992,0
Kuwait,KWT,1993,0
Kuwait,KWT,1994,0
Kuwait,KWT,1995,0
Kuwait,KWT,1996,0
Kuwait,KWT,1997,0
Kuwait,KWT,1998,0
Kuwait,KWT,1999,0
Kuwait,KWT,2000,0
Kuwait,KWT,2001,0
Kuwait,KWT,2002,0
Kuwait,KWT,2003,0
Kuwait,KWT,2004,0
Kuwait,KWT,2005,0
Kuwait,KWT,2006,0
Kuwait,KWT,2007,0
Kuwait,KWT,2008,0
Kuwait,KWT,2009,0
Kuwait,KWT,2010,0
Kuwait,KWT,2011,0
Kuwait,KWT,2012,0
Kuwait,KWT,2013,0.01639613
Kuwait,KWT,2014,0.0153491935
Kuwait,KWT,2015,0.014641288
Kuwait,KWT,2016,0.02853067
Kuwait,KWT,2017,0.058063578
Kuwait,KWT,2018,0.12140834
Kuwait,KWT,2019,0.13326226
Kuwait,KWT,2020,0.12057878
Kuwait,KWT,2021,0.25990096
Kuwait,KWT,2022,2.2276938
Kuwait,KWT,2023,2.1278965
Kuwait,KWT,2024,2.2380798
Kuwait,KWT,2025,2.2380798
Kyrgyzstan,KGZ,2000,85.48896
Kyrgyzstan,KGZ,2001,83.119514
Kyrgyzstan,KGZ,2002,82.28043
Kyrgyzstan,KGZ,2003,86.658035
Kyrgyzstan,KGZ,2004,86.32426
Kyrgyzstan,KGZ,2005,85.48278
Kyrgyzstan,KGZ,2006,84.87973
Kyrgyzstan,KGZ,2007,85.78231
Kyrgyzstan,KGZ,2008,85.714294
Kyrgyzstan,KGZ,2009,92.0765
Kyrgyzstan,KGZ,2010,91.74312
Kyrgyzstan,KGZ,2011,93.27115
Kyrgyzstan,KGZ,2012,93.41318
Kyrgyzstan,KGZ,2013,93.3908
Kyrgyzstan,KGZ,2014,91.19889
Kyrgyzstan,KGZ,2015,85.06192
Kyrgyzstan,KGZ,2016,86.539925
Kyrgyzstan,KGZ,2017,91.476906
Kyrgyzstan,KGZ,2018,91.83409
Kyrgyzstan,KGZ,2019,91.58317
Kyrgyzstan,KGZ,2020,90.77922
Kyrgyzstan,KGZ,2021,85.60105
Kyrgyzstan,KGZ,2022,86.10709
Kyrgyzstan,KGZ,2023,86.47059
Kyrgyzstan,KGZ,2024,88.77615
Kyrgyzstan,KGZ,2025,84.7275
Laos,LAO,2000,89.863014
Laos,LAO,2001,89.91825
Laos,LAO,2002,89.91597
Laos,LAO,2003,89.84126
Laos,LAO,2004,100
Laos,LAO,2005,100
Laos,LAO,2006,100
Laos,LAO,2007,100
Laos,LAO,2008,100
Laos,LAO,2009,100
Laos,LAO,2010,100
Laos,LAO,2011,100
Laos,LAO,2012,100
Laos,LAO,2013,100
Laos,LAO,2014,100
Laos,LAO,2015,86.01485
Laos,LAO,2016,68.77207
Laos,LAO,2017,64.82137
Laos,LAO,2018,65.078445
Laos,LAO,2019,63.476315
Laos,LAO,2020,71.5966
Laos,LAO,2021,73.5412
Laos,LAO,2022,76.13636
Laos,LAO,2023,76.71128
Laos,LAO,2024,76.71574
Latin America and Caribbean (Ember),,2000,60.04445
Latin America and Caribbean (Ember),,2001,56.657032
Latin America and Caribbean (Ember),,2002,57.15228
Latin America and Caribbean (Ember),,2003,56.60687
Latin America and Caribbean (Ember),,2004,56.462414
Latin America and Caribbean (Ember),,2005,57.37166
Latin America and Caribbean (Ember),,2006,57.440407
Latin America and Caribbean (Ember),,2007,56.998898
Latin America and Caribbean (Ember),,2008,56.608715
Latin America and Caribbean (Ember),,2009,57.121494
Latin America and Caribbean (Ember),,2010,56.2086
Latin America and Caribbean (Ember),,2011,57.155655
Latin America and Caribbean (Ember),,2012,54.35203
Latin America and Caribbean (Ember),,2013,52.070667
Latin America and Caribbean (Ember),,2014,51.300713
Latin America and Caribbean (Ember),,2015,50.88009
Latin America and Caribbean (Ember),,2016,52.61707
Latin America and Caribbean (Ember),,2017,54.199512
Latin America and Caribbean (Ember),,2018,55.226124
Latin America and Caribbean (Ember),,2019,55.12709
Latin America and Caribbean (Ember),,2020,58.3252
Latin America and Caribbean (Ember),,2021,57.44962
Latin America and Caribbean (Ember),,2022,62.04692
Latin America and Caribbean (Ember),,2023,62.35421
Latin America and Caribbean (Ember),,2024,62.54539
Latin America and Caribbean (Ember),,2025,63.47526
Latvia,LVA,1990,67.669174
Latvia,LVA,1991,58.053097
Latvia,LVA,1992,65.625
Latvia,LVA,1993,73.28245
Latvia,LVA,1994,74.549545
Latvia,LVA,1995,73.68421
Latvia,LVA,1996,59.615387
Latvia,LVA,1997,65.410194
Latvia,LVA,1998,74.48276
Latvia,LVA,1999,67.15328
Latvia,LVA,2000,68.115944
Latvia,LVA,2001,66.276344
Latvia,LVA,2002,62.468513
Latvia,LVA,2003,58.942062
Latvia,LVA,2004,68.23028
Latvia,LVA,2005,69.5122
Latvia,LVA,2006,57.055214
Latvia,LVA,2007,59.243694
Latvia,LVA,2008,60.910816
Latvia,LVA,2009,63.913822
Latvia,LVA,2010,54.901962
Latvia,LVA,2011,50.57471
Latvia,LVA,2012,66.61264
Latvia,LVA,2013,56.935486
Latvia,LVA,2014,54.47471
Latvia,LVA,2015,50.180504
Latvia,LVA,2016,54.20561
Latvia,LVA,2017,72.50996
Latvia,LVA,2018,51.934525
Latvia,LVA,2019,49.53416
Latvia,LVA,2020,63.636368
Latvia,LVA,2021,63.589745
Latvia,LVA,2022,75.94433
Latvia,LVA,2023,77.74294
Latvia,LVA,2024,73.45972
Latvia,LVA,2025,73.04625
Lebanon,LBN,2000,4.4221106
Lebanon,LBN,2001,3.3165832
Lebanon,LBN,2002,5.8008657
Lebanon,LBN,2003,10.440835
Lebanon,LBN,2004,9.702798
Lebanon,LBN,2005,8.866156
Lebanon,LBN,2006,6.0900264
Lebanon,LBN,2007,5.487228
Lebanon,LBN,2008,2.9718876
Lebanon,LBN,2009,4.7765794
Lebanon,LBN,2010,5.283259
Lebanon,LBN,2011,4.9079757
Lebanon,LBN,2012,6.0753345
Lebanon,LBN,2013,6.702128
Lebanon,LBN,2014,1.1686144
Lebanon,LBN,2015,2.6824036
Lebanon,LBN,2016,2.215353
Lebanon,LBN,2017,2.2588234
Lebanon,LBN,2018,2.2086465
Lebanon,LBN,2019,5.187587
Lebanon,LBN,2020,6.739726
Lebanon,LBN,2021,9.284332
Lebanon,LBN,2022,45.537758
Lebanon,LBN,2023,34.076435
Lebanon,LBN,2024,43.82022
Lesotho,LSO,2000,100
Lesotho,LSO,2001,100
Lesotho,LSO,2002,100
Lesotho,LSO,2003,100
Lesotho,LSO,2004,100
Lesotho,LSO,2005,100
Lesotho,LSO,2006,100
Lesotho,LSO,2007,100
Lesotho,LSO,2008,100
Lesotho,LSO,2009,100
Lesotho,LSO,2010,100
Lesotho,LSO,2011,100
Lesotho,LSO,2012,100
Lesotho,LSO,2013,100
Lesotho,LSO,2014,100
Lesotho,LSO,2015,100
Lesotho,LSO,2016,100
Lesotho,LSO,2017,100
Lesotho,LSO,2018,100
Lesotho,LSO,2019,100
Lesotho,LSO,2020,100
Lesotho,LSO,2021,100
Lesotho,LSO,2022,100
Liberia,LBR,2000,0
Liberia,LBR,2001,0
Liberia,LBR,2002,0
Liberia,LBR,2003,0
Liberia,LBR,2004,0
Liberia,LBR,2005,0
Liberia,LBR,2006,0
Liberia,LBR,2007,0
Liberia,LBR,2008,0
Liberia,LBR,2009,0
Liberia,LBR,2010,0
Liberia,LBR,2011,0
Liberia,LBR,2012,0
Liberia,LBR,2013,0
Liberia,LBR,2014,0
Liberia,LBR,2015,0
Liberia,LBR,2016,0
Liberia,LBR,2017,0
Liberia,LBR,2018,31.707315
Liberia,LBR,2019,30.952381
Liberia,LBR,2020,28.88889
Liberia,LBR,2021,34.210526
Liberia,LBR,2022,33.333332
Liberia,LBR,2023,57.37705
Liberia,LBR,2024,54.385967
Libya,LBY,2000,0
Libya,LBY,2001,0
Libya,LBY,2002,0
Libya,LBY,2003,0
Libya,LBY,2004,0
Libya,LBY,2005,0
Libya,LBY,2006,0
Libya,LBY,2007,0
Libya,LBY,2008,0
Libya,LBY,2009,0
Libya,LBY,2010,0.030712528
Libya,LBY,2011,0.03844675
Libya,LBY,2012,0.02916302
Libya,LBY,2013,0.026364354
Libya,LBY,2014,0.026504109
Libya,LBY,2015,0.026659558
Libya,LBY,2016,0.03182686
Libya,LBY,2017,0.030048078
Libya,LBY,2018,0.029256875
Libya,LBY,2019,0.028876696
Libya,LBY,2020,0.033898305
Libya,LBY,2021,0.028743891
Libya,LBY,2022,0.028481914
Libya,LBY,2023,0.02962963
Libya,LBY,2024,0.02891009
Lithuania,LTU,1990,1.4436619
Lithuania,LTU,1991,1.1576438
Lithuania,LTU,1992,1.6711591
Lithuania,LTU,1993,2.7997127
Lithuania,LTU,1994,4.6106553
Lithuania,LTU,1995,2.7366862
Lithuania,LTU,1996,2.0320199
Lithuania,LTU,1997,2.0847812
Lithuania,LTU,1998,2.4489796
Lithuania,LTU,1999,3.1345565
Lithuania,LTU,2000,3.054807
Lithuania,LTU,2001,2.2980504
Lithuania,LTU,2002,2.0242913
Lithuania,LTU,2003,1.7534539
Lithuania,LTU,2004,2.2933333
Lithuania,LTU,2005,3.190014
Lithuania,LTU,2006,3.562552
Lithuania,LTU,2007,4.309064
Lithuania,LTU,2008,4.5011253
Lithuania,LTU,2009,4.644809
Lithuania,LTU,2010,18.2
Lithuania,LTU,2011,26.117647
Lithuania,LTU,2012,26.222221
Lithuania,LTU,2013,36.51551
Lithuania,LTU,2014,40.92141
Lithuania,LTU,2015,39.716312
Lithuania,LTU,2016,57.851234
Lithuania,LTU,2017,71.06741
Lithuania,LTU,2018,75.34247
Lithuania,LTU,2019,73.952095
Lithuania,LTU,2020,54.68085
Lithuania,LTU,2021,60.930225
Lithuania,LTU,2022,74.75247
Lithuania,LTU,2023,83.77358
Lithuania,LTU,2024,84.303116
Lithuania,LTU,2025,77.615295
Low-income countries,OWID_LIC,2000,48.089767
Low-income countries,OWID_LIC,2001,48.916836
Low-income countries,OWID_LIC,2002,47.807228
Low-income countries,OWID_LIC,2003,46.03101
Low-income countries,OWID_LIC,2004,47.977383
Low-income countries,OWID_LIC,2005,47.405186
Low-income countries,OWID_LIC,2006,46.097862
Low-income countries,OWID_LIC,2007,46.760796
Low-income countries,OWID_LIC,2008,44.259964
Low-income countries,OWID_LIC,2009,43.371166
Low-income countries,OWID_LIC,2010,45.81595
Low-income countries,OWID_LIC,2011,49.680153
Low-income countries,OWID_LIC,2012,53.62446
Low-income countries,OWID_LIC,2013,58.36764
Low-income countries,OWID_LIC,2014,60.949566
Low-income countries,OWID_LIC,2015,59.30839
Low-income countries,OWID_LIC,2016,58.380333
Low-income countries,OWID_LIC,2017,57.889008
Low-income countries,OWID_LIC,2018,56.610966
Low-income countries,OWID_LIC,2019,57.575535
Low-income countries,OWID_LIC,2020,60.950222
Low-income countries,OWID_LIC,2021,62.353626
Low-income countries,OWID_LIC,2022,65.14905
Low-income countries,OWID_LIC,2023,61.908592
Low-income countries,OWID_LIC,2024,63.80505
Lower-middle-income countries,OWID_LMC,2000,25.668194
Lower-middle-income countries,OWID_LMC,2001,24.428019
Lower-middle-income countries,OWID_LMC,2002,23.743097
Lower-middle-income countries,OWID_LMC,2003,24.155703
Lower-middle-income countries,OWID_LMC,2004,25.954285
Lower-middle-income countries,OWID_LMC,2005,26.351032
Lower-middle-income countries,OWID_LMC,2006,26.858776
Lower-middle-income countries,OWID_LMC,2007,26.746548
Lower-middle-income countries,OWID_LMC,2008,25.956892
Lower-middle-income countries,OWID_LMC,2009,24.646324
Lower-middle-income countries,OWID_LMC,2010,24.370441
Lower-middle-income countries,OWID_LMC,2011,24.881437
Lower-middle-income countries,OWID_LMC,2012,23.331848
Lower-middle-income countries,OWID_LMC,2013,23.857548
Lower-middle-income countries,OWID_LMC,2014,22.390596
Lower-middle-income countries,OWID_LMC,2015,21.731764
Lower-middle-income countries,OWID_LMC,2016,20.618357
Lower-middle-income countries,OWID_LMC,2017,21.24938
Lower-middle-income countries,OWID_LMC,2018,21.796442
Lower-middle-income countries,OWID_LMC,2019,22.685926
Lower-middle-income countries,OWID_LMC,2020,24.59912
Lower-middle-income countries,OWID_LMC,2021,24.616705
Lower-middle-income countries,OWID_LMC,2022,25.514147
Lower-middle-income countries,OWID_LMC,2023,25.0732
Lower-middle-income countries,OWID_LMC,2024,25.822786
Luxembourg,LUX,1990,12.903225
Luxembourg,LUX,1991,12.857143
Luxembourg,LUX,1992,12.121211
Luxembourg,LUX,1993,11.940298
Luxembourg,LUX,1994,18.644068
Luxembourg,LUX,1995,22.448978
Luxembourg,LUX,1996,17.777779
Luxembourg,LUX,1997,24.390244
Luxembourg,LUX,1998,40.540543
Luxembourg,LUX,1999,36.111107
Luxembourg,LUX,2000,40
Luxembourg,LUX,2001,19.54023
Luxembourg,LUX,2002,5.357143
Luxembourg,LUX,2003,5.0179214
Luxembourg,LUX,2004,5.6379824
Luxembourg,LUX,2005,6.2686567
Luxembourg,LUX,2006,7.062147
Luxembourg,LUX,2007,8.15047
Luxembourg,LUX,2008,10.294118
Luxembourg,LUX,2009,8.571428
Luxembourg,LUX,2010,8.333334
Luxembourg,LUX,2011,9.090908
Luxembourg,LUX,2012,11.231884
Luxembourg,LUX,2013,19.565218
Luxembourg,LUX,2014,20.94241
Luxembourg,LUX,2015,32.089554
Luxembourg,LUX,2016,58.227848
Luxembourg,LUX,2017,66.66667
Luxembourg,LUX,2018,70.833336
Luxembourg,LUX,2019,74.76635
Luxembourg,LUX,2020,79.508194
Luxembourg,LUX,2021,80.4878
Luxembourg,LUX,2022,85.95041
Luxembourg,LUX,2023,89.3617
Luxembourg,LUX,2024,90.72848
Luxembourg,LUX,2025,91.55844
Macao,MAC,2000,0
Macao,MAC,2001,3.8216558
Macao,MAC,2002,4.117647
Macao,MAC,2003,8.333334
Macao,MAC,2004,7.6142135
Macao,MAC,2005,7.8817735
Macao,MAC,2006,10.179641
Macao,MAC,2007,11.184211
Macao,MAC,2008,14.876033
Macao,MAC,2009,12.328767
Macao,MAC,2010,18.518518
Macao,MAC,2011,23.595505
Macao,MAC,2012,41.07143
Macao,MAC,2013,58.536583
Macao,MAC,2014,40.625
Macao,MAC,2015,21.052631
Macao,MAC,2016,20.20202
Macao,MAC,2017,14.285713
Macao,MAC,2018,27.69231
Macao,MAC,2019,26.190477
Macao,MAC,2020,33.92857
Macao,MAC,2021,42
Macao,MAC,2022,40.816326
Macao,MAC,2023,33.333332
Macao,MAC,2024,30.769232
Madagascar,MDG,2000,63.953487
Madagascar,MDG,2001,61.36364
Madagascar,MDG,2002,63.953487
Madagascar,MDG,2003,63.541668
Madagascar,MDG,2004,60.95238
Madagascar,MDG,2005,61.320755
Madagascar,MDG,2006,59.81308
Madagascar,MDG,2007,64.28571
Madagascar,MDG,2008,59.322037
Madagascar,MDG,2009,62.18487
Madagascar,MDG,2010,54.615383
Madagascar,MDG,2011,47.619045
Madagascar,MDG,2012,49.358974
Madagascar,MDG,2013,50.303032
Madagascar,MDG,2014,52.90698
Madagascar,MDG,2015,54.189945
Madagascar,MDG,2016,48.421055
Madagascar,MDG,2017,41.91919
Madagascar,MDG,2018,43.27731
Madagascar,MDG,2019,38.461536
Madagascar,MDG,2020,40.740738
Madagascar,MDG,2021,33.20158
Madagascar,MDG,2022,35.227272
Madagascar,MDG,2023,43.951614
Madagascar,MDG,2024,42.38683
Malawi,MWI,2000,90.08264
Malawi,MWI,2001,90.983604
Malawi,MWI,2002,90.625
Malawi,MWI,2003,92.36642
Malawi,MWI,2004,90.47619
Malawi,MWI,2005,89.54249
Malawi,MWI,2006,89.17197
Malawi,MWI,2007,90.506325
Malawi,MWI,2008,92.94118
Malawi,MWI,2009,92.81437
Malawi,MWI,2010,93.75
Malawi,MWI,2011,93.90863
Malawi,MWI,2012,93.65854
Malawi,MWI,2013,93.65854
Malawi,MWI,2014,94.47004
Malawi,MWI,2015,94.00921
Malawi,MWI,2016,93.95348
Malawi,MWI,2017,100
Malawi,MWI,2018,81.76796
Malawi,MWI,2019,96.111115
Malawi,MWI,2020,99.42857
Malawi,MWI,2021,95.62841
Malawi,MWI,2022,95.62841
Malawi,MWI,2023,95.62841
Malawi,MWI,2024,95.62841
Malaysia,MYS,1985,25.216927
Malaysia,MYS,1986,25.54464
Malaysia,MYS,1987,28.505014
Malaysia,MYS,1988,29.603834
Malaysia,MYS,1989,24.60873
Malaysia,MYS,1990,17.495173
Malaysia,MYS,1991,16.756989
Malaysia,MYS,1992,13.657899
Malaysia,MYS,1993,13.914475
Malaysia,MYS,1994,16.307709
Malaysia,MYS,1995,13.350653
Malaysia,MYS,1996,9.7061615
Malaysia,MYS,1997,6.962513
Malaysia,MYS,1998,6.9487243
Malaysia,MYS,1999,11.078236
Malaysia,MYS,2000,10.815451
Malaysia,MYS,2001,8.762206
Malaysia,MYS,2002,7.1843696
Malaysia,MYS,2003,6.6138525
Malaysia,MYS,2004,6.402249
Malaysia,MYS,2005,6.683544
Malaysia,MYS,2006,6.673719
Malaysia,MYS,2007,6.1906953
Malaysia,MYS,2008,7.5639105
Malaysia,MYS,2009,7.1311684
Malaysia,MYS,2010,6.09405
Malaysia,MYS,2011,7.554891
Malaysia,MYS,2012,8.02506
Malaysia,MYS,2013,9.250195
Malaysia,MYS,2014,9.703669
Malaysia,MYS,2015,9.952701
Malaysia,MYS,2016,13.463135
Malaysia,MYS,2017,17.39293
Malaysia,MYS,2018,16.596317
Malaysia,MYS,2019,16.134453
Malaysia,MYS,2020,17.57945
Malaysia,MYS,2021,19.251183
Malaysia,MYS,2022,19.47394
Malaysia,MYS,2023,19.158678
Malaysia,MYS,2024,20.366444
Malaysia,MYS,2025,20.652445
Maldives,MDV,2000,0
Maldives,MDV,2001,0
Maldives,MDV,2002,0
Maldives,MDV,2003,0
Maldives,MDV,2004,0
Maldives,MDV,2005,0
Maldives,MDV,2006,0
Maldives,MDV,2007,0
Maldives,MDV,2008,0
Maldives,MDV,2009,0
Maldives,MDV,2010,0
Maldives,MDV,2011,0
Maldives,MDV,2012,0
Maldives,MDV,2013,0
Maldives,MDV,2014,1.8518517
Maldives,MDV,2015,1.6129031
Maldives,MDV,2016,1.4925373
Maldives,MDV,2017,2.7397258
Maldives,MDV,2018,3.7974682
Maldives,MDV,2019,3.7037036
Maldives,MDV,2020,4.878049
Maldives,MDV,2021,5.952381
Maldives,MDV,2022,7.058823
Maldives,MDV,2023,7.058823
Maldives,MDV,2024,7.058823
Mali,MLI,2000,26.415096
Mali,MLI,2001,26.168222
Mali,MLI,2002,26.126125
Mali,MLI,2003,25.225225
Mali,MLI,2004,23.809525
Mali,MLI,2005,33.557045
Mali,MLI,2006,33.757957
Mali,MLI,2007,32.91139
Mali,MLI,2008,34.254147
Mali,MLI,2009,46.15385
Mali,MLI,2010,49.152542
Mali,MLI,2011,56.48148
Mali,MLI,2012,57.14286
Mali,MLI,2013,54.09091
Mali,MLI,2014,58.16733
Mali,MLI,2015,48.207172
Mali,MLI,2016,51.986755
Mali,MLI,2017,45.639534
Mali,MLI,2018,40.166206
Mali,MLI,2019,38.320213
Mali,MLI,2020,40.862946
Mali,MLI,2021,39.086292
Mali,MLI,2022,42.857143
Mali,MLI,2023,19.800333
Mali,MLI,2024,19.463087
Malta,MLT,1990,0
Malta,MLT,1991,0
Malta,MLT,1992,0
Malta,MLT,1993,0
Malta,MLT,1994,0
Malta,MLT,1995,0
Malta,MLT,1996,0
Malta,MLT,1997,0
Malta,MLT,1998,0
Malta,MLT,1999,0
Malta,MLT,2000,0
Malta,MLT,2001,0
Malta,MLT,2002,0
Malta,MLT,2003,0
Malta,MLT,2004,0
Malta,MLT,2005,0
Malta,MLT,2006,0
Malta,MLT,2007,0
Malta,MLT,2008,0
Malta,MLT,2009,0
Malta,MLT,2010,0
Malta,MLT,2011,0
Malta,MLT,2012,1.3043479
Malta,MLT,2013,1.7699115
Malta,MLT,2014,3.5555556
Malta,MLT,2015,7.692308
Malta,MLT,2016,16.27907
Malta,MLT,2017,10.303031
Malta,MLT,2018,10.152285
Malta,MLT,2019,10.144928
Malta,MLT,2020,11.627907
Malta,MLT,2021,12.162163
Malta,MLT,2022,13.043479
Malta,MLT,2023,13.617022
Malta,MLT,2024,15.525114
Malta,MLT,2025,15.981734
Martinique,MTQ,2000,0
Martinique,MTQ,2001,0
Martinique,MTQ,2002,0.7407407
Martinique,MTQ,2003,0.71428573
Martinique,MTQ,2004,0.6944444
Martinique,MTQ,2005,0.6944444
Martinique,MTQ,2006,0.6802721
Martinique,MTQ,2007,1.3513513
Martinique,MTQ,2008,1.9607843
Martinique,MTQ,2009,1.9480519
Martinique,MTQ,2010,1.863354
Martinique,MTQ,2011,3.1847134
Martinique,MTQ,2012,5.6603775
Martinique,MTQ,2013,5.6962028
Martinique,MTQ,2014,5.806452
Martinique,MTQ,2015,5.7692313
Martinique,MTQ,2016,5.6962028
Martinique,MTQ,2017,5.7692313
Martinique,MTQ,2018,11.688313
Martinique,MTQ,2019,25.161291
Martinique,MTQ,2020,22.666666
Martinique,MTQ,2021,25.165564
Martinique,MTQ,2022,26.174496
Martinique,MTQ,2023,25.827814
Mauritania,MRT,2000,7.142857
Mauritania,MRT,2001,6.3829784
Mauritania,MRT,2002,5.6603775
Mauritania,MRT,2003,8
Mauritania,MRT,2004,7.407407
Mauritania,MRT,2005,9.433963
Mauritania,MRT,2006,8.064516
Mauritania,MRT,2007,7.8125005
Mauritania,MRT,2008,8.333333
Mauritania,MRT,2009,14.285714
Mauritania,MRT,2010,14.117646
Mauritania,MRT,2011,14.942528
Mauritania,MRT,2012,14.583334
Mauritania,MRT,2013,21.42857
Mauritania,MRT,2014,21.359224
Mauritania,MRT,2015,27.586206
Mauritania,MRT,2016,25
Mauritania,MRT,2017,24.444445
Mauritania,MRT,2018,30.136986
Mauritania,MRT,2019,29.936304
Mauritania,MRT,2020,28.834356
Mauritania,MRT,2021,28.48101
Mauritania,MRT,2022,27.439024
Mauritania,MRT,2023,21.531101
Mauritania,MRT,2024,22.705315
Mauritius,MUS,2000,29.37853
Mauritius,MUS,2001,28.645834
Mauritius,MUS,2002,27.551022
Mauritius,MUS,2003,27.272728
Mauritius,MUS,2004,27.314812
Mauritius,MUS,2005,24.77876
Mauritius,MUS,2006,22.457626
Mauritius,MUS,2007,22.357723
Mauritius,MUS,2008,23.437502
Mauritius,MUS,2009,23.735409
Mauritius,MUS,2010,24.163567
Mauritius,MUS,2011,19.78022
Mauritius,MUS,2012,20.430107
Mauritius,MUS,2013,20.27972
Mauritius,MUS,2014,20.408163
Mauritius,MUS,2015,22.742476
Mauritius,MUS,2016,21.967215
Mauritius,MUS,2017,19.935692
Mauritius,MUS,2018,20.512821
Mauritius,MUS,2019,21.671825
Mauritius,MUS,2020,24.13793
Mauritius,MUS,2021,21.404682
Mauritius,MUS,2022,19.551283
Mauritius,MUS,2023,17.431192
Mauritius,MUS,2024,17.888563
Mexico,MEX,1985,31.253572
Mexico,MEX,1986,24.793179
Mexico,MEX,1987,22.326666
Mexico,MEX,1988,23.58453
Mexico,MEX,1989,25.0145
Mexico,MEX,1990,25.177782
Mexico,MEX,1991,22.136204
Mexico,MEX,1992,25.08641
Mexico,MEX,1993,24.627949
Mexico,MEX,1994,18.134735
Mexico,MEX,1995,22.629656
Mexico,MEX,1996,23.968714
Mexico,MEX,1997,19.348513
Mexico,MEX,1998,16.985353
Mexico,MEX,1999,20.42142
Mexico,MEX,2000,19.379236
Mexico,MEX,2001,16.516031
Mexico,MEX,2002,14.351273
Mexico,MEX,2003,11.929747
Mexico,MEX,2004,13.794129
Mexico,MEX,2005,14.469493
Mexico,MEX,2006,14.829268
Mexico,MEX,2007,13.617715
Mexico,MEX,2008,17.598127
Mexico,MEX,2009,13.0340605
Mexico,MEX,2010,16.86323
Mexico,MEX,2011,15.721376
Mexico,MEX,2012,14.528155
Mexico,MEX,2013,13.502961
Mexico,MEX,2014,17.683712
Mexico,MEX,2015,15.5432415
Mexico,MEX,2016,15.289527
Mexico,MEX,2017,15.430429
Mexico,MEX,2018,15.814939
Mexico,MEX,2019,16.687466
Mexico,MEX,2020,21.29678
Mexico,MEX,2021,24.9825
Mexico,MEX,2022,24.439219
Mexico,MEX,2023,20.267273
Mexico,MEX,2024,21.116055
Mexico,MEX,2025,23.091576
Middle East (EI),,1985,5.687744
Middle East (EI),,1986,5.6142855
Middle East (EI),,1987,6.4858704
Middle East (EI),,1988,6.245862
Middle East (EI),,1989,5.1937556
Middle East (EI),,1990,5.916399
Middle East (EI),,1991,4.433955
Middle East (EI),,1992,6.2344046
Middle East (EI),,1993,6.267956
Middle East (EI),,1994,4.8721848
Middle East (EI),,1995,5.263788
Middle East (EI),,1996,5.026432
Middle East (EI),,1997,4.0112405
Middle East (EI),,1998,4.0260396
Middle East (EI),,1999,2.6437502
Middle East (EI),,2000,2.25078
Middle East (EI),,2001,2.2923808
Middle East (EI),,2002,3.087682
Middle East (EI),,2003,3.2278824
Middle East (EI),,2004,3.806852
Middle East (EI),,2005,3.6461668
Middle East (EI),,2006,4.069526
Middle East (EI),,2007,3.5907817
Middle East (EI),,2008,1.7992295
Middle East (EI),,2009,1.5202546
Middle East (EI),,2010,1.9886389
Middle East (EI),,2011,2.0692804
Middle East (EI),,2012,2.2846892
Middle East (EI),,2013,2.4367554
Middle East (EI),,2014,2.0055888
Middle East (EI),,2015,1.6825849
Middle East (EI),,2016,2.0462573
Middle East (EI),,2017,2.053479
Middle East (EI),,2018,1.6364396
Middle East (EI),,2019,4.127981
Middle East (EI),,2020,3.597833
Middle East (EI),,2021,3.0102983
Middle East (EI),,2022,3.3110979
Middle East (EI),,2023,4.6295595
Middle East (EI),,2024,5.02429
Middle East (EI),,2025,5.7567763
Middle East (Ember),,2000,1.6977928
Middle East (Ember),,2001,1.6876975
Middle East (Ember),,2002,2.167638
Middle East (Ember),,2003,2.4745698
Middle East (Ember),,2004,2.9442742
Middle East (Ember),,2005,3.936674
Middle East (Ember),,2006,4.2039213
Middle East (Ember),,2007,3.7562335
Middle East (Ember),,2008,1.8692794
Middle East (Ember),,2009,1.5817806
Middle East (Ember),,2010,2.1015313
Middle East (Ember),,2011,2.0112228
Middle East (Ember),,2012,2.261012
Middle East (Ember),,2013,2.476196
Middle East (Ember),,2014,2.0304995
Middle East (Ember),,2015,1.690506
Middle East (Ember),,2016,2.0435603
Middle East (Ember),,2017,2.056754
Middle East (Ember),,2018,1.6186677
Middle East (Ember),,2019,4.133026
Middle East (Ember),,2020,3.600938
Middle East (Ember),,2021,3.0145905
Middle East (Ember),,2022,3.5100267
Middle East (Ember),,2023,4.7166457
Middle East (Ember),,2024,4.939614
Middle East (Ember),,2025,5.0754232
Moldova,MDA,2000,7.1559634
Moldova,MDA,2001,6.1538463
Moldova,MDA,2002,6.2056737
Moldova,MDA,2003,6.239168
Moldova,MDA,2004,6.0344825
Moldova,MDA,2005,6.0301514
Moldova,MDA,2006,6.0855265
Moldova,MDA,2007,5.962521
Moldova,MDA,2008,6.322795
Moldova,MDA,2009,5.654281
Moldova,MDA,2010,6.5466447
Moldova,MDA,2011,6.055363
Moldova,MDA,2012,4.6471605
Moldova,MDA,2013,6.873614
Moldova,MDA,2014,6.1452518
Moldova,MDA,2015,4.470199
Moldova,MDA,2016,4.102564
Moldova,MDA,2017,6.25
Moldova,MDA,2018,5.947955
Moldova,MDA,2019,6.5026364
Moldova,MDA,2020,5.825243
Moldova,MDA,2021,6.606607
Moldova,MDA,2022,9.5684805
Moldova,MDA,2023,9.606299
Moldova,MDA,2024,10.708402
Moldova,MDA,2025,11.201299
Mongolia,MNG,2000,0
Mongolia,MNG,2001,0
Mongolia,MNG,2002,0
Mongolia,MNG,2003,0
Mongolia,MNG,2004,0
Mongolia,MNG,2005,0
Mongolia,MNG,2006,0
Mongolia,MNG,2007,0
Mongolia,MNG,2008,0.25
Mongolia,MNG,2009,0.7425743
Mongolia,MNG,2010,1.1574074
Mongolia,MNG,2011,1.3215859
Mongolia,MNG,2012,1.2474012
Mongolia,MNG,2013,2.3904383
Mongolia,MNG,2014,3.9033456
Mongolia,MNG,2015,3.9927404
Mongolia,MNG,2016,4.409171
Mongolia,MNG,2017,4.145937
Mongolia,MNG,2018,6.697108
Mongolia,MNG,2019,9.942363
Mongolia,MNG,2020,10.240964
Mongolia,MNG,2021,11.155913
Mongolia,MNG,2022,9.806452
Mongolia,MNG,2023,9.167672
Mongolia,MNG,2024,8.843537
Mongolia,MNG,2025,8.359134
Montenegro,MNE,2005,65.1568
Montenegro,MNE,2006,59.322033
Montenegro,MNE,2007,59.81308
Montenegro,MNE,2008,54.41696
Montenegro,MNE,2009,75
Montenegro,MNE,2010,68.40796
Montenegro,MNE,2011,45.28302
Montenegro,MNE,2012,51.92983
Montenegro,MNE,2013,63.451775
Montenegro,MNE,2014,55.205048
Montenegro,MNE,2015,49.666668
Montenegro,MNE,2016,58.598724
Montenegro,MNE,2017,45.16129
Montenegro,MNE,2018,59.210526
Montenegro,MNE,2019,56.26822
Montenegro,MNE,2020,52.212387
Montenegro,MNE,2021,61.80371
Montenegro,MNE,2022,53.172207
Montenegro,MNE,2023,60.859188
Montenegro,MNE,2024,59.49008
Montenegro,MNE,2025,75.60976
Montserrat,MSR,2000,0
Montserrat,MSR,2001,0
Montserrat,MSR,2002,0
Montserrat,MSR,2003,0
Montserrat,MSR,2004,0
Montserrat,MSR,2005,0
Montserrat,MSR,2006,0
Montserrat,MSR,2007,0
Montserrat,MSR,2008,0
Montserrat,MSR,2009,0
Montserrat,MSR,2010,0
Montserrat,MSR,2011,0
Montserrat,MSR,2012,0
Montserrat,MSR,2013,0
Montserrat,MSR,2014,0
Montserrat,MSR,2015,0
Montserrat,MSR,2016,0
Montserrat,MSR,2017,0
Montserrat,MSR,2018,0
Montserrat,MSR,2019,0
Montserrat,MSR,2020,0
Montserrat,MSR,2021,0
Montserrat,MSR,2022,0
Montserrat,MSR,2023,0
Montserrat,MSR,2024,0
Morocco,MAR,1985,6.6167464
Morocco,MAR,1986,8.281814
Morocco,MAR,1987,10.311211
Morocco,MAR,1988,10.418522
Morocco,MAR,1989,12.821364
Morocco,MAR,1990,12.671375
Morocco,MAR,1991,13.318848
Morocco,MAR,1992,9.9187155
Morocco,MAR,1993,4.470232
Morocco,MAR,1994,7.323452
Morocco,MAR,1995,5.0529275
Morocco,MAR,1996,15.60855
Morocco,MAR,1997,15.324063
Morocco,MAR,1998,13.70296
Morocco,MAR,1999,6.397828
Morocco,MAR,2000,5.620438
Morocco,MAR,2001,6.8589745
Morocco,MAR,2002,6.821192
Morocco,MAR,2003,10.036719
Morocco,MAR,2004,10.246137
Morocco,MAR,2005,8.515057
Morocco,MAR,2006,8.958228
Morocco,MAR,2007,8.17674
Morocco,MAR,2008,8.2063875
Morocco,MAR,2009,15.957954
Morocco,MAR,2010,18.774616
Morocco,MAR,2011,11.617405
Morocco,MAR,2012,9.619012
Morocco,MAR,2013,16.146992
Morocco,MAR,2014,14.102564
Morocco,MAR,2015,16.081577
Morocco,MAR,2016,16.4885
Morocco,MAR,2017,15.842204
Morocco,MAR,2018,19.8206
Morocco,MAR,2019,19.787022
Morocco,MAR,2020,19.175259
Morocco,MAR,2021,19.806297
Morocco,MAR,2022,18.184013
Morocco,MAR,2023,21.714556
Morocco,MAR,2024,24.410378
Morocco,MAR,2025,23.955055
Mozambique,MOZ,2000,99.895515
Mozambique,MOZ,2001,99.65987
Mozambique,MOZ,2002,99.76153
Mozambique,MOZ,2003,99.72197
Mozambique,MOZ,2004,99.56896
Mozambique,MOZ,2005,99.847916
Mozambique,MOZ,2006,99.862915
Mozambique,MOZ,2007,99.93714
Mozambique,MOZ,2008,99.9332
Mozambique,MOZ,2009,99.94044
Mozambique,MOZ,2010,99.88002
Mozambique,MOZ,2011,99.336945
Mozambique,MOZ,2012,99.26519
Mozambique,MOZ,2013,98.58776
Mozambique,MOZ,2014,98.65854
Mozambique,MOZ,2015,92.98151
Mozambique,MOZ,2016,82.71474
Mozambique,MOZ,2017,80.49887
Mozambique,MOZ,2018,81.796974
Mozambique,MOZ,2019,79.35756
Mozambique,MOZ,2020,83.49106
Mozambique,MOZ,2021,82.97984
Mozambique,MOZ,2022,83.691216
Mozambique,MOZ,2023,83.56714
Mozambique,MOZ,2024,83.42597
Myanmar,MMR,2000,36.666668
Myanmar,MMR,2001,38.543896
Myanmar,MMR,2002,41.617355
Myanmar,MMR,2003,38.37638
Myanmar,MMR,2004,42.959003
Myanmar,MMR,2005,49.83389
Myanmar,MMR,2006,53.883495
Myanmar,MMR,2007,56.562496
Myanmar,MMR,2008,61.480366
Myanmar,MMR,2009,75.46629
Myanmar,MMR,2010,71.809746
Myanmar,MMR,2011,72.09971
Myanmar,MMR,2012,71.326164
Myanmar,MMR,2013,72.55217
Myanmar,MMR,2014,62.960392
Myanmar,MMR,2015,59.506172
Myanmar,MMR,2016,55.187634
Myanmar,MMR,2017,53.326996
Myanmar,MMR,2018,58.1793
Myanmar,MMR,2019,56.26294
Myanmar,MMR,2020,48.668797
Myanmar,MMR,2021,49.34935
Myanmar,MMR,2022,40.860214
Myanmar,MMR,2023,46.492893
Myanmar,MMR,2024,47.858135
Namibia,NAM,2000,97.22221
Namibia,NAM,2001,100
Namibia,NAM,2002,99.3007
Namibia,NAM,2003,99.3007
Namibia,NAM,2004,99.27536
Namibia,NAM,2005,98.224846
Namibia,NAM,2006,93.78882
Namibia,NAM,2007,98.089165
Namibia,NAM,2008,88.53503
Namibia,NAM,2009,94.666664
Namibia,NAM,2010,96.18321
Namibia,NAM,2011,97.24137
Namibia,NAM,2012,97.00599
Namibia,NAM,2013,95.55555
Namibia,NAM,2014,99.346405
Namibia,NAM,2015,97.468346
Namibia,NAM,2016,95.94594
Namibia,NAM,2017,96.045204
Namibia,NAM,2018,98.58156
Namibia,NAM,2019,96.376816
Namibia,NAM,2020,96.5
Namibia,NAM,2021,97.351
Namibia,NAM,2022,98.48484
Namibia,NAM,2023,97.8836
Namibia,NAM,2024,97.560974
Nauru,NRU,2000,0
Nauru,NRU,2001,0
Nauru,NRU,2002,0
Nauru,NRU,2003,0
Nauru,NRU,2004,0
Nauru,NRU,2005,0
Nauru,NRU,2006,0
Nauru,NRU,2007,0
Nauru,NRU,2008,0
Nauru,NRU,2009,0
Nauru,NRU,2010,0
Nauru,NRU,2011,0
Nauru,NRU,2012,0
Nauru,NRU,2013,0
Nauru,NRU,2014,0
Nauru,NRU,2015,0
Nauru,NRU,2016,0
Nauru,NRU,2017,0
Nauru,NRU,2018,0
Nauru,NRU,2019,0
Nauru,NRU,2020,0
Nauru,NRU,2021,0
Nauru,NRU,2022,0
Nauru,NRU,2023,0
Nauru,NRU,2024,20
Nepal,NPL,2000,98.181816
Nepal,NPL,2001,98.91892
Nepal,NPL,2002,100
Nepal,NPL,2003,100
Nepal,NPL,2004,99.58159
Nepal,NPL,2005,99.203186
Nepal,NPL,2006,99.632355
Nepal,NPL,2007,99.63899
Nepal,NPL,2008,99.64158
Nepal,NPL,2009,99.67532
Nepal,NPL,2010,100
Nepal,NPL,2011,100
Nepal,NPL,2012,99.433426
Nepal,NPL,2013,99.71429
Nepal,NPL,2014,100
Nepal,NPL,2015,100
Nepal,NPL,2016,100
Nepal,NPL,2017,100
Nepal,NPL,2018,100
Nepal,NPL,2019,100
Nepal,NPL,2020,100
Nepal,NPL,2021,100
Nepal,NPL,2022,100
Nepal,NPL,2023,100
Nepal,NPL,2024,100
Netherlands,NLD,1985,0.7050417
Netherlands,NLD,1986,0.82923925
Netherlands,NLD,1987,1.029979
Netherlands,NLD,1988,1.2246245
Netherlands,NLD,1989,1.3136109
Netherlands,NLD,1990,1.1598303
Netherlands,NLD,1991,1.2701447
Netherlands,NLD,1992,1.3185655
Netherlands,NLD,1993,1.4496574
Netherlands,NLD,1994,1.6100178
Netherlands,NLD,1995,1.7673602
Netherlands,NLD,1996,2.1648626
Netherlands,NLD,1997,2.3619273
Netherlands,NLD,1998,2.5953686
Netherlands,NLD,1999,2.947393
Netherlands,NLD,2000,3.3727005
Netherlands,NLD,2001,3.5923593
Netherlands,NLD,2002,4.20541
Netherlands,NLD,2003,4.1478996
Netherlands,NLD,2004,5.3095574
Netherlands,NLD,2005,7.571298
Netherlands,NLD,2006,8.264972
Netherlands,NLD,2007,7.320602
Netherlands,NLD,2008,8.97279
Netherlands,NLD,2009,9.63952
Netherlands,NLD,2010,9.475021
Netherlands,NLD,2011,10.9375
Netherlands,NLD,2012,12.193214
Netherlands,NLD,2013,12.032618
Netherlands,NLD,2014,11.410381
Netherlands,NLD,2015,12.560785
Netherlands,NLD,2016,12.969462
Netherlands,NLD,2017,15.020682
Netherlands,NLD,2018,16.693192
Netherlands,NLD,2019,18.992086
Netherlands,NLD,2020,26.836668
Netherlands,NLD,2021,33.451897
Netherlands,NLD,2022,40.0967
Netherlands,NLD,2023,47.38246
Netherlands,NLD,2024,50.7398
Netherlands,NLD,2025,51.20035
New Caledonia,NCL,2000,27.439024
New Caledonia,NCL,2001,21.511627
New Caledonia,NCL,2002,18.857143
New Caledonia,NCL,2003,18.285713
New Caledonia,NCL,2004,19.76048
New Caledonia,NCL,2005,19.148937
New Caledonia,NCL,2006,16.57754
New Caledonia,NCL,2007,22.279793
New Caledonia,NCL,2008,25.80645
New Caledonia,NCL,2009,22.164948
New Caledonia,NCL,2010,14.6226425
New Caledonia,NCL,2011,18.58407
New Caledonia,NCL,2012,20.087337
New Caledonia,NCL,2013,20.318726
New Caledonia,NCL,2014,11.627907
New Caledonia,NCL,2015,14.137931
New Caledonia,NCL,2016,9.235668
New Caledonia,NCL,2017,13.622291
New Caledonia,NCL,2018,12
New Caledonia,NCL,2019,13.813814
New Caledonia,NCL,2020,15.740741
New Caledonia,NCL,2021,22.33677
New Caledonia,NCL,2022,26.213593
New Caledonia,NCL,2023,26.213593
New Caledonia,NCL,2024,26.923077
New Zealand,NZL,1985,76.2975
New Zealand,NZL,1986,82.40133
New Zealand,NZL,1987,80.68693
New Zealand,NZL,1988,80.5822
New Zealand,NZL,1989,80.16135
New Zealand,NZL,1990,80.14338
New Zealand,NZL,1991,77.339325
New Zealand,NZL,1992,72.75511
New Zealand,NZL,1993,77.167366
New Zealand,NZL,1994,82.14893
New Zealand,NZL,1995,83.93446
New Zealand,NZL,1996,79.182655
New Zealand,NZL,1997,70.287834
New Zealand,NZL,1998,75.8403
New Zealand,NZL,1999,69.84938
New Zealand,NZL,2000,71.75533
New Zealand,NZL,2001,63.645622
New Zealand,NZL,2002,69.63442
New Zealand,NZL,2003,66.088684
New Zealand,NZL,2004,72.39177
New Zealand,NZL,2005,64.406784
New Zealand,NZL,2006,64.77695
New Zealand,NZL,2007,65.491005
New Zealand,NZL,2008,64.23139
New Zealand,NZL,2009,71.68801
New Zealand,NZL,2010,73.12119
New Zealand,NZL,2011,75.9918
New Zealand,NZL,2012,71.725716
New Zealand,NZL,2013,74.19204
New Zealand,NZL,2014,79.100655
New Zealand,NZL,2015,80.07803
New Zealand,NZL,2016,84.33372
New Zealand,NZL,2017,81.218506
New Zealand,NZL,2018,83.39813
New Zealand,NZL,2019,82.42286
New Zealand,NZL,2020,80.92273
New Zealand,NZL,2021,81.72216
New Zealand,NZL,2022,86.93641
New Zealand,NZL,2023,89.62462
New Zealand,NZL,2024,85.98046
New Zealand,NZL,2025,88.53253
Nicaragua,NIC,2000,21.491228
Nicaragua,NIC,2001,19.838057
Nicaragua,NIC,2002,25.09804
Nicaragua,NIC,2003,27.407408
Nicaragua,NIC,2004,28.11388
Nicaragua,NIC,2005,35.664337
Nicaragua,NIC,2006,30.031948
Nicaragua,NIC,2007,28.75
Nicaragua,NIC,2008,35.416668
Nicaragua,NIC,2009,30.724636
Nicaragua,NIC,2010,36.71233
Nicaragua,NIC,2011,33.85827
Nicaragua,NIC,2012,42.6799
Nicaragua,NIC,2013,52.27818
Nicaragua,NIC,2014,53.81166
Nicaragua,NIC,2015,50.10893
Nicaragua,NIC,2016,52.287582
Nicaragua,NIC,2017,55.97345
Nicaragua,NIC,2018,58.709675
Nicaragua,NIC,2019,56.986897
Nicaragua,NIC,2020,69.920845
Nicaragua,NIC,2021,69.12114
Nicaragua,NIC,2022,64.12037
Nicaragua,NIC,2023,62.389378
Nicaragua,NIC,2024,62.389378
Niger,NER,2000,0
Niger,NER,2001,0
Niger,NER,2002,0
Niger,NER,2003,0
Niger,NER,2004,0
Niger,NER,2005,0
Niger,NER,2006,0
Niger,NER,2007,0
Niger,NER,2008,0
Niger,NER,2009,0
Niger,NER,2010,0
Niger,NER,2011,0
Niger,NER,2012,0
Niger,NER,2013,0
Niger,NER,2014,2.2222223
Niger,NER,2015,1.8518517
Niger,NER,2016,1.4285715
Niger,NER,2017,1.7857143
Niger,NER,2018,1.8867925
Niger,NER,2019,2.9850745
Niger,NER,2020,2.9850745
Niger,NER,2021,2.8169014
Niger,NER,2022,2.5316455
Niger,NER,2023,2.0618556
Niger,NER,2024,3.1578946
Nigeria,NGA,2000,38.26323
Nigeria,NGA,2001,38.267616
Nigeria,NGA,2002,38.23666
Nigeria,NGA,2003,36.93069
Nigeria,NGA,2004,33.429394
Nigeria,NGA,2005,33.036095
Nigeria,NGA,2006,27.119375
Nigeria,NGA,2007,27.142235
Nigeria,NGA,2008,27.13068
Nigeria,NGA,2009,22.940878
Nigeria,NGA,2010,24.41638
Nigeria,NGA,2011,21.782543
Nigeria,NGA,2012,19.798191
Nigeria,NGA,2013,18.562046
Nigeria,NGA,2014,16.697645
Nigeria,NGA,2015,19.505577
Nigeria,NGA,2016,22.468527
Nigeria,NGA,2017,24.193548
Nigeria,NGA,2018,21.165895
Nigeria,NGA,2019,23.340649
Nigeria,NGA,2020,20.552631
Nigeria,NGA,2021,20.663265
Nigeria,NGA,2022,24.710527
Nigeria,NGA,2023,22.678398
Nigeria,NGA,2024,25
Nigeria,NGA,2025,31.31921
North America,OWID_NAM,2000,16.515652
North America,OWID_NAM,2001,14.610509
North America,OWID_NAM,2002,15.695358
North America,OWID_NAM,2003,15.52652
North America,OWID_NAM,2004,15.332715
North America,OWID_NAM,2005,15.679295
North America,OWID_NAM,2006,16.092505
North America,OWID_NAM,2007,15.306331
North America,OWID_NAM,2008,16.412786
North America,OWID_NAM,2009,17.462563
North America,OWID_NAM,2010,17.048569
North America,OWID_NAM,2011,19.11533
North America,OWID_NAM,2012,19.07558
North America,OWID_NAM,2013,19.683525
North America,OWID_NAM,2014,20.125532
North America,OWID_NAM,2015,20.51404
North America,OWID_NAM,2016,21.967424
North America,OWID_NAM,2017,23.989485
North America,OWID_NAM,2018,23.72752
North America,OWID_NAM,2019,24.361828
North America,OWID_NAM,2020,26.683966
North America,OWID_NAM,2021,27.19799
North America,OWID_NAM,2022,28.53719
North America,OWID_NAM,2023,27.938128
North America,OWID_NAM,2024,28.842327
North America (EI),,1985,20.513897
North America (EI),,1986,20.74069
North America (EI),,1987,18.973509
North America (EI),,1988,17.187426
North America (EI),,1989,17.22291
North America (EI),,1990,17.806849
North America (EI),,1991,17.690939
North America (EI),,1992,17.087688
North America (EI),,1993,17.445127
North America (EI),,1994,16.591578
North America (EI),,1995,17.622997
North America (EI),,1996,18.578766
North America (EI),,1997,18.288256
North America (EI),,1998,16.568678
North America (EI),,1999,16.604485
North America (EI),,2000,15.452188
North America (EI),,2001,13.815155
North America (EI),,2002,14.850509
North America (EI),,2003,14.669569
North America (EI),,2004,14.432955
North America (EI),,2005,14.762102
North America (EI),,2006,15.178534
North America (EI),,2007,14.416592
North America (EI),,2008,15.465937
North America (EI),,2009,16.522274
North America (EI),,2010,16.070072
North America (EI),,2011,18.153433
North America (EI),,2012,18.101643
North America (EI),,2013,18.689734
North America (EI),,2014,19.031084
North America (EI),,2015,19.38256
North America (EI),,2016,20.830637
North America (EI),,2017,22.75066
North America (EI),,2018,22.509085
North America (EI),,2019,23.172342
North America (EI),,2020,25.244411
North America (EI),,2021,25.667217
North America (EI),,2022,27.012257
North America (EI),,2023,26.499966
North America (EI),,2024,27.460918
North America (EI),,2025,28.774054
North America (Ember),,2000,16.27385
North America (Ember),,2001,14.407234
North America (Ember),,2002,15.666478
North America (Ember),,2003,15.6057625
North America (Ember),,2004,15.260681
North America (Ember),,2005,15.5922785
North America (Ember),,2006,16.016426
North America (Ember),,2007,15.234283
North America (Ember),,2008,16.162943
North America (Ember),,2009,17.57098
North America (Ember),,2010,16.847616
North America (Ember),,2011,19.180387
North America (Ember),,2012,19.155518
North America (Ember),,2013,19.87007
North America (Ember),,2014,20.09618
North America (Ember),,2015,20.62867
North America (Ember),,2016,22.20825
North America (Ember),,2017,24.313662
North America (Ember),,2018,23.995789
North America (Ember),,2019,24.71415
North America (Ember),,2020,26.781487
North America (Ember),,2021,26.992447
North America (Ember),,2022,28.497974
North America (Ember),,2023,28.282585
North America (Ember),,2024,29.162498
North America (Ember),,2025,30.471
North Korea,PRK,2000,52.33161
North Korea,PRK,2001,52.21503
North Korea,PRK,2002,53.4588
North Korea,PRK,2003,55.55556
North Korea,PRK,2004,56.633118
North Korea,PRK,2005,57.092663
North Korea,PRK,2006,55.983864
North Korea,PRK,2007,61.477325
North Korea,PRK,2008,60.407635
North Korea,PRK,2009,52.951244
North Korea,PRK,2010,56.300385
North Korea,PRK,2011,62.625774
North Korea,PRK,2012,62.546814
North Korea,PRK,2013,62.67638
North Korea,PRK,2014,59.962757
North Korea,PRK,2015,52.45642
North Korea,PRK,2016,53.38093
North Korea,PRK,2017,50.49082
North Korea,PRK,2018,51.268623
North Korea,PRK,2019,46.398663
North Korea,PRK,2020,53.52697
North Korea,PRK,2021,63.32423
North Korea,PRK,2022,63.088512
North Korea,PRK,2023,62.687126
North Korea,PRK,2024,63.357933
North Macedonia,MKD,1990,8.521739
North Macedonia,MKD,1991,14.73137
North Macedonia,MKD,1992,14.003295
North Macedonia,MKD,1993,10.03861
North Macedonia,MKD,1994,11.616161
North Macedonia,MKD,1995,13.0505705
North Macedonia,MKD,1996,12.801206
North Macedonia,MKD,1997,13.372956
North Macedonia,MKD,1998,15.319149
North Macedonia,MKD,1999,20.26239
North Macedonia,MKD,2000,17.180616
North Macedonia,MKD,2001,9.89011
North Macedonia,MKD,2002,12.479474
North Macedonia,MKD,2003,20.356611
North Macedonia,MKD,2004,22.222223
North Macedonia,MKD,2005,21.46974
North Macedonia,MKD,2006,23.537802
North Macedonia,MKD,2007,15.538462
North Macedonia,MKD,2008,13.312202
North Macedonia,MKD,2009,18.6217
North Macedonia,MKD,2010,33.471073
North Macedonia,MKD,2011,21.153845
North Macedonia,MKD,2012,16.613417
North Macedonia,MKD,2013,26.108374
North Macedonia,MKD,2014,23.977694
North Macedonia,MKD,2015,35.929203
North Macedonia,MKD,2016,36.767315
North Macedonia,MKD,2017,23.035713
North Macedonia,MKD,2018,34.93761
North Macedonia,MKD,2019,22.82794
North Macedonia,MKD,2020,27.715355
North Macedonia,MKD,2021,29.83725
North Macedonia,MKD,2022,27.104378
North Macedonia,MKD,2023,32.075474
North Macedonia,MKD,2024,39.461174
North Macedonia,MKD,2025,47.214077
Norway,NOR,1985,99.12482
Norway,NOR,1986,98.91349
Norway,NOR,1987,99.05163
Norway,NOR,1988,98.96836
Norway,NOR,1989,99.35569
Norway,NOR,1990,99.79441
Norway,NOR,1991,99.80101
Norway,NOR,1992,99.82068
Norway,NOR,1993,99.79954
Norway,NOR,1994,99.643875
Norway,NOR,1995,99.65644
Norway,NOR,1996,99.50329
Norway,NOR,1997,99.57466
Norway,NOR,1998,99.62206
Norway,NOR,1999,99.558426
Norway,NOR,2000,99.71232
Norway,NOR,2001,99.52193
Norway,NOR,2002,99.58537
Norway,NOR,2003,99.40002
Norway,NOR,2004,99.35513
Norway,NOR,2005,99.468124
Norway,NOR,2006,99.32355
Norway,NOR,2007,99.1404
Norway,NOR,2008,99.40506
Norway,NOR,2009,96.57174
Norway,NOR,2010,95.7934
Norway,NOR,2011,96.807755
Norway,NOR,2012,98.22821
Norway,NOR,2013,97.95704
Norway,NOR,2014,97.91312
Norway,NOR,2015,97.95106
Norway,NOR,2016,98.05444
Norway,NOR,2017,98.11829
Norway,NOR,2018,98.01974
Norway,NOR,2019,97.93768
Norway,NOR,2020,98.51607
Norway,NOR,2021,99.31903
Norway,NOR,2022,98.6453
Norway,NOR,2023,98.470345
Norway,NOR,2024,98.60607
Norway,NOR,2025,98.99882
OECD (EI),,1985,19.529842
OECD (EI),,1986,19.230362
OECD (EI),,1987,18.57024
OECD (EI),,1988,18.087252
OECD (EI),,1989,16.941208
OECD (EI),,1990,17.128069
OECD (EI),,1991,17.002546
OECD (EI),,1992,16.812378
OECD (EI),,1993,17.438839
OECD (EI),,1994,16.528015
OECD (EI),,1995,17.058826
OECD (EI),,1996,17.041225
OECD (EI),,1997,17.114134
OECD (EI),,1998,16.405638
OECD (EI),,1999,16.27065
OECD (EI),,2000,15.911526
OECD (EI),,2001,15.002572
OECD (EI),,2002,15.162548
OECD (EI),,2003,14.939638
OECD (EI),,2004,15.201997
OECD (EI),,2005,15.296155
OECD (EI),,2006,15.711413
OECD (EI),,2007,15.4977045
OECD (EI),,2008,16.460424
OECD (EI),,2009,17.494774
OECD (EI),,2010,17.85599
OECD (EI),,2011,19.19892
OECD (EI),,2012,20.192053
OECD (EI),,2013,21.31665
OECD (EI),,2014,22.045713
OECD (EI),,2015,23.071936
OECD (EI),,2016,23.86857
OECD (EI),,2017,25.044882
OECD (EI),,2018,25.852282
OECD (EI),,2019,27.108816
OECD (EI),,2020,29.834879
OECD (EI),,2021,29.882536
OECD (EI),,2022,31.13154
OECD (EI),,2023,32.79684
OECD (EI),,2024,34.32856
OECD (EI),,2025,35.163734
OECD (Ember),,2000,16.403727
OECD (Ember),,2001,15.384751
OECD (Ember),,2002,15.526658
OECD (Ember),,2003,15.333706
OECD (Ember),,2004,15.640098
OECD (Ember),,2005,15.749683
OECD (Ember),,2006,16.14667
OECD (Ember),,2007,15.919019
OECD (Ember),,2008,16.879606
OECD (Ember),,2009,17.949125
OECD (Ember),,2010,18.303877
OECD (Ember),,2011,19.67461
OECD (Ember),,2012,20.647802
OECD (Ember),,2013,21.840504
OECD (Ember),,2014,22.64521
OECD (Ember),,2015,23.681215
OECD (Ember),,2016,24.462896
OECD (Ember),,2017,25.616518
OECD (Ember),,2018,26.404968
OECD (Ember),,2019,27.73406
OECD (Ember),,2020,30.590548
OECD (Ember),,2021,30.60969
OECD (Ember),,2022,31.878366
OECD (Ember),,2023,33.640602
OECD (Ember),,2024,35.122925
OECD (Ember),,2025,35.928787
Oceania,OWID_OCE,1985,23.738043
Oceania,OWID_OCE,1986,24.338156
Oceania,OWID_OCE,1987,23.005861
Oceania,OWID_OCE,1988,22.994003
Oceania,OWID_OCE,1989,21.992691
Oceania,OWID_OCE,1990,22.126583
Oceania,OWID_OCE,1991,22.126387
Oceania,OWID_OCE,1992,20.957798
Oceania,OWID_OCE,1993,21.892988
Oceania,OWID_OCE,1994,22.295984
Oceania,OWID_OCE,1995,22.229378
Oceania,OWID_OCE,1996,21.246489
Oceania,OWID_OCE,1997,19.126081
Oceania,OWID_OCE,1998,19.212864
Oceania,OWID_OCE,1999,17.974947
Oceania,OWID_OCE,2000,18.064003
Oceania,OWID_OCE,2001,16.30707
Oceania,OWID_OCE,2002,17.645761
Oceania,OWID_OCE,2003,17.20438
Oceania,OWID_OCE,2004,18.529873
Oceania,OWID_OCE,2005,17.807976
Oceania,OWID_OCE,2006,17.64422
Oceania,OWID_OCE,2007,17.332794
Oceania,OWID_OCE,2008,16.633657
Oceania,OWID_OCE,2009,17.684845
Oceania,OWID_OCE,2010,18.656351
Oceania,OWID_OCE,2011,21.447697
Oceania,OWID_OCE,2012,21.129076
Oceania,OWID_OCE,2013,23.097511
Oceania,OWID_OCE,2014,22.924469
Oceania,OWID_OCE,2015,23.713942
Oceania,OWID_OCE,2016,25.758059
Oceania,OWID_OCE,2017,24.546669
Oceania,OWID_OCE,2018,27.766088
Oceania,OWID_OCE,2019,29.227182
Oceania,OWID_OCE,2020,31.898008
Oceania,OWID_OCE,2021,35.863735
Oceania,OWID_OCE,2022,39.005363
Oceania,OWID_OCE,2023,41.647877
Oceania,OWID_OCE,2024,41.39635
Oceania (Ember),,2000,18.064001
Oceania (Ember),,2001,16.30707
Oceania (Ember),,2002,17.645761
Oceania (Ember),,2003,17.20438
Oceania (Ember),,2004,18.529873
Oceania (Ember),,2005,17.807976
Oceania (Ember),,2006,17.644222
Oceania (Ember),,2007,17.332792
Oceania (Ember),,2008,16.633656
Oceania (Ember),,2009,17.684845
Oceania (Ember),,2010,18.656351
Oceania (Ember),,2011,21.447695
Oceania (Ember),,2012,21.129076
Oceania (Ember),,2013,23.097511
Oceania (Ember),,2014,22.924467
Oceania (Ember),,2015,23.713942
Oceania (Ember),,2016,25.758059
Oceania (Ember),,2017,24.54667
Oceania (Ember),,2018,27.766088
Oceania (Ember),,2019,29.227182
Oceania (Ember),,2020,31.898008
Oceania (Ember),,2021,35.863735
Oceania (Ember),,2022,39.005363
Oceania (Ember),,2023,41.647877
Oceania (Ember),,2024,41.39543
Oceania (Ember),,2025,44.52303
Oman,OMN,1985,0
Oman,OMN,1986,0
Oman,OMN,1987,0
Oman,OMN,1988,0
Oman,OMN,1989,0
Oman,OMN,1990,0
Oman,OMN,1991,0
Oman,OMN,1992,0
Oman,OMN,1993,0
Oman,OMN,1994,0
Oman,OMN,1995,0
Oman,OMN,1996,0
Oman,OMN,1997,0
Oman,OMN,1998,0
Oman,OMN,1999,0
Oman,OMN,2000,0
Oman,OMN,2001,0
Oman,OMN,2002,0
Oman,OMN,2003,0
Oman,OMN,2004,0
Oman,OMN,2005,0
Oman,OMN,2006,0
Oman,OMN,2007,0
Oman,OMN,2008,0
Oman,OMN,2009,0
Oman,OMN,2010,0
Oman,OMN,2011,0
Oman,OMN,2012,0
Oman,OMN,2013,0
Oman,OMN,2014,0
Oman,OMN,2015,0
Oman,OMN,2016,0
Oman,OMN,2017,0.05532503
Oman,OMN,2018,0.13241526
Oman,OMN,2019,0.1542813
Oman,OMN,2020,0.2617801
Oman,OMN,2021,1.707317
Oman,OMN,2022,4.481132
Oman,OMN,2023,4.888889
Oman,OMN,2024,4.8879843
Oman,OMN,2025,4.5420136
Pakistan,PAK,1985,45.1829
Pakistan,PAK,1986,38.499657
Pakistan,PAK,1987,45.04877
Pakistan,PAK,1988,42.20439
Pakistan,PAK,1989,40.749832
Pakistan,PAK,1990,37.15429
Pakistan,PAK,1991,36.40593
Pakistan,PAK,1992,37.227722
Pakistan,PAK,1993,38.471695
Pakistan,PAK,1994,37.16468
Pakistan,PAK,1995,35.681023
Pakistan,PAK,1996,36.70133
Pakistan,PAK,1997,29.523497
Pakistan,PAK,1998,36.30915
Pakistan,PAK,1999,32.931305
Pakistan,PAK,2000,25.853514
Pakistan,PAK,2001,26.265429
Pakistan,PAK,2002,29.497164
Pakistan,PAK,2003,34.283623
Pakistan,PAK,2004,31.258726
Pakistan,PAK,2005,33.692894
Pakistan,PAK,2006,33.16588
Pakistan,PAK,2007,31.159645
Pakistan,PAK,2008,31.243952
Pakistan,PAK,2009,30.277807
Pakistan,PAK,2010,34.715466
Pakistan,PAK,2011,31.298113
Pakistan,PAK,2012,31.71254
Pakistan,PAK,2013,32.189167
Pakistan,PAK,2014,32.832916
Pakistan,PAK,2015,33.6466
Pakistan,PAK,2016,29.170055
Pakistan,PAK,2017,25.038355
Pakistan,PAK,2018,25.67819
Pakistan,PAK,2019,30.21412
Pakistan,PAK,2020,28.940886
Pakistan,PAK,2021,28.043623
Pakistan,PAK,2022,28.726486
Pakistan,PAK,2023,33.18602
Pakistan,PAK,2024,37.197075
Pakistan,PAK,2025,42.747272
Palestine,PSE,2000,0
Palestine,PSE,2001,0
Palestine,PSE,2002,0
Palestine,PSE,2003,0
Palestine,PSE,2004,0
Palestine,PSE,2005,0
Palestine,PSE,2006,0
Palestine,PSE,2007,0
Palestine,PSE,2008,0
Palestine,PSE,2009,0
Palestine,PSE,2010,0
Palestine,PSE,2011,0
Palestine,PSE,2012,0
Palestine,PSE,2013,0
Palestine,PSE,2014,0
Palestine,PSE,2015,1.923077
Palestine,PSE,2016,7.54717
Palestine,PSE,2017,9.090909
Palestine,PSE,2018,14.285714
Palestine,PSE,2019,14.814815
Palestine,PSE,2020,21.428574
Palestine,PSE,2021,24.175823
Palestine,PSE,2022,33.333336
Palestine,PSE,2023,40
Palestine,PSE,2024,39.393936
Panama,PAN,2000,70.34765
Panama,PAN,2001,49.21875
Panama,PAN,2002,64.65028
Panama,PAN,2003,50.98743
Panama,PAN,2004,65.97222
Panama,PAN,2005,64.26117
Panama,PAN,2006,60.20067
Panama,PAN,2007,57.739937
Panama,PAN,2008,62.05288
Panama,PAN,2009,56.72938
Panama,PAN,2010,57.04607
Panama,PAN,2011,52.68542
Panama,PAN,2012,62.95006
Panama,PAN,2013,57.877094
Panama,PAN,2014,55.80645
Panama,PAN,2015,65.339806
Panama,PAN,2016,66.63603
Panama,PAN,2017,71.82971
Panama,PAN,2018,77.76786
Panama,PAN,2019,52.749138
Panama,PAN,2020,75.685555
Panama,PAN,2021,78.36499
Panama,PAN,2022,77.22449
Panama,PAN,2023,60.64073
Panama,PAN,2024,67.98213
Papua New Guinea,PNG,2000,42.396313
Papua New Guinea,PNG,2001,34.328358
Papua New Guinea,PNG,2002,32.05575
Papua New Guinea,PNG,2003,30.124224
Papua New Guinea,PNG,2004,26.780626
Papua New Guinea,PNG,2005,32.596684
Papua New Guinea,PNG,2006,33.82353
Papua New Guinea,PNG,2007,37.313435
Papua New Guinea,PNG,2008,36.65689
Papua New Guinea,PNG,2009,37.091988
Papua New Guinea,PNG,2010,35.612537
Papua New Guinea,PNG,2011,37.465565
Papua New Guinea,PNG,2012,36.72922
Papua New Guinea,PNG,2013,35.16209
Papua New Guinea,PNG,2014,33.411213
Papua New Guinea,PNG,2015,31.346577
Papua New Guinea,PNG,2016,29.769392
Papua New Guinea,PNG,2017,27.816093
Papua New Guinea,PNG,2018,22.93578
Papua New Guinea,PNG,2019,26.401867
Papua New Guinea,PNG,2020,27.317074
Papua New Guinea,PNG,2021,24.72406
Papua New Guinea,PNG,2022,21.132898
Papua New Guinea,PNG,2023,23.678646
Papua New Guinea,PNG,2024,23.678646
Paraguay,PRY,2000,100
Paraguay,PRY,2001,100
Paraguay,PRY,2002,100
Paraguay,PRY,2003,100
Paraguay,PRY,2004,100
Paraguay,PRY,2005,100
Paraguay,PRY,2006,100
Paraguay,PRY,2007,100
Paraguay,PRY,2008,100
Paraguay,PRY,2009,100
Paraguay,PRY,2010,100
Paraguay,PRY,2011,100
Paraguay,PRY,2012,100
Paraguay,PRY,2013,100
Paraguay,PRY,2014,99.98196
Paraguay,PRY,2015,100
Paraguay,PRY,2016,100
Paraguay,PRY,2017,100
Paraguay,PRY,2018,100
Paraguay,PRY,2019,100
Paraguay,PRY,2020,100
Paraguay,PRY,2021,100
Paraguay,PRY,2022,100
Paraguay,PRY,2023,100
Paraguay,PRY,2024,100
Paraguay,PRY,2025,100
Peru,PER,1985,78.86219
Peru,PER,1986,78.88477
Peru,PER,1987,78.63773
Peru,PER,1988,77.9147
Peru,PER,1989,77.59889
Peru,PER,1990,76.80331
Peru,PER,1991,80.27206
Peru,PER,1992,74.851395
Peru,PER,1993,80.41599
Peru,PER,1994,81.09164
Peru,PER,2000,81.97791
Peru,PER,2001,85.55609
Peru,PER,2002,82.90131
Peru,PER,2003,81.68338
Peru,PER,2004,72.86598
Peru,PER,2005,72.27451
Peru,PER,2006,73.28216
Peru,PER,2007,66.72235
Peru,PER,2008,60.12951
Peru,PER,2009,60.601463
Peru,PER,2010,57.704094
Peru,PER,2011,56.76778
Peru,PER,2012,55.255257
Peru,PER,2013,53.941624
Peru,PER,2014,52.372623
Peru,PER,2015,52.724262
Peru,PER,2016,50.397057
Peru,PER,2017,58.60368
Peru,PER,2018,61.131454
Peru,PER,2019,60.541588
Peru,PER,2020,63.483673
Peru,PER,2021,61.572205
Peru,PER,2022,55.24207
Peru,PER,2023,54.37818
Peru,PER,2024,60.111317
Peru,PER,2025,63.649902
Philippines,PHL,1985,50.492752
Philippines,PHL,1986,55.26032
Philippines,PHL,1987,44.797146
Philippines,PHL,1988,46.810833
Philippines,PHL,1989,47.654404
Philippines,PHL,1990,45.42014
Philippines,PHL,1991,42.50848
Philippines,PHL,1992,39.195976
Philippines,PHL,1993,40.24606
Philippines,PHL,1994,39.994747
Philippines,PHL,1995,36.857006
Philippines,PHL,1996,36.95208
Philippines,PHL,1997,33.43468
Philippines,PHL,1998,33.62355
Philippines,PHL,1999,44.49218
Philippines,PHL,2000,42.891834
Philippines,PHL,2001,37.27949
Philippines,PHL,2002,35.63764
Philippines,PHL,2003,33.415188
Philippines,PHL,2004,33.732574
Philippines,PHL,2005,32.366978
Philippines,PHL,2006,36.033813
Philippines,PHL,2007,31.600136
Philippines,PHL,2008,33.903324
Philippines,PHL,2009,32.57429
Philippines,PHL,2010,26.295584
Philippines,PHL,2011,28.662327
Philippines,PHL,2012,28.453835
Philippines,PHL,2013,26.412336
Philippines,PHL,2014,25.611809
Philippines,PHL,2015,25.412622
Philippines,PHL,2016,24.209715
Philippines,PHL,2017,24.554895
Philippines,PHL,2018,23.370764
Philippines,PHL,2019,20.786572
Philippines,PHL,2020,21.228502
Philippines,PHL,2021,22.135021
Philippines,PHL,2022,22.160465
Philippines,PHL,2023,21.425512
Philippines,PHL,2024,20.471933
Philippines,PHL,2025,23.31059
Poland,POL,1985,1.6330947
Poland,POL,1986,1.3664162
Poland,POL,1987,1.2713172
Poland,POL,1988,1.3073299
Poland,POL,1989,1.1769234
Poland,POL,1990,1.1083837
Poland,POL,1991,1.130199
Poland,POL,1992,1.2396694
Poland,POL,1993,1.1762028
Poland,POL,1994,1.3354341
Poland,POL,1995,1.430135
Poland,POL,1996,1.4590268
Poland,POL,1997,1.5112815
Poland,POL,1998,1.7972579
Poland,POL,1999,1.6715479
Poland,POL,2000,1.6273223
Poland,POL,2001,1.9343166
Poland,POL,2002,1.943996
Poland,POL,2003,1.4999001
Poland,POL,2004,2.0978105
Poland,POL,2005,2.4792325
Poland,POL,2006,2.6695707
Poland,POL,2007,3.425435
Poland,POL,2008,4.2783175
Poland,POL,2009,5.7603073
Poland,POL,2010,6.940103
Poland,POL,2011,8.061645
Poland,POL,2012,10.453306
Poland,POL,2013,10.416412
Poland,POL,2014,12.535522
Poland,POL,2015,13.810103
Poland,POL,2016,13.740964
Poland,POL,2017,14.201635
Poland,POL,2018,12.760433
Poland,POL,2019,15.5985775
Poland,POL,2020,17.96373
Poland,POL,2021,17.092678
Poland,POL,2022,21.103022
Poland,POL,2023,27.706621
Poland,POL,2024,31.146875
Poland,POL,2025,31.507563
Portugal,PRT,1985,59.476192
Portugal,PRT,1986,44.804718
Portugal,PRT,1987,48.507572
Portugal,PRT,1988,57.29912
Portugal,PRT,1989,25.116282
Portugal,PRT,1990,34.6982
Portugal,PRT,1991,33.10902
Portugal,PRT,1992,18.622795
Portugal,PRT,1993,30.577173
Portugal,PRT,1994,37.371464
Portugal,PRT,1995,28.501976
Portugal,PRT,1996,46.14035
Portugal,PRT,1997,41.988785
Portugal,PRT,1998,36.51613
Portugal,PRT,1999,20.168459
Portugal,PRT,2000,29.784773
Portugal,PRT,2001,34.172817
Portugal,PRT,2002,21.361141
Portugal,PRT,2003,38.154778
Portugal,PRT,2004,27.551477
Portugal,PRT,2005,17.930885
Portugal,PRT,2006,32.47934
Portugal,PRT,2007,34.703487
Portugal,PRT,2008,32.28937
Portugal,PRT,2009,37.039288
Portugal,PRT,2010,53.01047
Portugal,PRT,2011,46.56238
Portugal,PRT,2012,42.627644
Portugal,PRT,2013,58.53029
Portugal,PRT,2014,60.945946
Portugal,PRT,2015,47.63395
Portugal,PRT,2016,54.699406
Portugal,PRT,2017,39.208195
Portugal,PRT,2018,50.402744
Portugal,PRT,2019,53.120155
Portugal,PRT,2020,58.591167
Portugal,PRT,2021,64.07964
Portugal,PRT,2022,59.594215
Portugal,PRT,2023,74.46901
Portugal,PRT,2024,85.19145
Portugal,PRT,2025,80.950516
Puerto Rico,PRI,2000,0.6864989
Puerto Rico,PRI,2001,0.58269835
Puerto Rico,PRI,2002,0.4749568
Puerto Rico,PRI,2003,0.4180602
Puerto Rico,PRI,2004,0.5797102
Puerto Rico,PRI,2005,0.56089747
Puerto Rico,PRI,2006,0.5606728
Puerto Rico,PRI,2007,0.6482982
Puerto Rico,PRI,2008,0.68817204
Puerto Rico,PRI,2009,0.7378472
Puerto Rico,PRI,2010,0.68817204
Puerto Rico,PRI,2011,0.6738545
Puerto Rico,PRI,2012,0.5381166
Puerto Rico,PRI,2013,1.3500931
Puerto Rico,PRI,2014,1.6619184
Puerto Rico,PRI,2015,1.8181819
Puerto Rico,PRI,2016,1.8895348
Puerto Rico,PRI,2017,2.2588525
Puerto Rico,PRI,2018,2.6568682
Puerto Rico,PRI,2019,3.8120105
Puerto Rico,PRI,2020,3.9853172
Puerto Rico,PRI,2021,4.64876
Puerto Rico,PRI,2022,5.376885
Puerto Rico,PRI,2023,5.376885
Puerto Rico,PRI,2024,6
Puerto Rico,PRI,2025,6.3640847
Qatar,QAT,1985,0
Qatar,QAT,1986,0
Qatar,QAT,1987,0
Qatar,QAT,1988,0
Qatar,QAT,1989,0
Qatar,QAT,1990,0
Qatar,QAT,1991,0
Qatar,QAT,1992,0
Qatar,QAT,1993,0
Qatar,QAT,1994,0
Qatar,QAT,1995,0
Qatar,QAT,1996,0
Qatar,QAT,1997,0
Qatar,QAT,1998,0
Qatar,QAT,1999,0
Qatar,QAT,2000,0
Qatar,QAT,2001,0
Qatar,QAT,2002,0
Qatar,QAT,2003,0
Qatar,QAT,2004,0
Qatar,QAT,2005,0
Qatar,QAT,2006,0
Qatar,QAT,2007,0
Qatar,QAT,2008,0
Qatar,QAT,2009,0
Qatar,QAT,2010,0
Qatar,QAT,2011,0
Qatar,QAT,2012,0.028735632
Qatar,QAT,2013,0.23021582
Qatar,QAT,2014,0.28350517
Qatar,QAT,2015,0.31227478
Qatar,QAT,2016,0.3063148
Qatar,QAT,2017,0.30634573
Qatar,QAT,2018,0.31210986
Qatar,QAT,2019,0.26
Qatar,QAT,2020,0.2834008
Qatar,QAT,2021,0.28963122
Qatar,QAT,2022,1.3150686
Qatar,QAT,2023,3.565094
Qatar,QAT,2024,4.022583
Qatar,QAT,2025,4.0583835
Reunion,REU,2000,46.590908
Reunion,REU,2001,40.54054
Reunion,REU,2002,43.00518
Reunion,REU,2003,41.346157
Reunion,REU,2004,39.72603
Reunion,REU,2005,33.920704
Reunion,REU,2006,36.016953
Reunion,REU,2007,36.99187
Reunion,REU,2008,35.826775
Reunion,REU,2009,32.44275
Reunion,REU,2010,34.074074
Reunion,REU,2011,30.181818
Reunion,REU,2012,34.751774
Reunion,REU,2013,37.943264
Reunion,REU,2014,33.216785
Reunion,REU,2015,36.206894
Reunion,REU,2016,34.013603
Reunion,REU,2017,32.214764
Reunion,REU,2018,36.271187
Reunion,REU,2019,31.147541
Reunion,REU,2020,24.53826
Reunion,REU,2021,28.15534
Reunion,REU,2022,37.5817
Reunion,REU,2023,56.677525
Romania,ROU,1985,17.70169
Romania,ROU,1986,14.322055
Romania,ROU,1987,15.131143
Romania,ROU,1988,19.617111
Romania,ROU,1989,18.032722
Romania,ROU,1990,17.744944
Romania,ROU,1991,25.68662
Romania,ROU,1992,21.662655
Romania,ROU,1993,23.067198
Romania,ROU,1994,23.71003
Romania,ROU,1995,28.264185
Romania,ROU,1996,25.823366
Romania,ROU,1997,30.888577
Romania,ROU,1998,35.64823
Romania,ROU,1999,36.23935
Romania,ROU,2000,28.66563
Romania,ROU,2001,27.861813
Romania,ROU,2002,29.492832
Romania,ROU,2003,24.179432
Romania,ROU,2004,29.236763
Romania,ROU,2005,34.080563
Romania,ROU,2006,29.347826
Romania,ROU,2007,26.007147
Romania,ROU,2008,26.54949
Romania,ROU,2009,27.001215
Romania,ROU,2010,33.598145
Romania,ROU,2011,26.407766
Romania,ROU,2012,25.50393
Romania,ROU,2013,34.627945
Romania,ROU,2014,41.774494
Romania,ROU,2015,39.8873
Romania,ROU,2016,41.99626
Romania,ROU,2017,38.22789
Romania,ROU,2018,40.877167
Romania,ROU,2019,41.91627
Romania,ROU,2020,44.57526
Romania,ROU,2021,44.979507
Romania,ROU,2022,43.149433
Romania,ROU,2023,49.79807
Romania,ROU,2024,46.509865
Romania,ROU,2025,47.038746
Russia,RUS,1990,15.423269
Russia,RUS,1991,15.742817
Russia,RUS,1992,17.121027
Russia,RUS,1993,18.226152
Russia,RUS,1994,20.091812
Russia,RUS,1995,20.501009
Russia,RUS,1996,18.221094
Russia,RUS,1997,18.880848
Russia,RUS,1998,19.168646
Russia,RUS,1999,18.972496
Russia,RUS,2000,18.70215
Russia,RUS,2001,19.523825
Russia,RUS,2002,18.215376
Russia,RUS,2003,17.030636
Russia,RUS,2004,18.900967
Russia,RUS,2005,18.13942
Russia,RUS,2006,17.51905
Russia,RUS,2007,17.427113
Russia,RUS,2008,15.892307
Russia,RUS,2009,17.591381
Russia,RUS,2010,16.090248
Russia,RUS,2011,15.511063
Russia,RUS,2012,15.333826
Russia,RUS,2013,17.150736
Russia,RUS,2014,16.370045
Russia,RUS,2015,15.826893
Russia,RUS,2016,17.019716
Russia,RUS,2017,17.078915
Russia,RUS,2018,17.309929
Russia,RUS,2019,17.548471
Russia,RUS,2020,19.923162
Russia,RUS,2021,19.034286
Russia,RUS,2022,17.57674
Russia,RUS,2023,17.746658
Russia,RUS,2024,18.097923
Russia,RUS,2025,17.352592
Rwanda,RWA,2000,62.500004
Rwanda,RWA,2001,60
Rwanda,RWA,2002,58.82353
Rwanda,RWA,2003,66.666664
Rwanda,RWA,2004,57.142857
Rwanda,RWA,2005,52.63158
Rwanda,RWA,2006,48.148144
Rwanda,RWA,2007,48
Rwanda,RWA,2008,55.172413
Rwanda,RWA,2009,51.6129
Rwanda,RWA,2010,39.285713
Rwanda,RWA,2011,42.857143
Rwanda,RWA,2012,46.15385
Rwanda,RWA,2013,40.540543
Rwanda,RWA,2014,48.780487
Rwanda,RWA,2015,56.862743
Rwanda,RWA,2016,50
Rwanda,RWA,2017,46.15385
Rwanda,RWA,2018,41.463417
Rwanda,RWA,2019,50.588234
Rwanda,RWA,2020,62.92135
Rwanda,RWA,2021,58.999996
Rwanda,RWA,2022,57.69231
Rwanda,RWA,2023,49.09091
Rwanda,RWA,2024,49.55752
Saint Helena,SHN,2000,0
Saint Helena,SHN,2001,0
Saint Helena,SHN,2002,0
Saint Helena,SHN,2003,0
Saint Helena,SHN,2004,0
Saint Helena,SHN,2005,0
Saint Helena,SHN,2006,0
Saint Helena,SHN,2007,0
Saint Helena,SHN,2008,0
Saint Helena,SHN,2009,0
Saint Helena,SHN,2010,0
Saint Helena,SHN,2011,0
Saint Helena,SHN,2012,0
Saint Helena,SHN,2013,0
Saint Helena,SHN,2014,0
Saint Helena,SHN,2015,0
Saint Helena,SHN,2016,0
Saint Helena,SHN,2017,0
Saint Helena,SHN,2018,0
Saint Helena,SHN,2019,0
Saint Helena,SHN,2020,0
Saint Helena,SHN,2021,0
Saint Helena,SHN,2022,0
Saint Helena,SHN,2023,0
Saint Kitts and Nevis,KNA,2000,0
Saint Kitts and Nevis,KNA,2001,0
Saint Kitts and Nevis,KNA,2002,0
Saint Kitts and Nevis,KNA,2003,0
Saint Kitts and Nevis,KNA,2004,0
Saint Kitts and Nevis,KNA,2005,0
Saint Kitts and Nevis,KNA,2006,0
Saint Kitts and Nevis,KNA,2007,0
Saint Kitts and Nevis,KNA,2008,0
Saint Kitts and Nevis,KNA,2009,0
Saint Kitts and Nevis,KNA,2010,0
Saint Kitts and Nevis,KNA,2011,0
Saint Kitts and Nevis,KNA,2012,4.5454545
Saint Kitts and Nevis,KNA,2013,4.5454545
Saint Kitts and Nevis,KNA,2014,4.5454545
Saint Kitts and Nevis,KNA,2015,4.5454545
Saint Kitts and Nevis,KNA,2016,4.347826
Saint Kitts and Nevis,KNA,2017,0
Saint Kitts and Nevis,KNA,2018,4.347826
Saint Kitts and Nevis,KNA,2019,4.347826
Saint Kitts and Nevis,KNA,2020,4.5454545
Saint Kitts and Nevis,KNA,2021,4.5454545
Saint Kitts and Nevis,KNA,2022,4.5454545
Saint Kitts and Nevis,KNA,2023,4.5454545
Saint Kitts and Nevis,KNA,2024,8.695652
Saint Lucia,LCA,2000,0
Saint Lucia,LCA,2001,0
Saint Lucia,LCA,2002,0
Saint Lucia,LCA,2003,0
Saint Lucia,LCA,2004,0
Saint Lucia,LCA,2005,0
Saint Lucia,LCA,2006,0
Saint Lucia,LCA,2007,0
Saint Lucia,LCA,2008,0
Saint Lucia,LCA,2009,0
Saint Lucia,LCA,2010,0
Saint Lucia,LCA,2011,0
Saint Lucia,LCA,2012,0
Saint Lucia,LCA,2013,0
Saint Lucia,LCA,2014,0
Saint Lucia,LCA,2015,0
Saint Lucia,LCA,2016,0
Saint Lucia,LCA,2017,0
Saint Lucia,LCA,2018,2.4390244
Saint Lucia,LCA,2019,2.3809524
Saint Lucia,LCA,2020,2.631579
Saint Lucia,LCA,2021,2.5
Saint Lucia,LCA,2022,2.5
Saint Lucia,LCA,2023,2.5
Saint Lucia,LCA,2024,2.5
Saint Pierre and Miquelon,SPM,2000,0
Saint Pierre and Miquelon,SPM,2001,0
Saint Pierre and Miquelon,SPM,2002,0
Saint Pierre and Miquelon,SPM,2003,0
Saint Pierre and Miquelon,SPM,2004,0
Saint Pierre and Miquelon,SPM,2005,0
Saint Pierre and Miquelon,SPM,2006,0
Saint Pierre and Miquelon,SPM,2007,0
Saint Pierre and Miquelon,SPM,2008,0
Saint Pierre and Miquelon,SPM,2009,0
Saint Pierre and Miquelon,SPM,2010,0
Saint Pierre and Miquelon,SPM,2011,0
Saint Pierre and Miquelon,SPM,2012,0
Saint Pierre and Miquelon,SPM,2013,0
Saint Pierre and Miquelon,SPM,2014,0
Saint Pierre and Miquelon,SPM,2015,0
Saint Pierre and Miquelon,SPM,2016,0
Saint Pierre and Miquelon,SPM,2017,0
Saint Pierre and Miquelon,SPM,2018,0
Saint Pierre and Miquelon,SPM,2019,0
Saint Pierre and Miquelon,SPM,2020,0
Saint Pierre and Miquelon,SPM,2021,0
Saint Pierre and Miquelon,SPM,2022,0
Saint Pierre and Miquelon,SPM,2023,0
Saint Vincent and the Grenadines,VCT,2000,29.999998
Saint Vincent and the Grenadines,VCT,2001,20
Saint Vincent and the Grenadines,VCT,2002,20
Saint Vincent and the Grenadines,VCT,2003,18.181818
Saint Vincent and the Grenadines,VCT,2004,25
Saint Vincent and the Grenadines,VCT,2005,21.428572
Saint Vincent and the Grenadines,VCT,2006,15.384616
Saint Vincent and the Grenadines,VCT,2007,14.285714
Saint Vincent and the Grenadines,VCT,2008,14.285714
Saint Vincent and the Grenadines,VCT,2009,14.285714
Saint Vincent and the Grenadines,VCT,2010,19.999998
Saint Vincent and the Grenadines,VCT,2011,21.428572
Saint Vincent and the Grenadines,VCT,2012,19.999998
Saint Vincent and the Grenadines,VCT,2013,14.285714
Saint Vincent and the Grenadines,VCT,2014,7.142857
Saint Vincent and the Grenadines,VCT,2015,13.333332
Saint Vincent and the Grenadines,VCT,2016,12.5
Saint Vincent and the Grenadines,VCT,2017,13.333332
Saint Vincent and the Grenadines,VCT,2018,13.333332
Saint Vincent and the Grenadines,VCT,2019,13.333332
Saint Vincent and the Grenadines,VCT,2020,13.333332
Saint Vincent and the Grenadines,VCT,2021,14.285714
Saint Vincent and the Grenadines,VCT,2022,13.333332
Saint Vincent and the Grenadines,VCT,2023,13.333332
Saint Vincent and the Grenadines,VCT,2024,13.333332
Samoa,WSM,2000,50
Samoa,WSM,2001,50
Samoa,WSM,2002,54.545452
Samoa,WSM,2003,50
Samoa,WSM,2004,45.454548
Samoa,WSM,2005,45.454548
Samoa,WSM,2006,41.666668
Samoa,WSM,2007,41.666668
Samoa,WSM,2008,45.454548
Samoa,WSM,2009,38.46154
Samoa,WSM,2010,41.666668
Samoa,WSM,2011,38.46154
Samoa,WSM,2012,36.363636
Samoa,WSM,2013,25
Samoa,WSM,2014,23.076923
Samoa,WSM,2015,30.769232
Samoa,WSM,2016,33.333332
Samoa,WSM,2017,31.250002
Samoa,WSM,2018,39.999996
Samoa,WSM,2019,41.17647
Samoa,WSM,2020,38.88889
Samoa,WSM,2021,47.058823
Samoa,WSM,2022,43.75
Samoa,WSM,2023,39.999996
Samoa,WSM,2024,43.75
Sao Tome and Principe,STP,2000,33.333332
Sao Tome and Principe,STP,2001,0
Sao Tome and Principe,STP,2002,25
Sao Tome and Principe,STP,2003,25
Sao Tome and Principe,STP,2004,25
Sao Tome and Principe,STP,2005,0
Sao Tome and Principe,STP,2006,20
Sao Tome and Principe,STP,2007,20
Sao Tome and Principe,STP,2008,20
Sao Tome and Principe,STP,2009,16.666666
Sao Tome and Principe,STP,2010,0
Sao Tome and Principe,STP,2011,14.285714
Sao Tome and Principe,STP,2012,12.5
Sao Tome and Principe,STP,2013,14.285714
Sao Tome and Principe,STP,2014,12.5
Sao Tome and Principe,STP,2015,10
Sao Tome and Principe,STP,2016,9.090909
Sao Tome and Principe,STP,2017,0
Sao Tome and Principe,STP,2018,0
Sao Tome and Principe,STP,2019,9.090909
Sao Tome and Principe,STP,2020,9.090909
Sao Tome and Principe,STP,2021,9.090909
Sao Tome and Principe,STP,2022,11.111111
Sao Tome and Principe,STP,2023,11.111111
Saudi Arabia,SAU,1985,0
Saudi Arabia,SAU,1986,0
Saudi Arabia,SAU,1987,0
Saudi Arabia,SAU,1988,0
Saudi Arabia,SAU,1989,0
Saudi Arabia,SAU,1990,0
Saudi Arabia,SAU,1991,0
Saudi Arabia,SAU,1992,0
Saudi Arabia,SAU,1993,0
Saudi Arabia,SAU,1994,0
Saudi Arabia,SAU,1995,0
Saudi Arabia,SAU,1996,0
Saudi Arabia,SAU,1997,0
Saudi Arabia,SAU,1998,0
Saudi Arabia,SAU,1999,0
Saudi Arabia,SAU,2000,0
Saudi Arabia,SAU,2001,0
Saudi Arabia,SAU,2002,0
Saudi Arabia,SAU,2003,0
Saudi Arabia,SAU,2004,0
Saudi Arabia,SAU,2005,0
Saudi Arabia,SAU,2006,0
Saudi Arabia,SAU,2007,0
Saudi Arabia,SAU,2008,0
Saudi Arabia,SAU,2009,0
Saudi Arabia,SAU,2010,0
Saudi Arabia,SAU,2011,0.003858769
Saudi Arabia,SAU,2012,0.010652274
Saudi Arabia,SAU,2013,0.013572204
Saudi Arabia,SAU,2014,0.015234613
Saudi Arabia,SAU,2015,0.014259639
Saudi Arabia,SAU,2016,0.013979757
Saudi Arabia,SAU,2017,0.017721968
Saudi Arabia,SAU,2018,0.04269285
Saudi Arabia,SAU,2019,0.0581165
Saudi Arabia,SAU,2020,0.24153322
Saudi Arabia,SAU,2021,0.2544853
Saudi Arabia,SAU,2022,0.4904353
Saudi Arabia,SAU,2023,1.0995922
Saudi Arabia,SAU,2024,2.1599505
Senegal,SEN,2000,3.3557048
Senegal,SEN,2001,3.3519554
Senegal,SEN,2002,12.5
Senegal,SEN,2003,16.309013
Senegal,SEN,2004,13.807531
Senegal,SEN,2005,11.6981125
Senegal,SEN,2006,10.60606
Senegal,SEN,2007,7.857143
Senegal,SEN,2008,9.121622
Senegal,SEN,2009,9.508197
Senegal,SEN,2010,9.907121
Senegal,SEN,2011,10.0303955
Senegal,SEN,2012,9.392265
Senegal,SEN,2013,9.711287
Senegal,SEN,2014,9.090909
Senegal,SEN,2015,9.009009
Senegal,SEN,2016,8.995815
Senegal,SEN,2017,11.228813
Senegal,SEN,2018,14.17004
Senegal,SEN,2019,13.4020605
Senegal,SEN,2020,16.831682
Senegal,SEN,2021,20.270271
Senegal,SEN,2022,19.692738
Senegal,SEN,2023,16.95122
Senegal,SEN,2024,19.7903
Serbia,SRB,1990,19.219912
Serbia,SRB,1991,25.40483
Serbia,SRB,1992,26.7269
Serbia,SRB,1993,26.902538
Serbia,SRB,1994,28.942245
Serbia,SRB,1995,30.764448
Serbia,SRB,1996,35.530792
Serbia,SRB,1997,29.838024
Serbia,SRB,1998,29.293215
Serbia,SRB,1999,36.133636
Serbia,SRB,2000,30.735523
Serbia,SRB,2001,30.365368
Serbia,SRB,2002,29.873646
Serbia,SRB,2003,25.5108
Serbia,SRB,2004,28.556065
Serbia,SRB,2005,31.81818
Serbia,SRB,2006,28.854198
Serbia,SRB,2007,26.299694
Serbia,SRB,2008,25.964151
Serbia,SRB,2009,27.950146
Serbia,SRB,2010,31.774454
Serbia,SRB,2011,22.803787
Serbia,SRB,2012,25.697708
Serbia,SRB,2013,26.051493
Serbia,SRB,2014,32.98445
Serbia,SRB,2015,26.89545
Serbia,SRB,2016,28.127426
Serbia,SRB,2017,25.493963
Serbia,SRB,2018,29.724571
Serbia,SRB,2019,28.513294
Serbia,SRB,2020,27.326519
Serbia,SRB,2021,33.502403
Serbia,SRB,2022,28.185991
Serbia,SRB,2023,34.960587
Serbia,SRB,2024,32.06169
Serbia,SRB,2025,27.799019
Seychelles,SYC,2000,0
Seychelles,SYC,2001,0
Seychelles,SYC,2002,0
Seychelles,SYC,2003,0
Seychelles,SYC,2004,0
Seychelles,SYC,2005,0
Seychelles,SYC,2006,0
Seychelles,SYC,2007,0
Seychelles,SYC,2008,0
Seychelles,SYC,2009,0
Seychelles,SYC,2010,0
Seychelles,SYC,2011,0
Seychelles,SYC,2012,0
Seychelles,SYC,2013,2.2727273
Seychelles,SYC,2014,2.2222223
Seychelles,SYC,2015,2.173913
Seychelles,SYC,2016,2
Seychelles,SYC,2017,1.9607843
Seychelles,SYC,2018,1.923077
Seychelles,SYC,2019,7.017544
Seychelles,SYC,2020,11.864408
Seychelles,SYC,2021,13.333332
Seychelles,SYC,2022,14.5161295
Seychelles,SYC,2023,14.5161295
Seychelles,SYC,2024,15.873016
Sierra Leone,SLE,2000,11.111111
Sierra Leone,SLE,2001,7.692308
Sierra Leone,SLE,2002,12.5
Sierra Leone,SLE,2003,13.333332
Sierra Leone,SLE,2004,16.666666
Sierra Leone,SLE,2005,25
Sierra Leone,SLE,2006,0
Sierra Leone,SLE,2007,33.333332
Sierra Leone,SLE,2008,33.333332
Sierra Leone,SLE,2009,33.333332
Sierra Leone,SLE,2010,85.71429
Sierra Leone,SLE,2011,88.2353
Sierra Leone,SLE,2012,66.666664
Sierra Leone,SLE,2013,62.500004
Sierra Leone,SLE,2014,79.99999
Sierra Leone,SLE,2015,75
Sierra Leone,SLE,2016,61.904762
Sierra Leone,SLE,2017,60.869564
Sierra Leone,SLE,2018,66.666664
Sierra Leone,SLE,2019,95
Sierra Leone,SLE,2020,95
Sierra Leone,SLE,2021,95
Sierra Leone,SLE,2022,95
Sierra Leone,SLE,2023,95.2381
Sierra Leone,SLE,2024,95.2381
Singapore,SGP,1985,0
Singapore,SGP,1986,0.8036685
Singapore,SGP,1987,0.71949756
Singapore,SGP,1988,0.65296715
Singapore,SGP,1989,0.6054605
Singapore,SGP,1990,0.54425776
Singapore,SGP,1991,1.4762061
Singapore,SGP,1992,1.3965604
Singapore,SGP,1993,1.2920306
Singapore,SGP,1994,1.1849831
Singapore,SGP,1995,1.1107384
Singapore,SGP,1996,1.0247016
Singapore,SGP,1997,0.9172801
Singapore,SGP,1998,0.86344224
Singapore,SGP,1999,0.8299458
Singapore,SGP,2000,1.5472056
Singapore,SGP,2001,2.0871143
Singapore,SGP,2002,2.221581
Singapore,SGP,2003,2.8029447
Singapore,SGP,2004,2.6072786
Singapore,SGP,2005,2.5117738
Singapore,SGP,2006,2.405672
Singapore,SGP,2007,2.4070022
Singapore,SGP,2008,2.4958003
Singapore,SGP,2009,2.5119617
Singapore,SGP,2010,2.6014109
Singapore,SGP,2011,2.6086957
Singapore,SGP,2012,2.7055817
Singapore,SGP,2013,3.5230353
Singapore,SGP,2014,2.7991886
Singapore,SGP,2015,2.9037392
Singapore,SGP,2016,2.9075403
Singapore,SGP,2017,2.8882937
Singapore,SGP,2018,2.812913
Singapore,SGP,2019,2.7890654
Singapore,SGP,2020,2.8076127
Singapore,SGP,2021,2.9037461
Singapore,SGP,2022,4.0934644
Singapore,SGP,2023,4.5359383
Singapore,SGP,2024,4.9320583
Singapore,SGP,2025,5.4862843
Slovakia,SVK,1985,9.406381
Slovakia,SVK,1986,6.930652
Slovakia,SVK,1987,8.1763935
Slovakia,SVK,1988,7.6175184
Slovakia,SVK,1989,8.151226
Slovakia,SVK,1990,7.3754416
Slovakia,SVK,1991,5.812036
Slovakia,SVK,1992,8.347676
Slovakia,SVK,1993,14.428275
Slovakia,SVK,1994,17.11818
Slovakia,SVK,1995,18.463867
Slovakia,SVK,1996,16.614298
Slovakia,SVK,1997,16.214056
Slovakia,SVK,1998,16.595413
Slovakia,SVK,1999,15.9018135
Slovakia,SVK,2000,14.977258
Slovakia,SVK,2001,15.964802
Slovakia,SVK,2002,16.84276
Slovakia,SVK,2003,11.555842
Slovakia,SVK,2004,13.558766
Slovakia,SVK,2005,14.932992
Slovakia,SVK,2006,15.392
Slovakia,SVK,2007,17.701975
Slovakia,SVK,2008,15.923346
Slovakia,SVK,2009,18.974161
Slovakia,SVK,2010,21.667881
Slovakia,SVK,2011,17.68034
Slovakia,SVK,2012,19.32862
Slovakia,SVK,2013,22.31579
Slovakia,SVK,2014,23.000368
Slovakia,SVK,2015,22.727272
Slovakia,SVK,2016,24.738808
Slovakia,SVK,2017,23.851204
Slovakia,SVK,2018,21.792948
Slovakia,SVK,2019,23.573202
Slovakia,SVK,2020,24.026657
Slovakia,SVK,2021,22.794613
Slovakia,SVK,2022,21.929163
Slovakia,SVK,2023,22.722654
Slovakia,SVK,2024,24.051489
Slovakia,SVK,2025,18.728521
Slovenia,SVN,1990,23.713827
Slovenia,SVN,1991,28.335949
Slovenia,SVN,1992,27.714748
Slovenia,SVN,1993,25.439331
Slovenia,SVN,1994,26.377037
Slovenia,SVN,1995,25.1938
Slovenia,SVN,1996,28.122606
Slovenia,SVN,1997,23.444613
Slovenia,SVN,1998,25.145773
Slovenia,SVN,1999,28.431372
Slovenia,SVN,2000,28.655401
Slovenia,SVN,2001,26.726519
Slovenia,SVN,2002,23.356165
Slovenia,SVN,2003,22.270426
Slovenia,SVN,2004,27.570398
Slovenia,SVN,2005,23.626738
Slovenia,SVN,2006,24.487095
Slovenia,SVN,2007,22.473406
Slovenia,SVN,2008,26.264473
Slovenia,SVN,2009,29.89628
Slovenia,SVN,2010,29.212791
Slovenia,SVN,2011,24.37186
Slovenia,SVN,2012,27.84566
Slovenia,SVN,2013,32.341774
Slovenia,SVN,2014,38.483967
Slovenia,SVN,2015,29.391891
Slovenia,SVN,2016,31.176834
Slovenia,SVN,2017,27.663553
Slovenia,SVN,2018,32.38213
Slovenia,SVN,2019,31.718061
Slovenia,SVN,2020,33.0373
Slovenia,SVN,2021,34.89416
Slovenia,SVN,2022,30.464073
Slovenia,SVN,2023,40.51447
Slovenia,SVN,2024,41.113106
Slovenia,SVN,2025,39.622643
Solomon Islands,SLB,2000,0
Solomon Islands,SLB,2001,0
Solomon Islands,SLB,2002,0
Solomon Islands,SLB,2003,0
Solomon Islands,SLB,2004,0
Solomon Islands,SLB,2005,0
Solomon Islands,SLB,2006,0
Solomon Islands,SLB,2007,0
Solomon Islands,SLB,2008,0
Solomon Islands,SLB,2009,0
Solomon Islands,SLB,2010,0
Solomon Islands,SLB,2011,0
Solomon Islands,SLB,2012,0
Solomon Islands,SLB,2013,0
Solomon Islands,SLB,2014,0
Solomon Islands,SLB,2015,0
Solomon Islands,SLB,2016,0
Solomon Islands,SLB,2017,0
Solomon Islands,SLB,2018,0
Solomon Islands,SLB,2019,0
Solomon Islands,SLB,2020,0
Solomon Islands,SLB,2021,0
Solomon Islands,SLB,2022,9.090909
Solomon Islands,SLB,2023,9.090909
Solomon Islands,SLB,2024,9.090909
Somalia,SOM,2000,0
Somalia,SOM,2001,0
Somalia,SOM,2002,0
Somalia,SOM,2003,0
Somalia,SOM,2004,0
Somalia,SOM,2005,0
Somalia,SOM,2006,0
Somalia,SOM,2007,0
Somalia,SOM,2008,0
Somalia,SOM,2009,0
Somalia,SOM,2010,0
Somalia,SOM,2011,0
Somalia,SOM,2012,0
Somalia,SOM,2013,0
Somalia,SOM,2014,0
Somalia,SOM,2015,0
Somalia,SOM,2016,2.7777777
Somalia,SOM,2017,5.405405
Somalia,SOM,2018,5.405405
Somalia,SOM,2019,5.405405
Somalia,SOM,2020,8.108108
Somalia,SOM,2021,10.526316
Somalia,SOM,2022,19.047619
Somalia,SOM,2023,19.047619
Somalia,SOM,2024,20.930233
South Africa,ZAF,1985,0.4348705
South Africa,ZAF,1986,1.0948389
South Africa,ZAF,1987,1.0612116
South Africa,ZAF,1988,1.9994813
South Africa,ZAF,1989,1.6889184
South Africa,ZAF,1990,0.6039731
South Africa,ZAF,1991,1.1763588
South Africa,ZAF,1992,0.4473794
South Africa,ZAF,1993,0.083569
South Africa,ZAF,1994,0.59111667
South Africa,ZAF,1995,0.28341055
South Africa,ZAF,1996,0.68918294
South Africa,ZAF,1997,1.0638803
South Africa,ZAF,1998,0.8891097
South Africa,ZAF,1999,0.45465288
South Africa,ZAF,2000,0.7500237
South Africa,ZAF,2001,1.0186112
South Africa,ZAF,2002,1.1605766
South Africa,ZAF,2003,0.5421789
South Africa,ZAF,2004,0.55598706
South Africa,ZAF,2005,0.7308211
South Africa,ZAF,2006,1.315945
South Africa,ZAF,2007,1.2638052
South Africa,ZAF,2008,0.6814046
South Africa,ZAF,2009,0.7813752
South Africa,ZAF,2010,0.61250436
South Africa,ZAF,2011,1.3448642
South Africa,ZAF,2012,0.5855664
South Africa,ZAF,2013,0.6524712
South Africa,ZAF,2014,1.6917219
South Africa,ZAF,2015,2.6074784
South Africa,ZAF,2016,3.231676
South Africa,ZAF,2017,4.7542524
South Africa,ZAF,2018,4.8692937
South Africa,ZAF,2019,5.215948
South Africa,ZAF,2020,6.3429427
South Africa,ZAF,2021,7.707977
South Africa,ZAF,2022,9.875821
South Africa,ZAF,2023,12.39751
South Africa,ZAF,2024,12.512119
South Africa,ZAF,2025,13.634866
South America,OWID_SAM,2000,77.24623
South America,OWID_SAM,2001,74.49462
South America,OWID_SAM,2002,75.7981
South America,OWID_SAM,2003,75.6005
South America,OWID_SAM,2004,74.01553
South America,OWID_SAM,2005,75.248085
South America,OWID_SAM,2006,75.06741
South America,OWID_SAM,2007,74.38344
South America,OWID_SAM,2008,71.941315
South America,OWID_SAM,2009,73.85776
South America,OWID_SAM,2010,70.791855
South America,OWID_SAM,2011,72.65748
South America,OWID_SAM,2012,68.44771
South America,OWID_SAM,2013,65.03161
South America,OWID_SAM,2014,63.16346
South America,OWID_SAM,2015,63.043686
South America,OWID_SAM,2016,65.69158
South America,OWID_SAM,2017,67.59999
South America,OWID_SAM,2018,69.385506
South America,OWID_SAM,2019,69.207825
South America,OWID_SAM,2020,71.24278
South America,OWID_SAM,2021,68.39293
South America,OWID_SAM,2022,74.92663
South America,OWID_SAM,2023,77.22744
South America,OWID_SAM,2024,76.78683
South Korea,KOR,1985,5.0823493
South Korea,KOR,1986,4.4630504
South Korea,KOR,1987,4.941189
South Korea,KOR,1988,2.1343105
South Korea,KOR,1989,2.860322
South Korea,KOR,1990,3.9548495
South Korea,KOR,1991,2.649406
South Korea,KOR,1992,2.1165414
South Korea,KOR,1993,2.6130476
South Korea,KOR,1994,1.2810979
South Korea,KOR,1995,1.4797226
South Korea,KOR,1996,1.2532258
South Korea,KOR,1997,1.1744279
South Korea,KOR,1998,1.8311406
South Korea,KOR,1999,1.6237406
South Korea,KOR,2000,1.4184885
South Korea,KOR,2001,0.78740156
South Korea,KOR,2002,1.0331014
South Korea,KOR,2003,1.469362
South Korea,KOR,2004,1.2662355
South Korea,KOR,2005,1.04501
South Korea,KOR,2006,0.9876176
South Korea,KOR,2007,1.0484004
South Korea,KOR,2008,1.0031404
South Korea,KOR,2009,1.0188972
South Korea,KOR,2010,1.1494253
South Korea,KOR,2011,1.4281304
South Korea,KOR,2012,1.5379981
South Korea,KOR,2013,1.9044605
South Korea,KOR,2014,2.3853586
South Korea,KOR,2015,2.7747355
South Korea,KOR,2016,3.2318442
South Korea,KOR,2017,3.8739789
South Korea,KOR,2018,4.688739
South Korea,KOR,2019,5.625426
South Korea,KOR,2020,7.000399
South Korea,KOR,2021,7.914308
South Korea,KOR,2022,8.912767
South Korea,KOR,2023,9.566147
South Korea,KOR,2024,9.709297
South Korea,KOR,2025,10.394455
South Sudan,SSD,2012,0
South Sudan,SSD,2013,0
South Sudan,SSD,2014,0
South Sudan,SSD,2015,0
South Sudan,SSD,2016,0
South Sudan,SSD,2017,0
South Sudan,SSD,2018,0
South Sudan,SSD,2019,0
South Sudan,SSD,2020,1.7857143
South Sudan,SSD,2021,1.754386
South Sudan,SSD,2022,1.9607843
South Sudan,SSD,2023,1.7857143
South Sudan,SSD,2024,1.7857143
South and Central America (EI),,1985,70.852684
South and Central America (EI),,1986,70.987495
South and Central America (EI),,1987,72.118256
South and Central America (EI),,1988,71.39829
South and Central America (EI),,1989,71.25009
South and Central America (EI),,1990,72.58538
South and Central America (EI),,1991,73.67815
South and Central America (EI),,1992,73.1628
South and Central America (EI),,1993,74.49274
South and Central America (EI),,1994,75.029724
South and Central America (EI),,1995,73.45884
South and Central America (EI),,1996,72.88105
South and Central America (EI),,1997,72.7417
South and Central America (EI),,1998,71.18603
South and Central America (EI),,1999,69.48511
South and Central America (EI),,2000,69.8744
South and Central America (EI),,2001,66.885124
South and Central America (EI),,2002,68.20698
South and Central America (EI),,2003,68.02103
South and Central America (EI),,2004,67.15893
South and Central America (EI),,2005,68.05707
South and Central America (EI),,2006,67.94233
South and Central America (EI),,2007,67.626686
South and Central America (EI),,2008,66.1197
South and Central America (EI),,2009,67.41933
South and Central America (EI),,2010,65.29512
South and Central America (EI),,2011,66.74433
South and Central America (EI),,2012,63.740482
South and Central America (EI),,2013,60.774265
South and Central America (EI),,2014,59.464104
South and Central America (EI),,2015,59.197372
South and Central America (EI),,2016,61.50483
South and Central America (EI),,2017,64.45073
South and Central America (EI),,2018,66.64256
South and Central America (EI),,2019,66.31239
South and Central America (EI),,2020,67.88809
South and Central America (EI),,2021,65.29521
South and Central America (EI),,2022,71.55921
South and Central America (EI),,2023,72.317665
South and Central America (EI),,2024,72.36444
South and Central America (EI),,2025,73.451744
Spain,ESP,1985,25.20347
Spain,ESP,1986,21.030579
Spain,ESP,1987,21.065016
Spain,ESP,1988,25.885878
Spain,ESP,1989,13.563719
Spain,ESP,1990,17.220163
Spain,ESP,1991,17.975567
Spain,ESP,1992,12.5119705
Spain,ESP,1993,16.200361
Spain,ESP,1994,18.140957
Spain,ESP,1995,14.76949
Spain,ESP,1996,23.815022
Spain,ESP,1997,19.547401
Spain,ESP,1998,19.075443
Spain,ESP,1999,13.232504
Spain,ESP,2000,15.611987
Spain,ESP,2001,21.152443
Spain,ESP,2002,13.826017
Spain,ESP,2003,21.667315
Spain,ESP,2004,18.12299
Spain,ESP,2005,14.603055
Spain,ESP,2006,17.642681
Spain,ESP,2007,19.31359
Spain,ESP,2008,20.061977
Spain,ESP,2009,25.481564
Spain,ESP,2010,32.83076
Spain,ESP,2011,30.023323
Spain,ESP,2012,29.586664
Spain,ESP,2013,39.582893
Spain,ESP,2014,40.17636
Spain,ESP,2015,35.025436
Spain,ESP,2016,38.65164
Spain,ESP,2017,32.282104
Spain,ESP,2018,38.271927
Spain,ESP,2019,37.331806
Spain,ESP,2020,43.854782
Spain,ESP,2021,46.44506
Spain,ESP,2022,42.803413
Spain,ESP,2023,51.51374
Spain,ESP,2024,57.336086
Spain,ESP,2025,55.858135
Sri Lanka,LKA,1985,97.18459
Sri Lanka,LKA,1986,99.75111
Sri Lanka,LKA,1987,80.41519
Sri Lanka,LKA,1988,92.79231
Sri Lanka,LKA,1989,98.01603
Sri Lanka,LKA,1990,99.841255
Sri Lanka,LKA,1991,92.286285
Sri Lanka,LKA,1992,81.92502
Sri Lanka,LKA,1993,95.40805
Sri Lanka,LKA,1994,93.21542
Sri Lanka,LKA,1995,94.03553
Sri Lanka,LKA,1996,71.818214
Sri Lanka,LKA,1997,67.016136
Sri Lanka,LKA,1998,68.98116
Sri Lanka,LKA,1999,66.56838
Sri Lanka,LKA,2000,47.34513
Sri Lanka,LKA,2001,46.77661
Sri Lanka,LKA,2002,38.9049
Sri Lanka,LKA,2003,43.51245
Sri Lanka,LKA,2004,36.71199
Sri Lanka,LKA,2005,39.342403
Sri Lanka,LKA,2006,49.258476
Sri Lanka,LKA,2007,40.182186
Sri Lanka,LKA,2008,41.935482
Sri Lanka,LKA,2009,39.635994
Sri Lanka,LKA,2010,53.451492
Sri Lanka,LKA,2011,41.212124
Sri Lanka,LKA,2012,29.40678
Sri Lanka,LKA,2013,60.183643
Sri Lanka,LKA,2014,39.35743
Sri Lanka,LKA,2015,48.750946
Sri Lanka,LKA,2016,32.983925
Sri Lanka,LKA,2017,31.027534
Sri Lanka,LKA,2018,43.870567
Sri Lanka,LKA,2019,33.773247
Sri Lanka,LKA,2020,35.575756
Sri Lanka,LKA,2021,49.40034
Sri Lanka,LKA,2022,50.32836
Sri Lanka,LKA,2023,48.5662
Sri Lanka,LKA,2024,55.24312
Sri Lanka,LKA,2025,61.623188
Sudan,SDN,2000,50
Sudan,SDN,2001,50.74627
Sudan,SDN,2002,46.333332
Sudan,SDN,2003,36.887608
Sudan,SDN,2004,34.444447
Sudan,SDN,2005,35.10101
Sudan,SDN,2006,32.258064
Sudan,SDN,2007,30.813955
Sudan,SDN,2008,28.368795
Sudan,SDN,2009,50.680782
Sudan,SDN,2010,82.84961
Sudan,SDN,2011,76.615746
Sudan,SDN,2012,70.31579
Sudan,SDN,2013,80.96618
Sudan,SDN,2014,78.439964
Sudan,SDN,2015,64.629486
Sudan,SDN,2016,56.21139
Sudan,SDN,2017,60.509556
Sudan,SDN,2018,59.7561
Sudan,SDN,2019,63.748463
Sudan,SDN,2020,64.82558
Sudan,SDN,2021,62.655365
Sudan,SDN,2022,71.75208
Sudan,SDN,2023,80.97864
Sudan,SDN,2024,79.68856
Suriname,SUR,2000,73.958336
Suriname,SUR,2001,70.192314
Suriname,SUR,2002,60.1626
Suriname,SUR,2003,57.69231
Suriname,SUR,2004,53.146854
Suriname,SUR,2005,48.520706
Suriname,SUR,2006,54.77707
Suriname,SUR,2007,57.333336
Suriname,SUR,2008,56.953644
Suriname,SUR,2009,56.209152
Suriname,SUR,2010,61.22449
Suriname,SUR,2011,67.32026
Suriname,SUR,2012,49.1018
Suriname,SUR,2013,47.159092
Suriname,SUR,2014,30.21978
Suriname,SUR,2015,26.344086
Suriname,SUR,2016,43.956043
Suriname,SUR,2017,51.933704
Suriname,SUR,2018,53.157894
Suriname,SUR,2019,47.549023
Suriname,SUR,2020,48.292683
Suriname,SUR,2021,48.32536
Suriname,SUR,2022,44.549767
Suriname,SUR,2023,53.17919
Suriname,SUR,2024,52.873566
Sweden,SWE,1985,53.081524
Sweden,SWE,1986,45.379406
Sweden,SWE,1987,50.363987
Sweden,SWE,1988,49.188953
Sweden,SWE,1989,51.676205
Sweden,SWE,1990,51.000137
Sweden,SWE,1991,44.30156
Sweden,SWE,1992,52.333317
Sweden,SWE,1993,52.918907
Sweden,SWE,1994,43.027332
Sweden,SWE,1995,47.578907
Sweden,SWE,1996,38.404095
Sweden,SWE,1997,48.274242
Sweden,SWE,1998,49.18446
Sweden,SWE,1999,48.275642
Sweden,SWE,2000,57.247128
Sweden,SWE,2001,51.559402
Sweden,SWE,2002,48.500343
Sweden,SWE,2003,43.378387
Sweden,SWE,2004,44.985485
Sweden,SWE,2005,51.288204
Sweden,SWE,2006,49.595196
Sweden,SWE,2007,52.029293
Sweden,SWE,2008,54.309544
Sweden,SWE,2009,58.426056
Sweden,SWE,2010,55.29808
Sweden,SWE,2011,55.955547
Sweden,SWE,2012,59.066326
Sweden,SWE,2013,54.03516
Sweden,SWE,2014,55.841366
Sweden,SWE,2015,63.271606
Sweden,SWE,2016,57.17493
Sweden,SWE,2017,57.882236
Sweden,SWE,2018,55.797012
Sweden,SWE,2019,58.745995
Sweden,SWE,2020,68.4699
Sweden,SWE,2021,67.3827
Sweden,SWE,2022,68.3213
Sweden,SWE,2023,69.40681
Sweden,SWE,2024,69.35812
Sweden,SWE,2025,71.1909
Switzerland,CHE,1985,57.540203
Switzerland,CHE,1986,58.11356
Switzerland,CHE,1987,58.904114
Switzerland,CHE,1988,59.977894
Switzerland,CHE,1989,55.490753
Switzerland,CHE,1990,53.9795
Switzerland,CHE,1991,56.006077
Switzerland,CHE,1992,55.767498
Switzerland,CHE,1993,58.93239
Switzerland,CHE,1994,59.91988
Switzerland,CHE,1995,56.87249
Switzerland,CHE,1996,51.231163
Switzerland,CHE,1997,55.186493
Switzerland,CHE,1998,53.99988
Switzerland,CHE,1999,59.41687
Switzerland,CHE,2000,56.987293
Switzerland,CHE,2001,59.39479
Switzerland,CHE,2002,55.190334
Switzerland,CHE,2003,54.667896
Switzerland,CHE,2004,54.423046
Switzerland,CHE,2005,55.865055
Switzerland,CHE,2006,51.71415
Switzerland,CHE,2007,54.914948
Switzerland,CHE,2008,55.683178
Switzerland,CHE,2009,55.54222
Switzerland,CHE,2010,56.729748
Switzerland,CHE,2011,54.103054
Switzerland,CHE,2012,59.489212
Switzerland,CHE,2013,59.20803
Switzerland,CHE,2014,58.033672
Switzerland,CHE,2015,62.23702
Switzerland,CHE,2016,61.882164
Switzerland,CHE,2017,62.776386
Switzerland,CHE,2018,58.651382
Switzerland,CHE,2019,59.869633
Switzerland,CHE,2020,62.20438
Switzerland,CHE,2021,66.58741
Switzerland,CHE,2022,58.311733
Switzerland,CHE,2023,63.165405
Switzerland,CHE,2024,67.44928
Switzerland,CHE,2025,67.82529
Syria,SYR,2000,12.910891
Syria,SYR,2001,12.864623
Syria,SYR,2002,8.835055
Syria,SYR,2003,9.177631
Syria,SYR,2004,13.086728
Syria,SYR,2005,12.0565405
Syria,SYR,2006,10.592316
Syria,SYR,2007,9.076804
Syria,SYR,2008,7.0628347
Syria,SYR,2009,4.3839407
Syria,SYR,2010,5.6416883
Syria,SYR,2011,7.2418737
Syria,SYR,2012,9.265572
Syria,SYR,2013,12.03814
Syria,SYR,2014,11.152941
Syria,SYR,2015,2.443087
Syria,SYR,2016,5.283434
Syria,SYR,2017,4.2299347
Syria,SYR,2018,3.4946237
Syria,SYR,2019,3.4946237
Syria,SYR,2020,3.8040893
Syria,SYR,2021,3.8691847
Syria,SYR,2022,4.38247
Syria,SYR,2023,3.5171862
Syria,SYR,2024,3.5369775
Taiwan,TWN,1985,10.807119
Taiwan,TWN,1986,9.841289
Taiwan,TWN,1987,7.967408
Taiwan,TWN,1988,6.1328287
Taiwan,TWN,1989,6.018356
Taiwan,TWN,1990,7.309623
Taiwan,TWN,1991,4.1308455
Taiwan,TWN,1992,6.460373
Taiwan,TWN,1993,3.7685077
Taiwan,TWN,1994,4.267253
Taiwan,TWN,1995,3.9238403
Taiwan,TWN,1996,3.6720502
Taiwan,TWN,1997,3.8349452
Taiwan,TWN,1998,4.171504
Taiwan,TWN,1999,3.4364917
Taiwan,TWN,2000,3.0350575
Taiwan,TWN,2001,3.4052937
Taiwan,TWN,2002,2.2128346
Taiwan,TWN,2003,2.3055582
Taiwan,TWN,2004,2.3304794
Taiwan,TWN,2005,2.6417584
Taiwan,TWN,2006,2.6407404
Taiwan,TWN,2007,2.7724075
Taiwan,TWN,2008,2.8198564
Taiwan,TWN,2009,2.7385352
Taiwan,TWN,2010,2.861769
Taiwan,TWN,2011,2.9268293
Taiwan,TWN,2012,3.6226385
Taiwan,TWN,2013,3.6579082
Taiwan,TWN,2014,3.1811364
Taiwan,TWN,2015,3.4051287
Taiwan,TWN,2016,4.1799183
Taiwan,TWN,2017,3.9591503
Taiwan,TWN,2018,3.9414945
Taiwan,TWN,2019,4.9018893
Taiwan,TWN,2020,4.7858853
Taiwan,TWN,2021,5.401505
Taiwan,TWN,2022,7.665082
Taiwan,TWN,2023,8.898966
Taiwan,TWN,2024,10.91974
Taiwan,TWN,2025,12.240368
Tajikistan,TJK,2000,98.45506
Tajikistan,TJK,2001,98.74913
Tajikistan,TJK,2002,99.08497
Tajikistan,TJK,2003,98.97032
Tajikistan,TJK,2004,99.09036
Tajikistan,TJK,2005,99.29783
Tajikistan,TJK,2006,98.641464
Tajikistan,TJK,2007,97.82733
Tajikistan,TJK,2008,97.83282
Tajikistan,TJK,2009,98.63523
Tajikistan,TJK,2010,99.75668
Tajikistan,TJK,2011,99.7537
Tajikistan,TJK,2012,99.58751
Tajikistan,TJK,2013,99.76621
Tajikistan,TJK,2014,99.0099
Tajikistan,TJK,2015,99.0676
Tajikistan,TJK,2016,96.461716
Tajikistan,TJK,2017,94.588615
Tajikistan,TJK,2018,93.161095
Tajikistan,TJK,2019,91.45993
Tajikistan,TJK,2020,90.0995
Tajikistan,TJK,2021,90.057915
Tajikistan,TJK,2022,92.694275
Tajikistan,TJK,2023,94.206314
Tajikistan,TJK,2024,94.59459
Tajikistan,TJK,2025,94.36563
Tanzania,TZA,2000,86.4
Tanzania,TZA,2001,94.69965
Tanzania,TZA,2002,95.501724
Tanzania,TZA,2003,95.940956
Tanzania,TZA,2004,78.9272
Tanzania,TZA,2005,50
Tanzania,TZA,2006,42.735043
Tanzania,TZA,2007,60.849056
Tanzania,TZA,2008,60.89888
Tanzania,TZA,2009,56.25
Tanzania,TZA,2010,52.1576
Tanzania,TZA,2011,40.03868
Tanzania,TZA,2012,32.4515
Tanzania,TZA,2013,30.050083
Tanzania,TZA,2014,42.651756
Tanzania,TZA,2015,33.537518
Tanzania,TZA,2016,36.217007
Tanzania,TZA,2017,34.794907
Tanzania,TZA,2018,31.737345
Tanzania,TZA,2019,33.20463
Tanzania,TZA,2020,41.37931
Tanzania,TZA,2021,36.878616
Tanzania,TZA,2022,30.353432
Tanzania,TZA,2023,26.490067
Tanzania,TZA,2024,32.918552
Thailand,THA,1985,16.026957
Thailand,THA,1986,22.422955
Thailand,THA,1987,14.21294
Thailand,THA,1988,11.564287
Thailand,THA,1989,14.814671
Thailand,THA,1990,11.164903
Thailand,THA,1991,9.048247
Thailand,THA,1992,7.3293643
Thailand,THA,1993,5.750053
Thailand,THA,1994,6.264716
Thailand,THA,1995,8.447449
Thailand,THA,1996,8.531997
Thailand,THA,1997,7.9380517
Thailand,THA,1998,6.029433
Thailand,THA,1999,4.2754407
Thailand,THA,2000,6.721106
Thailand,THA,2001,6.7234383
Thailand,THA,2002,7.4880114
Thailand,THA,2003,7.279627
Thailand,THA,2004,6.2353983
Thailand,THA,2005,5.773212
Thailand,THA,2006,7.296388
Thailand,THA,2007,7.310742
Thailand,THA,2008,6.2775025
Thailand,THA,2009,6.346813
Thailand,THA,2010,5.56578
Thailand,THA,2011,7.8277884
Thailand,THA,2012,8.078835
Thailand,THA,2013,7.501186
Thailand,THA,2014,8.177947
Thailand,THA,2015,7.765844
Thailand,THA,2016,8.936714
Thailand,THA,2017,11.107339
Thailand,THA,2018,14.356437
Thailand,THA,2019,14.8624735
Thailand,THA,2020,14.211243
Thailand,THA,2021,15.009072
Thailand,THA,2022,15.789765
Thailand,THA,2023,15.623688
Thailand,THA,2024,14.840617
Thailand,THA,2025,16.574585
Togo,TGO,2000,55.555553
Togo,TGO,2001,38.46154
Togo,TGO,2002,56.250004
Togo,TGO,2003,66.666664
Togo,TGO,2004,42.105263
Togo,TGO,2005,36.842106
Togo,TGO,2006,40.909092
Togo,TGO,2007,52.63158
Togo,TGO,2008,69.230774
Togo,TGO,2009,73.33333
Togo,TGO,2010,40.909092
Togo,TGO,2011,47.61905
Togo,TGO,2012,28.125002
Togo,TGO,2013,12.5
Togo,TGO,2014,34.285713
Togo,TGO,2015,13.636363
Togo,TGO,2016,21.276596
Togo,TGO,2017,25.925924
Togo,TGO,2018,34.999996
Togo,TGO,2019,21.311474
Togo,TGO,2020,14.754099
Togo,TGO,2021,22.535212
Togo,TGO,2022,20.000002
Togo,TGO,2023,26.760565
Togo,TGO,2024,29.577465
Tonga,TON,2000,0
Tonga,TON,2001,0
Tonga,TON,2002,0
Tonga,TON,2003,0
Tonga,TON,2004,0
Tonga,TON,2005,0
Tonga,TON,2006,0
Tonga,TON,2007,0
Tonga,TON,2008,0
Tonga,TON,2009,0
Tonga,TON,2010,0
Tonga,TON,2011,0
Tonga,TON,2012,0
Tonga,TON,2013,0
Tonga,TON,2014,0
Tonga,TON,2015,0
Tonga,TON,2016,0
Tonga,TON,2017,14.285714
Tonga,TON,2018,14.285714
Tonga,TON,2019,14.285714
Tonga,TON,2020,14.285714
Tonga,TON,2021,14.285714
Tonga,TON,2022,12.5
Tonga,TON,2023,14.285714
Tonga,TON,2024,14.285714
Trinidad and Tobago,TTO,2000,0.36630034
Trinidad and Tobago,TTO,2001,0.5319149
Trinidad and Tobago,TTO,2002,0.5319149
Trinidad and Tobago,TTO,2003,0.1552795
Trinidad and Tobago,TTO,2004,0.31104198
Trinidad and Tobago,TTO,2005,0.28368792
Trinidad and Tobago,TTO,2006,0.41841003
Trinidad and Tobago,TTO,2007,0.26041666
Trinidad and Tobago,TTO,2008,0.2587322
Trinidad and Tobago,TTO,2009,0.25510204
Trinidad and Tobago,TTO,2010,0
Trinidad and Tobago,TTO,2011,0
Trinidad and Tobago,TTO,2012,0
Trinidad and Tobago,TTO,2013,0
Trinidad and Tobago,TTO,2014,0
Trinidad and Tobago,TTO,2015,0.10449321
Trinidad and Tobago,TTO,2016,0.10615711
Trinidad and Tobago,TTO,2017,0.10729614
Trinidad and Tobago,TTO,2018,0.108342364
Trinidad and Tobago,TTO,2019,0.10869565
Trinidad and Tobago,TTO,2020,0.108342364
Trinidad and Tobago,TTO,2021,0.107874855
Trinidad and Tobago,TTO,2022,0.10526316
Trinidad and Tobago,TTO,2023,0.10504201
Trinidad and Tobago,TTO,2024,0.10471204
Tunisia,TUN,2000,0.7554296
Tunisia,TUN,2001,0.6151142
Tunisia,TUN,2002,0.7601352
Tunisia,TUN,2003,1.6843972
Tunisia,TUN,2004,1.5926236
Tunisia,TUN,2005,1.421801
Tunisia,TUN,2006,0.9946442
Tunisia,TUN,2007,0.65502185
Tunisia,TUN,2008,0.48712596
Tunisia,TUN,2009,1.1795545
Tunisia,TUN,2010,1.1957206
Tunisia,TUN,2011,0.9815951
Tunisia,TUN,2012,1.7376682
Tunisia,TUN,2013,2.3704522
Tunisia,TUN,2014,3.110174
Tunisia,TUN,2015,2.9774127
Tunisia,TUN,2016,3.2093735
Tunisia,TUN,2017,2.915452
Tunisia,TUN,2018,2.6290631
Tunisia,TUN,2019,3.133515
Tunisia,TUN,2020,3.13377
Tunisia,TUN,2021,3.105023
Tunisia,TUN,2022,3.0359645
Tunisia,TUN,2023,3.9473681
Tunisia,TUN,2024,4.3986897
Tunisia,TUN,2025,4.0340652
Turkey,TUR,1985,35.21709
Turkey,TUR,1986,30.019547
Turkey,TUR,1987,42.10705
Turkey,TUR,1988,60.392765
Turkey,TUR,1989,34.590878
Turkey,TUR,1990,40.371914
Turkey,TUR,1991,37.848602
Turkey,TUR,1992,39.628807
Turkey,TUR,1993,46.186157
Turkey,TUR,1994,39.21869
Turkey,TUR,1995,41.570038
Turkey,TUR,1996,42.941486
Turkey,TUR,1997,38.906097
Turkey,TUR,1998,38.335438
Turkey,TUR,1999,29.981106
Turkey,TUR,2000,25.05226
Turkey,TUR,2001,19.91165
Turkey,TUR,2002,26.436243
Turkey,TUR,2003,25.483734
Turkey,TUR,2004,30.924875
Turkey,TUR,2005,24.58702
Turkey,TUR,2006,25.259575
Turkey,TUR,2007,19.037176
Turkey,TUR,2008,17.351414
Turkey,TUR,2009,19.583185
Turkey,TUR,2010,26.385077
Turkey,TUR,2011,25.323685
Turkey,TUR,2012,27.228693
Turkey,TUR,2013,28.823652
Turkey,TUR,2014,20.885096
Turkey,TUR,2015,31.955536
Turkey,TUR,2016,32.8863
Turkey,TUR,2017,29.345083
Turkey,TUR,2018,32.257206
Turkey,TUR,2019,43.79706
Turkey,TUR,2020,42.16225
Turkey,TUR,2021,35.400146
Turkey,TUR,2022,41.911034
Turkey,TUR,2023,42.008816
Turkey,TUR,2024,45.61439
Turkey,TUR,2025,43.257225
Turkmenistan,TKM,1990,0.020533882
Turkmenistan,TKM,1991,0.020062193
Turkmenistan,TKM,1992,0.031859696
Turkmenistan,TKM,1993,0.03956698
Turkmenistan,TKM,1994,0.038022812
Turkmenistan,TKM,1995,0.040383648
Turkmenistan,TKM,1996,0.049358338
Turkmenistan,TKM,1997,0.05264266
Turkmenistan,TKM,1998,0.06372132
Turkmenistan,TKM,1999,0.05643341
Turkmenistan,TKM,2000,0
Turkmenistan,TKM,2001,0
Turkmenistan,TKM,2002,0
Turkmenistan,TKM,2003,0
Turkmenistan,TKM,2004,0
Turkmenistan,TKM,2005,0
Turkmenistan,TKM,2006,0
Turkmenistan,TKM,2007,0
Turkmenistan,TKM,2008,0
Turkmenistan,TKM,2009,0
Turkmenistan,TKM,2010,0
Turkmenistan,TKM,2011,0
Turkmenistan,TKM,2012,0
Turkmenistan,TKM,2013,0
Turkmenistan,TKM,2014,0
Turkmenistan,TKM,2015,0
Turkmenistan,TKM,2016,0
Turkmenistan,TKM,2017,0
Turkmenistan,TKM,2018,0
Turkmenistan,TKM,2019,0
Turkmenistan,TKM,2020,0
Turkmenistan,TKM,2021,0.03521127
Turkmenistan,TKM,2022,0.030674847
Turkmenistan,TKM,2023,0.030674847
Turkmenistan,TKM,2024,0.030293852
Turks and Caicos Islands,TCA,2000,0
Turks and Caicos Islands,TCA,2001,0
Turks and Caicos Islands,TCA,2002,0
Turks and Caicos Islands,TCA,2003,0
Turks and Caicos Islands,TCA,2004,0
Turks and Caicos Islands,TCA,2005,0
Turks and Caicos Islands,TCA,2006,0
Turks and Caicos Islands,TCA,2007,0
Turks and Caicos Islands,TCA,2008,0
Turks and Caicos Islands,TCA,2009,0
Turks and Caicos Islands,TCA,2010,0
Turks and Caicos Islands,TCA,2011,0
Turks and Caicos Islands,TCA,2012,0
Turks and Caicos Islands,TCA,2013,0
Turks and Caicos Islands,TCA,2014,0
Turks and Caicos Islands,TCA,2015,0
Turks and Caicos Islands,TCA,2016,0
Turks and Caicos Islands,TCA,2017,0
Turks and Caicos Islands,TCA,2018,0
Turks and Caicos Islands,TCA,2019,0
Turks and Caicos Islands,TCA,2020,0
Turks and Caicos Islands,TCA,2021,0
Turks and Caicos Islands,TCA,2022,0
Turks and Caicos Islands,TCA,2023,0
Turks and Caicos Islands,TCA,2024,3.7037034
Uganda,UGA,2000,99.37107
Uganda,UGA,2001,99.37107
Uganda,UGA,2002,99.4186
Uganda,UGA,2003,99.44444
Uganda,UGA,2004,100
Uganda,UGA,2005,96.428566
Uganda,UGA,2006,76.25
Uganda,UGA,2007,73
Uganda,UGA,2008,74.24893
Uganda,UGA,2009,63.63636
Uganda,UGA,2010,59.48905
Uganda,UGA,2011,61.278194
Uganda,UGA,2012,89.99999
Uganda,UGA,2013,100
Uganda,UGA,2014,97.21362
Uganda,UGA,2015,97.74648
Uganda,UGA,2016,98.143234
Uganda,UGA,2017,98.14815
Uganda,UGA,2018,92.790695
Uganda,UGA,2019,96.94324
Uganda,UGA,2020,97.391304
Uganda,UGA,2021,97.5332
Uganda,UGA,2022,97.391304
Uganda,UGA,2023,97.05373
Uganda,UGA,2024,97.07401
Ukraine,UKR,1990,3.4949455
Ukraine,UKR,1991,4.1821427
Ukraine,UKR,1992,3.1030953
Ukraine,UKR,1993,4.7717843
Ukraine,UKR,1994,5.935939
Ukraine,UKR,1995,5.090555
Ukraine,UKR,1996,4.684616
Ukraine,UKR,1997,5.504075
Ukraine,UKR,1998,9.080944
Ukraine,UKR,1999,8.297601
Ukraine,UKR,2000,6.5642457
Ukraine,UKR,2001,6.9532604
Ukraine,UKR,2002,5.5450206
Ukraine,UKR,2003,5.133459
Ukraine,UKR,2004,6.4569173
Ukraine,UKR,2005,6.652717
Ukraine,UKR,2006,6.6783743
Ukraine,UKR,2007,5.335032
Ukraine,UKR,2008,6.1377087
Ukraine,UKR,2009,6.9811645
Ukraine,UKR,2010,7.0914097
Ukraine,UKR,2011,5.739933
Ukraine,UKR,2012,5.6466208
Ukraine,UKR,2013,7.7738333
Ukraine,UKR,2014,5.5628486
Ukraine,UKR,2015,4.3377323
Ukraine,UKR,2016,5.626443
Ukraine,UKR,2017,6.959754
Ukraine,UKR,2018,8.150882
Ukraine,UKR,2019,7.7007914
Ukraine,UKR,2020,11.468977
Ukraine,UKR,2021,13.851955
Ukraine,UKR,2022,16.411083
United Arab Emirates,ARE,1985,0
United Arab Emirates,ARE,1986,0
United Arab Emirates,ARE,1987,0
United Arab Emirates,ARE,1988,0
United Arab Emirates,ARE,1989,0
United Arab Emirates,ARE,1990,0
United Arab Emirates,ARE,1991,0
United Arab Emirates,ARE,1992,0
United Arab Emirates,ARE,1993,0
United Arab Emirates,ARE,1994,0
United Arab Emirates,ARE,1995,0
United Arab Emirates,ARE,1996,0
United Arab Emirates,ARE,1997,0
United Arab Emirates,ARE,1998,0
United Arab Emirates,ARE,1999,0
United Arab Emirates,ARE,2000,0
United Arab Emirates,ARE,2001,0
United Arab Emirates,ARE,2002,0
United Arab Emirates,ARE,2003,0
United Arab Emirates,ARE,2004,0
United Arab Emirates,ARE,2005,0
United Arab Emirates,ARE,2006,0
United Arab Emirates,ARE,2007,0
United Arab Emirates,ARE,2008,0
United Arab Emirates,ARE,2009,0.011668611
United Arab Emirates,ARE,2010,0.02128792
United Arab Emirates,ARE,2011,0.020175528
United Arab Emirates,ARE,2012,0.018830618
United Arab Emirates,ARE,2013,0.08182563
United Arab Emirates,ARE,2014,0.2660031
United Arab Emirates,ARE,2015,0.23551579
United Arab Emirates,ARE,2016,0.24689452
United Arab Emirates,ARE,2017,0.5573307
United Arab Emirates,ARE,2018,0.88228816
United Arab Emirates,ARE,2019,2.6435537
United Arab Emirates,ARE,2020,3.7724855
United Arab Emirates,ARE,2021,4.1932235
United Arab Emirates,ARE,2022,4.9864883
United Arab Emirates,ARE,2023,8.75664
United Arab Emirates,ARE,2024,8.811914
United Kingdom,GBR,1920,0.30181253
United Kingdom,GBR,1921,0.27739406
United Kingdom,GBR,1922,0.2366317
United Kingdom,GBR,1923,0.26380017
United Kingdom,GBR,1924,0.26657337
United Kingdom,GBR,1925,0.2425628
United Kingdom,GBR,1926,0.22985111
United Kingdom,GBR,1927,0.39112002
United Kingdom,GBR,1928,1.2342926
United Kingdom,GBR,1929,1.3938788
United Kingdom,GBR,1930,3.1183178
United Kingdom,GBR,1931,3.8679898
United Kingdom,GBR,1932,3.0689378
United Kingdom,GBR,1933,2.581972
United Kingdom,GBR,1934,3.182023
United Kingdom,GBR,1935,3.7659883
United Kingdom,GBR,1936,3.485176
United Kingdom,GBR,1937,3.483777
United Kingdom,GBR,1938,4.2791176
United Kingdom,GBR,1939,3.925196
United Kingdom,GBR,1940,2.9400036
United Kingdom,GBR,1941,2.716234
United Kingdom,GBR,1942,3.2557905
United Kingdom,GBR,1943,3.806408
United Kingdom,GBR,1944,3.2490857
United Kingdom,GBR,1945,3.2548265
United Kingdom,GBR,1946,2.92563
United Kingdom,GBR,1947,2.8079414
United Kingdom,GBR,1948,2.0297782
United Kingdom,GBR,1949,1.569261
United Kingdom,GBR,1950,2.0110085
United Kingdom,GBR,1951,3.0021698
United Kingdom,GBR,1952,3.1147432
United Kingdom,GBR,1953,3.0697017
United Kingdom,GBR,1954,3.4767582
United Kingdom,GBR,1955,2.2488146
United Kingdom,GBR,1956,2.7687392
United Kingdom,GBR,1957,3.210544
United Kingdom,GBR,1958,2.911904
United Kingdom,GBR,1959,2.72681
United Kingdom,GBR,1960,2.6701584
United Kingdom,GBR,1961,3.199951
United Kingdom,GBR,1962,2.9472182
United Kingdom,GBR,1963,2.2428377
United Kingdom,GBR,1964,2.3445444
United Kingdom,GBR,1965,2.7198205
United Kingdom,GBR,1966,2.5863836
United Kingdom,GBR,1967,2.6968093
United Kingdom,GBR,1968,1.922918
United Kingdom,GBR,1969,1.5777488
United Kingdom,GBR,1970,2.102336
United Kingdom,GBR,1971,1.5130988
United Kingdom,GBR,1972,1.470037
United Kingdom,GBR,1973,1.5638498
United Kingdom,GBR,1974,1.7162008
United Kingdom,GBR,1975,1.6142329
United Kingdom,GBR,1976,1.888269
United Kingdom,GBR,1977,1.6019771
United Kingdom,GBR,1978,1.6113201
United Kingdom,GBR,1979,1.6278278
United Kingdom,GBR,1980,1.5689231
United Kingdom,GBR,1981,1.7919708
United Kingdom,GBR,1982,1.8706697
United Kingdom,GBR,1983,1.8427788
United Kingdom,GBR,1984,1.8041953
United Kingdom,GBR,1985,1.3268555
United Kingdom,GBR,1986,1.5841147
United Kingdom,GBR,1987,1.3858436
United Kingdom,GBR,1988,1.5819995
United Kingdom,GBR,1989,1.5186039
United Kingdom,GBR,1990,1.792025
United Kingdom,GBR,1991,1.6228938
United Kingdom,GBR,1992,1.9654871
United Kingdom,GBR,1993,1.7702949
United Kingdom,GBR,1994,2.1374326
United Kingdom,GBR,1995,1.9797283
United Kingdom,GBR,1996,1.6216832
United Kingdom,GBR,1997,2.047509
United Kingdom,GBR,1998,2.3848252
United Kingdom,GBR,1999,2.6130652
United Kingdom,GBR,2000,2.628229
United Kingdom,GBR,2001,2.4794033
United Kingdom,GBR,2002,2.8716042
United Kingdom,GBR,2003,2.684513
United Kingdom,GBR,2004,3.5895612
United Kingdom,GBR,2005,4.2500315
United Kingdom,GBR,2006,4.5560956
United Kingdom,GBR,2007,4.959553
United Kingdom,GBR,2008,5.640683
United Kingdom,GBR,2009,6.699225
United Kingdom,GBR,2010,6.852327
United Kingdom,GBR,2011,9.565997
United Kingdom,GBR,2012,11.333718
United Kingdom,GBR,2013,14.851513
United Kingdom,GBR,2014,19.081284
United Kingdom,GBR,2015,24.599405
United Kingdom,GBR,2016,24.473732
United Kingdom,GBR,2017,29.238365
United Kingdom,GBR,2018,32.99976
United Kingdom,GBR,2019,36.596474
United Kingdom,GBR,2020,43.06478
United Kingdom,GBR,2021,39.7824
United Kingdom,GBR,2022,41.6107
United Kingdom,GBR,2023,46.378147
United Kingdom,GBR,2024,50.647522
United Kingdom,GBR,2025,51.97222
United States,USA,1985,12.178154
United States,USA,1986,12.544128
United States,USA,1987,10.752805
United States,USA,1988,9.291261
United States,USA,1989,10.330222
United States,USA,1990,10.917163
United States,USA,1991,10.741865
United States,USA,1992,9.729862
United States,USA,1993,10.270781
United States,USA,1994,9.532383
United States,USA,1995,10.601639
United States,USA,1996,11.360623
United States,USA,1997,11.45328
United States,USA,1998,10.147997
United States,USA,1999,9.860898
United States,USA,2000,9.229898
United States,USA,2001,7.5132055
United States,USA,2002,8.749216
United States,USA,2003,9.025211
United States,USA,2004,8.733411
United States,USA,2005,8.749464
United States,USA,2006,9.418474
United States,USA,2007,8.39841
United States,USA,2008,9.1809435
United States,USA,2009,10.547689
United States,USA,2010,10.3180895
United States,USA,2011,12.466524
United States,USA,2012,12.184118
United States,USA,2013,12.831115
United States,USA,2014,13.35031
United States,USA,2015,13.626135
United States,USA,2016,15.288093
United States,USA,2017,17.451527
United States,USA,2018,17.44999
United States,USA,2019,18.294624
United States,USA,2020,20.315693
United States,USA,2021,20.74287
United States,USA,2022,22.350468
United States,USA,2023,22.6789
United States,USA,2024,24.063429
United States,USA,2025,25.638361
United States Virgin Islands,VIR,2000,0
United States Virgin Islands,VIR,2001,0
United States Virgin Islands,VIR,2002,0
United States Virgin Islands,VIR,2003,0
United States Virgin Islands,VIR,2004,0
United States Virgin Islands,VIR,2005,0
United States Virgin Islands,VIR,2006,0
United States Virgin Islands,VIR,2007,0
United States Virgin Islands,VIR,2008,0
United States Virgin Islands,VIR,2009,0
United States Virgin Islands,VIR,2010,0
United States Virgin Islands,VIR,2011,0
United States Virgin Islands,VIR,2012,0
United States Virgin Islands,VIR,2013,0
United States Virgin Islands,VIR,2014,1.2820513
United States Virgin Islands,VIR,2015,1.2820513
United States Virgin Islands,VIR,2016,1.2987013
United States Virgin Islands,VIR,2017,1.6666665
United States Virgin Islands,VIR,2018,1.6129031
United States Virgin Islands,VIR,2019,1.5151514
United States Virgin Islands,VIR,2020,1.5625
United States Virgin Islands,VIR,2021,3.0303028
United States Virgin Islands,VIR,2022,2.9411764
United States Virgin Islands,VIR,2023,2.9411764
Upper-middle-income countries,OWID_UMC,1985,27.120264
Upper-middle-income countries,OWID_UMC,1986,26.309784
Upper-middle-income countries,OWID_UMC,1987,25.925106
Upper-middle-income countries,OWID_UMC,1988,26.4451
Upper-middle-income countries,OWID_UMC,1989,25.814543
Upper-middle-income countries,OWID_UMC,1990,26.012056
Upper-middle-income countries,OWID_UMC,1991,25.394476
Upper-middle-income countries,OWID_UMC,1992,25.323828
Upper-middle-income countries,OWID_UMC,1993,27.05907
Upper-middle-income countries,OWID_UMC,1994,26.601746
Upper-middle-income countries,OWID_UMC,1995,27.235212
Upper-middle-income countries,OWID_UMC,1996,26.534708
Upper-middle-income countries,OWID_UMC,1997,25.751726
Upper-middle-income countries,OWID_UMC,1998,25.959997
Upper-middle-income countries,OWID_UMC,1999,24.971754
Upper-middle-income countries,OWID_UMC,2000,25.893354
Upper-middle-income countries,OWID_UMC,2001,25.178991
Upper-middle-income countries,OWID_UMC,2002,24.633251
Upper-middle-income countries,OWID_UMC,2003,22.919641
Upper-middle-income countries,OWID_UMC,2004,23.190199
Upper-middle-income countries,OWID_UMC,2005,22.90822
Upper-middle-income countries,OWID_UMC,2006,22.383589
Upper-middle-income countries,OWID_UMC,2007,21.511765
Upper-middle-income countries,OWID_UMC,2008,23.233814
Upper-middle-income countries,OWID_UMC,2009,22.738081
Upper-middle-income countries,OWID_UMC,2010,23.246004
Upper-middle-income countries,OWID_UMC,2011,22.037985
Upper-middle-income countries,OWID_UMC,2012,23.618603
Upper-middle-income countries,OWID_UMC,2013,23.407314
Upper-middle-income countries,OWID_UMC,2014,24.142162
Upper-middle-income countries,OWID_UMC,2015,25.295225
Upper-middle-income countries,OWID_UMC,2016,26.418858
Upper-middle-income countries,OWID_UMC,2017,26.90054
Upper-middle-income countries,OWID_UMC,2018,27.291267
Upper-middle-income countries,OWID_UMC,2019,28.336811
Upper-middle-income countries,OWID_UMC,2020,29.443842
Upper-middle-income countries,OWID_UMC,2021,29.722801
Upper-middle-income countries,OWID_UMC,2022,31.69013
Upper-middle-income countries,OWID_UMC,2023,32.048275
Upper-middle-income countries,OWID_UMC,2024,34.13628
Uruguay,URY,2000,93.412384
Uruguay,URY,2001,99.783775
Uruguay,URY,2002,99.68749
Uruguay,URY,2003,99.883446
Uruguay,URY,2004,81.694916
Uruguay,URY,2005,87.5
Uruguay,URY,2006,64.63195
Uruguay,URY,2007,86.9936
Uruguay,URY,2008,61.23147
Uruguay,URY,2009,68.166084
Uruguay,URY,2010,89.19926
Uruguay,URY,2011,74.66151
Uruguay,URY,2012,64.622635
Uruguay,URY,2013,84.1338
Uruguay,URY,2014,94.76118
Uruguay,URY,2015,93.15866
Uruguay,URY,2016,96.82769
Uruguay,URY,2017,98.466896
Uruguay,URY,2018,97.535934
Uruguay,URY,2019,98.25762
Uruguay,URY,2020,94.03095
Uruguay,URY,2021,84.61539
Uruguay,URY,2022,90.78062
Uruguay,URY,2023,92.4337
Uruguay,URY,2024,98.87809
Uruguay,URY,2025,97.82245
Uzbekistan,UZB,1990,11.802929
Uzbekistan,UZB,1991,11.134497
Uzbekistan,UZB,1992,12.337216
Uzbekistan,UZB,1993,14.970803
Uzbekistan,UZB,1994,14.970712
Uzbekistan,UZB,1995,13.040272
Uzbekistan,UZB,1996,14.366235
Uzbekistan,UZB,1997,12.54397
Uzbekistan,UZB,1998,12.5446615
Uzbekistan,UZB,1999,12.545181
Uzbekistan,UZB,2000,7.5330772
Uzbekistan,UZB,2001,9.09091
Uzbekistan,UZB,2002,12.186234
Uzbekistan,UZB,2003,16.762413
Uzbekistan,UZB,2004,12.273642
Uzbekistan,UZB,2005,18.732958
Uzbekistan,UZB,2006,9.428225
Uzbekistan,UZB,2007,9.526724
Uzbekistan,UZB,2008,8.94066
Uzbekistan,UZB,2009,12.934133
Uzbekistan,UZB,2010,15.75909
Uzbekistan,UZB,2011,10.795454
Uzbekistan,UZB,2012,12.54717
Uzbekistan,UZB,2013,10.437649
Uzbekistan,UZB,2014,10.887893
Uzbekistan,UZB,2015,11.879464
Uzbekistan,UZB,2016,11.684551
Uzbekistan,UZB,2017,13.050625
Uzbekistan,UZB,2018,9.358669
Uzbekistan,UZB,2019,10.179358
Uzbekistan,UZB,2020,7.530438
Uzbekistan,UZB,2021,7.0268755
Uzbekistan,UZB,2022,9.218063
Uzbekistan,UZB,2023,9.895833
Uzbekistan,UZB,2024,15.95092
Uzbekistan,UZB,2025,19.377163
Vanuatu,VUT,2000,0
Vanuatu,VUT,2001,0
Vanuatu,VUT,2002,0
Vanuatu,VUT,2003,0
Vanuatu,VUT,2004,0
Vanuatu,VUT,2005,0
Vanuatu,VUT,2006,0
Vanuatu,VUT,2007,0
Vanuatu,VUT,2008,0
Vanuatu,VUT,2009,0
Vanuatu,VUT,2010,0
Vanuatu,VUT,2011,0
Vanuatu,VUT,2012,0
Vanuatu,VUT,2013,14.285714
Vanuatu,VUT,2014,14.285714
Vanuatu,VUT,2015,16.666666
Vanuatu,VUT,2016,14.285714
Vanuatu,VUT,2017,0
Vanuatu,VUT,2018,25
Vanuatu,VUT,2019,33.333332
Vanuatu,VUT,2020,33.333332
Vanuatu,VUT,2021,25
Vanuatu,VUT,2022,25
Vanuatu,VUT,2023,25
Venezuela,VEN,1985,47.89173
Venezuela,VEN,1986,50.20554
Venezuela,VEN,1987,56.97739
Venezuela,VEN,1988,58.722637
Venezuela,VEN,1989,60.16314
Venezuela,VEN,1990,62.34386
Venezuela,VEN,1991,70.3254
Venezuela,VEN,1992,70.093414
Venezuela,VEN,1993,68.42985
Venezuela,VEN,1994,72.00685
Venezuela,VEN,1995,70.05147
Venezuela,VEN,1996,71.2375
Venezuela,VEN,1997,73.358444
Venezuela,VEN,1998,71.594734
Venezuela,VEN,1999,75.200096
Venezuela,VEN,2000,73.75396
Venezuela,VEN,2001,67.07358
Venezuela,VEN,2002,64.812195
Venezuela,VEN,2003,65.829254
Venezuela,VEN,2004,71.10096
Venezuela,VEN,2005,73.280205
Venezuela,VEN,2006,73.89966
Venezuela,VEN,2007,72.72568
Venezuela,VEN,2008,72.791275
Venezuela,VEN,2009,71.890945
Venezuela,VEN,2010,67.492966
Venezuela,VEN,2011,70.930824
Venezuela,VEN,2012,63.954483
Venezuela,VEN,2013,61.888546
Venezuela,VEN,2014,55.87086
Venezuela,VEN,2015,58.814304
Venezuela,VEN,2016,53.92509
Venezuela,VEN,2017,58.391136
Venezuela,VEN,2018,58.36927
Venezuela,VEN,2019,58.37933
Venezuela,VEN,2020,77.67979
Venezuela,VEN,2021,79.2355
Venezuela,VEN,2022,78.36328
Venezuela,VEN,2023,90.34186
Venezuela,VEN,2024,91.1394
Vietnam,VNM,1985,29.137897
Vietnam,VNM,1986,25.456848
Vietnam,VNM,1987,22.872252
Vietnam,VNM,1988,26.396463
Vietnam,VNM,1989,49.30627
Vietnam,VNM,1990,61.847713
Vietnam,VNM,1991,68.58849
Vietnam,VNM,1992,74.47707
Vietnam,VNM,1993,74.70456
Vietnam,VNM,1994,75.21973
Vietnam,VNM,1995,72.24194
Vietnam,VNM,1996,70.868744
Vietnam,VNM,1997,60.929333
Vietnam,VNM,1998,51.157326
Vietnam,VNM,1999,58.46598
Vietnam,VNM,2000,54.781628
Vietnam,VNM,2001,59.49036
Vietnam,VNM,2002,50.837994
Vietnam,VNM,2003,46.396286
Vietnam,VNM,2004,38.571426
Vietnam,VNM,2005,31.835636
Vietnam,VNM,2006,34.145077
Vietnam,VNM,2007,35.09975
Vietnam,VNM,2008,36.68781
Vietnam,VNM,2009,37.264385
Vietnam,VNM,2010,31.203663
Vietnam,VNM,2011,40.577282
Vietnam,VNM,2012,46.38763
Vietnam,VNM,2013,46.56918
Vietnam,VNM,2014,44.106194
Vietnam,VNM,2015,34.78046
Vietnam,VNM,2016,35.87096
Vietnam,VNM,2017,44.4279
Vietnam,VNM,2018,38.71443
Vietnam,VNM,2019,30.398075
Vietnam,VNM,2020,34.81557
Vietnam,VNM,2021,42.77434
Vietnam,VNM,2022,49.46249
Vietnam,VNM,2023,42.940815
Vietnam,VNM,2024,42.2821
Vietnam,VNM,2025,45.417595
Western Sahara,ESH,2000,0
Western Sahara,ESH,2001,0
Western Sahara,ESH,2002,0
Western Sahara,ESH,2003,0
Western Sahara,ESH,2004,0
Western Sahara,ESH,2005,0
Western Sahara,ESH,2006,0
Western Sahara,ESH,2007,0
Western Sahara,ESH,2008,0
Western Sahara,ESH,2009,0
World,OWID_WRL,1900,41.22445
World,OWID_WRL,1901,39.497395
World,OWID_WRL,1902,38.168682
World,OWID_WRL,1903,36.22931
World,OWID_WRL,1904,35.18204
World,OWID_WRL,1905,35.08639
World,OWID_WRL,1906,35.998566
World,OWID_WRL,1907,36.741898
World,OWID_WRL,1908,38.570396
World,OWID_WRL,1909,39.166332
World,OWID_WRL,1910,39.934303
World,OWID_WRL,1911,41.48167
World,OWID_WRL,1912,42.326866
World,OWID_WRL,1913,41.474037
World,OWID_WRL,1914,40.83039
World,OWID_WRL,1915,41.675922
World,OWID_WRL,1916,41.98088
World,OWID_WRL,1917,41.687798
World,OWID_WRL,1918,47.124146
World,OWID_WRL,1919,50.956985
World,OWID_WRL,1920,44.535954
World,OWID_WRL,1921,43.921677
World,OWID_WRL,1922,43.609547
World,OWID_WRL,1923,42.119034
World,OWID_WRL,1924,41.700924
World,OWID_WRL,1925,40.424606
World,OWID_WRL,1926,42.12436
World,OWID_WRL,1927,42.42184
World,OWID_WRL,1928,43.40601
World,OWID_WRL,1929,41.878433
World,OWID_WRL,1930,42.26834
World,OWID_WRL,1931,41.560577
World,OWID_WRL,1932,44.419647
World,OWID_WRL,1933,44.018993
World,OWID_WRL,1934,41.960052
World,OWID_WRL,1935,43.17246
World,OWID_WRL,1936,40.811512
World,OWID_WRL,1937,40.985504
World,OWID_WRL,1938,40.342175
World,OWID_WRL,1939,38.355415
World,OWID_WRL,1940,37.65387
World,OWID_WRL,1941,37.128113
World,OWID_WRL,1942,37.294228
World,OWID_WRL,1943,37.636192
World,OWID_WRL,1944,38.02915
World,OWID_WRL,1945,39.66744
World,OWID_WRL,1946,41.128468
World,OWID_WRL,1947,38.00125
World,OWID_WRL,1948,36.967922
World,OWID_WRL,1949,36.06151
World,OWID_WRL,1950,35.64691
World,OWID_WRL,1951,34.667973
World,OWID_WRL,1952,34.33056
World,OWID_WRL,1953,32.4718
World,OWID_WRL,1954,31.959019
World,OWID_WRL,1955,30.74344
World,OWID_WRL,1956,30.374033
World,OWID_WRL,1957,30.634129
World,OWID_WRL,1958,32.08997
World,OWID_WRL,1959,30.055237
World,OWID_WRL,1960,29.923864
World,OWID_WRL,1961,29.59425
World,OWID_WRL,1962,28.692884
World,OWID_WRL,1963,27.913692
World,OWID_WRL,1964,26.582277
World,OWID_WRL,1965,27.803692
World,OWID_WRL,1966,27.510326
World,OWID_WRL,1967,26.48685
World,OWID_WRL,1968,25.633268
World,OWID_WRL,1969,24.965336
World,OWID_WRL,1970,24.231594
World,OWID_WRL,1971,23.8752
World,OWID_WRL,1972,23.067358
World,OWID_WRL,1973,21.775854
World,OWID_WRL,1974,23.308485
World,OWID_WRL,1975,22.760696
World,OWID_WRL,1976,21.228914
World,OWID_WRL,1977,20.977415
World,OWID_WRL,1978,21.549496
World,OWID_WRL,1979,21.705921
World,OWID_WRL,1980,21.505165
World,OWID_WRL,1981,21.556833
World,OWID_WRL,1982,21.81033
World,OWID_WRL,1983,21.868212
World,OWID_WRL,1984,21.467945
World,OWID_WRL,1985,20.817406
World,OWID_WRL,1986,20.545265
World,OWID_WRL,1987,19.913677
World,OWID_WRL,1988,19.683376
World,OWID_WRL,1989,18.829807
World,OWID_WRL,1990,19.06014
World,OWID_WRL,1991,19.107296
World,OWID_WRL,1992,19.006094
World,OWID_WRL,1993,19.706911
World,OWID_WRL,1994,19.377808
World,OWID_WRL,1995,19.72025
World,OWID_WRL,1996,19.405659
World,OWID_WRL,1997,19.36172
World,OWID_WRL,1998,19.0606
World,OWID_WRL,1999,18.753796
World,OWID_WRL,2000,18.716286
World,OWID_WRL,2001,18.044
World,OWID_WRL,2002,17.907661
World,OWID_WRL,2003,17.442015
World,OWID_WRL,2004,17.981865
World,OWID_WRL,2005,18.095596
World,OWID_WRL,2006,18.228472
World,OWID_WRL,2007,17.97366
World,OWID_WRL,2008,18.908064
World,OWID_WRL,2009,19.467335
World,OWID_WRL,2010,19.720509
World,OWID_WRL,2011,20.016176
World,OWID_WRL,2012,20.977444
World,OWID_WRL,2013,21.712217
World,OWID_WRL,2014,22.26262
World,OWID_WRL,2015,22.967085
World,OWID_WRL,2016,23.731874
World,OWID_WRL,2017,24.465708
World,OWID_WRL,2018,25.088713
World,OWID_WRL,2019,26.071484
World,OWID_WRL,2020,27.987377
World,OWID_WRL,2021,28.101631
World,OWID_WRL,2022,29.469746
World,OWID_WRL,2023,30.3231
World,OWID_WRL,2024,31.935133
World,OWID_WRL,2025,33.760456
Yemen,YEM,2000,0
Yemen,YEM,2001,0
Yemen,YEM,2002,0
Yemen,YEM,2003,0
Yemen,YEM,2004,0
Yemen,YEM,2005,0
Yemen,YEM,2006,0
Yemen,YEM,2007,0
Yemen,YEM,2008,0
Yemen,YEM,2009,0
Yemen,YEM,2010,0
Yemen,YEM,2011,0
Yemen,YEM,2012,0
Yemen,YEM,2013,0
Yemen,YEM,2014,0.1305483
Yemen,YEM,2015,2.0833333
Yemen,YEM,2016,3.3264034
Yemen,YEM,2017,4.6913576
Yemen,YEM,2018,13.753581
Yemen,YEM,2019,14.634146
Yemen,YEM,2020,16.666666
Yemen,YEM,2021,17.123287
Yemen,YEM,2022,16.831682
Yemen,YEM,2023,10.15625
Yemen,YEM,2024,11.238094
Zambia,ZMB,2000,99.48119
Zambia,ZMB,2001,99.37028
Zambia,ZMB,2002,99.26471
Zambia,ZMB,2003,99.278854
Zambia,ZMB,2004,99.41245
Zambia,ZMB,2005,99.328865
Zambia,ZMB,2006,99.89669
Zambia,ZMB,2007,99.89626
Zambia,ZMB,2008,99.89507
Zambia,ZMB,2009,99.89889
Zambia,ZMB,2010,99.904305
Zambia,ZMB,2011,99.912964
Zambia,ZMB,2012,99.838326
Zambia,ZMB,2013,99.84962
Zambia,ZMB,2014,97.1763
Zambia,ZMB,2015,97.03922
Zambia,ZMB,2016,94.30756
Zambia,ZMB,2017,86.33241
Zambia,ZMB,2018,84.64373
Zambia,ZMB,2019,84.651794
Zambia,ZMB,2020,85.489174
Zambia,ZMB,2021,91.98646
Zambia,ZMB,2022,88.906006
Zambia,ZMB,2023,89.00308
Zambia,ZMB,2024,87.47465
Zimbabwe,ZWE,2000,45.636627
Zimbabwe,ZWE,2001,37.468353
Zimbabwe,ZWE,2002,44.405594
Zimbabwe,ZWE,2003,60.750854
Zimbabwe,ZWE,2004,56.584362
Zimbabwe,ZWE,2005,52.457264
Zimbabwe,ZWE,2006,67.79449
Zimbabwe,ZWE,2007,71.57895
Zimbabwe,ZWE,2008,75.88467
Zimbabwe,ZWE,2009,75.72016
Zimbabwe,ZWE,2010,67.93981
Zimbabwe,ZWE,2011,57.688114
Zimbabwe,ZWE,2012,60.218586
Zimbabwe,ZWE,2013,53.773586
Zimbabwe,ZWE,2014,55.172417
Zimbabwe,ZWE,2015,52.554745
Zimbabwe,ZWE,2016,44.909344
Zimbabwe,ZWE,2017,54.70199
Zimbabwe,ZWE,2018,55.67338
Zimbabwe,ZWE,2019,51.650948
Zimbabwe,ZWE,2020,58.5693
Zimbabwe,ZWE,2021,70.711784
Zimbabwe,ZWE,2022,67.337814
Zimbabwe,ZWE,2023,56.15616
Zimbabwe,ZWE,2024,57.11501