Entity,Code,Year,Share of the population with access to electricity
Afghanistan,AFG,2000,4.4
Afghanistan,AFG,2001,9.3
Afghanistan,AFG,2002,14.1
Afghanistan,AFG,2003,19
Afghanistan,AFG,2004,23.8
Afghanistan,AFG,2005,28.7
Afghanistan,AFG,2006,33.5
Afghanistan,AFG,2007,38.4
Afghanistan,AFG,2008,42.4
Afghanistan,AFG,2009,48.3
Afghanistan,AFG,2010,42.7
Afghanistan,AFG,2011,43.2
Afghanistan,AFG,2012,69.1
Afghanistan,AFG,2013,68
Afghanistan,AFG,2014,89.5
Afghanistan,AFG,2015,71.5
Afghanistan,AFG,2016,97.7
Afghanistan,AFG,2017,97.7
Afghanistan,AFG,2018,93.4
Afghanistan,AFG,2019,97.7
Afghanistan,AFG,2020,97.7
Afghanistan,AFG,2021,97.7
Afghanistan,AFG,2022,85.3
Afghanistan,AFG,2023,85.3
Afghanistan,AFG,2024,87.8
Albania,ALB,1990,100
Albania,ALB,1991,100
Albania,ALB,1992,100
Albania,ALB,1993,100
Albania,ALB,1994,100
Albania,ALB,1995,100
Albania,ALB,1996,100
Albania,ALB,1997,100
Albania,ALB,1998,100
Albania,ALB,1999,100
Albania,ALB,2000,99.4
Albania,ALB,2001,99.4
Albania,ALB,2002,99.4
Albania,ALB,2003,99.4
Albania,ALB,2004,99.4
Albania,ALB,2005,99.4
Albania,ALB,2006,99.4
Albania,ALB,2007,99.4
Albania,ALB,2008,100
Albania,ALB,2009,99.6
Albania,ALB,2010,99.6
Albania,ALB,2011,99.7
Albania,ALB,2012,99.9
Albania,ALB,2013,99.9
Albania,ALB,2014,100
Albania,ALB,2015,100
Albania,ALB,2016,99.9
Albania,ALB,2017,99.9
Albania,ALB,2018,100
Albania,ALB,2019,100
Albania,ALB,2020,100
Albania,ALB,2021,100
Albania,ALB,2022,100
Albania,ALB,2023,100
Albania,ALB,2024,100
Algeria,DZA,2000,98.6
Algeria,DZA,2001,98.6
Algeria,DZA,2002,98.6
Algeria,DZA,2003,98.6
Algeria,DZA,2004,98.6
Algeria,DZA,2005,98.6
Algeria,DZA,2006,98.7
Algeria,DZA,2007,98.7
Algeria,DZA,2008,99.3
Algeria,DZA,2009,98.8
Algeria,DZA,2010,98.9
Algeria,DZA,2011,99
Algeria,DZA,2012,98.8
Algeria,DZA,2013,99.2
Algeria,DZA,2014,99.3
Algeria,DZA,2015,99.4
Algeria,DZA,2016,99.4
Algeria,DZA,2017,99.5
Algeria,DZA,2018,99.6
Algeria,DZA,2019,99.5
Algeria,DZA,2020,99.7
Algeria,DZA,2021,99.8
Algeria,DZA,2022,100
Algeria,DZA,2023,100
Algeria,DZA,2024,100
Andorra,AND,1990,100
Andorra,AND,1991,100
Andorra,AND,1992,100
Andorra,AND,1993,100
Andorra,AND,1994,100
Andorra,AND,1995,100
Andorra,AND,1996,100
Andorra,AND,1997,100
Andorra,AND,1998,100
Andorra,AND,1999,100
Andorra,AND,2000,100
Andorra,AND,2001,100
Andorra,AND,2002,100
Andorra,AND,2003,100
Andorra,AND,2004,100
Andorra,AND,2005,100
Andorra,AND,2006,100
Andorra,AND,2007,100
Andorra,AND,2008,100
Andorra,AND,2009,100
Andorra,AND,2010,100
Andorra,AND,2011,100
Andorra,AND,2012,100
Andorra,AND,2013,100
Andorra,AND,2014,100
Andorra,AND,2015,100
Andorra,AND,2016,100
Andorra,AND,2017,100
Andorra,AND,2018,100
Andorra,AND,2019,100
Andorra,AND,2020,100
Andorra,AND,2021,100
Andorra,AND,2022,100
Andorra,AND,2023,100
Andorra,AND,2024,100
Angola,AGO,2000,24.2
Angola,AGO,2001,20
Angola,AGO,2002,26.3
Angola,AGO,2003,27.4
Angola,AGO,2004,28.4
Angola,AGO,2005,29.4
Angola,AGO,2006,30.5
Angola,AGO,2007,37.5
Angola,AGO,2008,38.5
Angola,AGO,2009,33.8
Angola,AGO,2010,35
Angola,AGO,2011,34.6
Angola,AGO,2012,37.3
Angola,AGO,2013,38.4
Angola,AGO,2014,32
Angola,AGO,2015,42
Angola,AGO,2016,41.8
Angola,AGO,2017,42.9
Angola,AGO,2018,45.3
Angola,AGO,2019,45.6
Angola,AGO,2020,47
Angola,AGO,2021,48.2
Angola,AGO,2022,48.5
Angola,AGO,2023,51.1
Angola,AGO,2024,55.5
Antigua and Barbuda,ATG,1990,95.76305
Antigua and Barbuda,ATG,1991,95.94065
Antigua and Barbuda,ATG,1992,96.11813
Antigua and Barbuda,ATG,1993,96.294945
Antigua and Barbuda,ATG,1994,96.47039
Antigua and Barbuda,ATG,1995,96.6438
Antigua and Barbuda,ATG,1996,96.81448
Antigua and Barbuda,ATG,1997,96.98177
Antigua and Barbuda,ATG,1998,97.14498
Antigua and Barbuda,ATG,1999,97.30335
Antigua and Barbuda,ATG,2000,97.7
Antigua and Barbuda,ATG,2001,97.7
Antigua and Barbuda,ATG,2002,100
Antigua and Barbuda,ATG,2003,97.9
Antigua and Barbuda,ATG,2004,97.9
Antigua and Barbuda,ATG,2005,92.2
Antigua and Barbuda,ATG,2006,100
Antigua and Barbuda,ATG,2007,100
Antigua and Barbuda,ATG,2008,100
Antigua and Barbuda,ATG,2009,98.5
Antigua and Barbuda,ATG,2010,98.7
Antigua and Barbuda,ATG,2011,94.6
Antigua and Barbuda,ATG,2012,100
Antigua and Barbuda,ATG,2013,100
Antigua and Barbuda,ATG,2014,100
Antigua and Barbuda,ATG,2015,100
Antigua and Barbuda,ATG,2016,100
Antigua and Barbuda,ATG,2017,100
Antigua and Barbuda,ATG,2018,100
Antigua and Barbuda,ATG,2019,100
Antigua and Barbuda,ATG,2020,100
Antigua and Barbuda,ATG,2021,100
Antigua and Barbuda,ATG,2022,100
Antigua and Barbuda,ATG,2023,100
Antigua and Barbuda,ATG,2024,100
Argentina,ARG,1990,92.1548
Argentina,ARG,1991,92.49219
Argentina,ARG,1992,92.82945
Argentina,ARG,1993,93.166046
Argentina,ARG,1994,93.501274
Argentina,ARG,1995,93.834465
Argentina,ARG,1996,94.16494
Argentina,ARG,1997,94.49201
Argentina,ARG,1998,94.815
Argentina,ARG,1999,95.133156
Argentina,ARG,2000,95.7
Argentina,ARG,2001,95.5
Argentina,ARG,2002,96.1
Argentina,ARG,2003,96.3
Argentina,ARG,2004,96.5
Argentina,ARG,2005,96.7
Argentina,ARG,2006,97
Argentina,ARG,2007,97.2
Argentina,ARG,2008,97.5
Argentina,ARG,2009,97.8
Argentina,ARG,2010,98.8
Argentina,ARG,2011,99
Argentina,ARG,2012,99.1
Argentina,ARG,2013,99.3
Argentina,ARG,2014,100
Argentina,ARG,2015,99.7
Argentina,ARG,2016,99.9
Argentina,ARG,2017,100
Argentina,ARG,2018,100
Argentina,ARG,2019,100
Argentina,ARG,2020,100
Argentina,ARG,2021,100
Argentina,ARG,2022,100
Argentina,ARG,2023,100
Argentina,ARG,2024,98.4
Armenia,ARM,2000,98.9
Armenia,ARM,2001,100
Armenia,ARM,2002,98
Armenia,ARM,2003,99.1
Armenia,ARM,2004,99.1
Armenia,ARM,2005,99.8
Armenia,ARM,2006,99.1
Armenia,ARM,2007,99.2
Armenia,ARM,2008,99.2
Armenia,ARM,2009,99.3
Armenia,ARM,2010,99.8
Armenia,ARM,2011,99.5
Armenia,ARM,2012,99.5
Armenia,ARM,2013,99.4
Armenia,ARM,2014,99.7
Armenia,ARM,2015,100
Armenia,ARM,2016,99.8
Armenia,ARM,2017,99.7
Armenia,ARM,2018,99.9
Armenia,ARM,2019,100
Armenia,ARM,2020,100
Armenia,ARM,2021,100
Armenia,ARM,2022,100
Armenia,ARM,2023,100
Armenia,ARM,2024,100
Aruba,ABW,1990,100
Aruba,ABW,1991,99.153656
Aruba,ABW,1992,99.19713
Aruba,ABW,1993,99.239914
Aruba,ABW,1994,100
Aruba,ABW,1995,100
Aruba,ABW,1996,100
Aruba,ABW,1997,100
Aruba,ABW,1998,100
Aruba,ABW,1999,100
Aruba,ABW,2000,91.7
Aruba,ABW,2001,100
Aruba,ABW,2002,100
Aruba,ABW,2003,100
Aruba,ABW,2004,100
Aruba,ABW,2005,100
Aruba,ABW,2006,100
Aruba,ABW,2007,100
Aruba,ABW,2008,100
Aruba,ABW,2009,100
Aruba,ABW,2010,93.4
Aruba,ABW,2011,100
Aruba,ABW,2012,100
Aruba,ABW,2013,100
Aruba,ABW,2014,100
Aruba,ABW,2015,100
Aruba,ABW,2016,100
Aruba,ABW,2017,100
Aruba,ABW,2018,100
Aruba,ABW,2019,100
Aruba,ABW,2020,100
Aruba,ABW,2021,100
Aruba,ABW,2022,99.9
Aruba,ABW,2023,100
Aruba,ABW,2024,100
Australia,AUS,1990,100
Australia,AUS,1991,100
Australia,AUS,1992,100
Australia,AUS,1993,100
Australia,AUS,1994,100
Australia,AUS,1995,100
Australia,AUS,1996,100
Australia,AUS,1997,100
Australia,AUS,1998,100
Australia,AUS,1999,100
Australia,AUS,2000,100
Australia,AUS,2001,100
Australia,AUS,2002,100
Australia,AUS,2003,100
Australia,AUS,2004,100
Australia,AUS,2005,100
Australia,AUS,2006,100
Australia,AUS,2007,100
Australia,AUS,2008,100
Australia,AUS,2009,100
Australia,AUS,2010,100
Australia,AUS,2011,100
Australia,AUS,2012,100
Australia,AUS,2013,100
Australia,AUS,2014,100
Australia,AUS,2015,100
Australia,AUS,2016,100
Australia,AUS,2017,100
Australia,AUS,2018,100
Australia,AUS,2019,100
Australia,AUS,2020,100
Australia,AUS,2021,100
Australia,AUS,2022,100
Australia,AUS,2023,100
Australia,AUS,2024,100
Austria,AUT,1990,100
Austria,AUT,1991,100
Austria,AUT,1992,100
Austria,AUT,1993,100
Austria,AUT,1994,100
Austria,AUT,1995,100
Austria,AUT,1996,100
Austria,AUT,1997,100
Austria,AUT,1998,100
Austria,AUT,1999,100
Austria,AUT,2000,100
Austria,AUT,2001,100
Austria,AUT,2002,100
Austria,AUT,2003,100
Austria,AUT,2004,100
Austria,AUT,2005,100
Austria,AUT,2006,100
Austria,AUT,2007,100
Austria,AUT,2008,100
Austria,AUT,2009,100
Austria,AUT,2010,100
Austria,AUT,2011,100
Austria,AUT,2012,100
Austria,AUT,2013,100
Austria,AUT,2014,100
Austria,AUT,2015,100
Austria,AUT,2016,100
Austria,AUT,2017,100
Austria,AUT,2018,100
Austria,AUT,2019,100
Austria,AUT,2020,100
Austria,AUT,2021,100
Austria,AUT,2022,100
Austria,AUT,2023,100
Austria,AUT,2024,100
Azerbaijan,AZE,1999,97
Azerbaijan,AZE,2000,98.9
Azerbaijan,AZE,2001,98.6
Azerbaijan,AZE,2002,100
Azerbaijan,AZE,2003,98.8
Azerbaijan,AZE,2004,99
Azerbaijan,AZE,2005,99.1
Azerbaijan,AZE,2006,99.5
Azerbaijan,AZE,2007,99.5
Azerbaijan,AZE,2008,99.7
Azerbaijan,AZE,2009,99.9
Azerbaijan,AZE,2010,99.9
Azerbaijan,AZE,2011,99.9
Azerbaijan,AZE,2012,100
Azerbaijan,AZE,2013,100
Azerbaijan,AZE,2014,100
Azerbaijan,AZE,2015,100
Azerbaijan,AZE,2016,100
Azerbaijan,AZE,2017,100
Azerbaijan,AZE,2018,100
Azerbaijan,AZE,2019,100
Azerbaijan,AZE,2020,100
Azerbaijan,AZE,2021,100
Azerbaijan,AZE,2022,100
Azerbaijan,AZE,2023,100
Azerbaijan,AZE,2024,100
Bahamas,BHS,1990,100
Bahamas,BHS,1991,100
Bahamas,BHS,1992,100
Bahamas,BHS,1993,100
Bahamas,BHS,1994,100
Bahamas,BHS,1995,100
Bahamas,BHS,1996,100
Bahamas,BHS,1997,100
Bahamas,BHS,1998,100
Bahamas,BHS,1999,100
Bahamas,BHS,2000,100
Bahamas,BHS,2001,100
Bahamas,BHS,2002,100
Bahamas,BHS,2003,100
Bahamas,BHS,2004,100
Bahamas,BHS,2005,100
Bahamas,BHS,2006,100
Bahamas,BHS,2007,100
Bahamas,BHS,2008,100
Bahamas,BHS,2009,100
Bahamas,BHS,2010,100
Bahamas,BHS,2011,100
Bahamas,BHS,2012,100
Bahamas,BHS,2013,100
Bahamas,BHS,2014,100
Bahamas,BHS,2015,100
Bahamas,BHS,2016,100
Bahamas,BHS,2017,100
Bahamas,BHS,2018,100
Bahamas,BHS,2019,100
Bahamas,BHS,2020,100
Bahamas,BHS,2021,100
Bahamas,BHS,2022,100
Bahamas,BHS,2023,100
Bahamas,BHS,2024,100
Bahrain,BHR,1990,99.9414
Bahrain,BHR,1991,99.96739
Bahrain,BHR,1992,99.98718
Bahrain,BHR,1993,99.99714
Bahrain,BHR,1994,99.99977
Bahrain,BHR,1995,100
Bahrain,BHR,1996,100
Bahrain,BHR,1997,100
Bahrain,BHR,1998,100
Bahrain,BHR,1999,100
Bahrain,BHR,2000,100
Bahrain,BHR,2001,100
Bahrain,BHR,2002,100
Bahrain,BHR,2003,100
Bahrain,BHR,2004,100
Bahrain,BHR,2005,100
Bahrain,BHR,2006,100
Bahrain,BHR,2007,100
Bahrain,BHR,2008,100
Bahrain,BHR,2009,100
Bahrain,BHR,2010,100
Bahrain,BHR,2011,100
Bahrain,BHR,2012,100
Bahrain,BHR,2013,100
Bahrain,BHR,2014,100
Bahrain,BHR,2015,100
Bahrain,BHR,2016,100
Bahrain,BHR,2017,100
Bahrain,BHR,2018,100
Bahrain,BHR,2019,100
Bahrain,BHR,2020,100
Bahrain,BHR,2021,100
Bahrain,BHR,2022,100
Bahrain,BHR,2023,100
Bahrain,BHR,2024,100
Bangladesh,BGD,1991,14.29
Bangladesh,BGD,1992,9.905419
Bangladesh,BGD,1993,12.71788
Bangladesh,BGD,1994,17.8
Bangladesh,BGD,1995,18.338045
Bangladesh,BGD,1996,21.144386
Bangladesh,BGD,1997,22.4
Bangladesh,BGD,1998,26.746193
Bangladesh,BGD,1999,29.540215
Bangladesh,BGD,2000,32
Bangladesh,BGD,2001,35
Bangladesh,BGD,2002,37.8
Bangladesh,BGD,2003,40.5
Bangladesh,BGD,2004,40.6
Bangladesh,BGD,2005,44.2
Bangladesh,BGD,2006,50.5
Bangladesh,BGD,2007,46.5
Bangladesh,BGD,2008,54.3
Bangladesh,BGD,2009,57.1
Bangladesh,BGD,2010,55.3
Bangladesh,BGD,2011,59.6
Bangladesh,BGD,2012,65.5
Bangladesh,BGD,2013,61.5
Bangladesh,BGD,2014,62.4
Bangladesh,BGD,2015,74
Bangladesh,BGD,2016,75.9
Bangladesh,BGD,2017,88
Bangladesh,BGD,2018,86.9
Bangladesh,BGD,2019,92.2
Bangladesh,BGD,2020,96.2
Bangladesh,BGD,2021,99
Bangladesh,BGD,2022,99.4
Bangladesh,BGD,2023,99.5
Bangladesh,BGD,2024,99.5
Barbados,BRB,1990,99.98425
Barbados,BRB,1991,99.99344
Barbados,BRB,1992,99.99869
Barbados,BRB,1993,100
Barbados,BRB,1994,100
Barbados,BRB,1995,100
Barbados,BRB,1996,100
Barbados,BRB,1997,100
Barbados,BRB,1998,100
Barbados,BRB,1999,100
Barbados,BRB,2000,100
Barbados,BRB,2001,100
Barbados,BRB,2002,100
Barbados,BRB,2003,100
Barbados,BRB,2004,99.9
Barbados,BRB,2005,99.9
Barbados,BRB,2006,100
Barbados,BRB,2007,100
Barbados,BRB,2008,100
Barbados,BRB,2009,100
Barbados,BRB,2010,100
Barbados,BRB,2011,100
Barbados,BRB,2012,100
Barbados,BRB,2013,100
Barbados,BRB,2014,100
Barbados,BRB,2015,100
Barbados,BRB,2016,100
Barbados,BRB,2017,100
Barbados,BRB,2018,100
Barbados,BRB,2019,100
Barbados,BRB,2020,100
Barbados,BRB,2021,100
Barbados,BRB,2022,100
Barbados,BRB,2023,100
Barbados,BRB,2024,100
Belarus,BLR,1990,100
Belarus,BLR,1991,100
Belarus,BLR,1992,100
Belarus,BLR,1993,100
Belarus,BLR,1994,100
Belarus,BLR,1995,100
Belarus,BLR,1996,100
Belarus,BLR,1997,100
Belarus,BLR,1998,100
Belarus,BLR,1999,100
Belarus,BLR,2000,89
Belarus,BLR,2001,89.5
Belarus,BLR,2002,90
Belarus,BLR,2003,90.5
Belarus,BLR,2004,91
Belarus,BLR,2005,91.5
Belarus,BLR,2006,92.1
Belarus,BLR,2007,92.6
Belarus,BLR,2008,93.2
Belarus,BLR,2009,93.8
Belarus,BLR,2010,94.4
Belarus,BLR,2011,95
Belarus,BLR,2012,95.6
Belarus,BLR,2013,96.2
Belarus,BLR,2014,96.8
Belarus,BLR,2015,97.4
Belarus,BLR,2016,98
Belarus,BLR,2017,98.7
Belarus,BLR,2018,99.3
Belarus,BLR,2019,100
Belarus,BLR,2020,100
Belarus,BLR,2021,100
Belarus,BLR,2022,100
Belarus,BLR,2023,100
Belarus,BLR,2024,100
Belgium,BEL,1990,100
Belgium,BEL,1991,100
Belgium,BEL,1992,100
Belgium,BEL,1993,100
Belgium,BEL,1994,100
Belgium,BEL,1995,100
Belgium,BEL,1996,100
Belgium,BEL,1997,100
Belgium,BEL,1998,100
Belgium,BEL,1999,100
Belgium,BEL,2000,100
Belgium,BEL,2001,100
Belgium,BEL,2002,100
Belgium,BEL,2003,100
Belgium,BEL,2004,100
Belgium,BEL,2005,100
Belgium,BEL,2006,100
Belgium,BEL,2007,100
Belgium,BEL,2008,100
Belgium,BEL,2009,100
Belgium,BEL,2010,100
Belgium,BEL,2011,100
Belgium,BEL,2012,100
Belgium,BEL,2013,100
Belgium,BEL,2014,100
Belgium,BEL,2015,100
Belgium,BEL,2016,100
Belgium,BEL,2017,100
Belgium,BEL,2018,100
Belgium,BEL,2019,100
Belgium,BEL,2020,100
Belgium,BEL,2021,100
Belgium,BEL,2022,100
Belgium,BEL,2023,100
Belgium,BEL,2024,100
Belize,BLZ,1991,67
Belize,BLZ,1992,72.224915
Belize,BLZ,1993,73.12333
Belize,BLZ,1994,74.020386
Belize,BLZ,1995,74.9154
Belize,BLZ,1996,75.80769
Belize,BLZ,1997,76.69659
Belize,BLZ,1998,77.581406
Belize,BLZ,1999,78.46138
Belize,BLZ,2000,79
Belize,BLZ,2001,80.2
Belize,BLZ,2002,81
Belize,BLZ,2003,81.8
Belize,BLZ,2004,82.6
Belize,BLZ,2005,83.5
Belize,BLZ,2006,91
Belize,BLZ,2007,85.2
Belize,BLZ,2008,86.1
Belize,BLZ,2009,86.9
Belize,BLZ,2010,89.9
Belize,BLZ,2011,91.7
Belize,BLZ,2012,90.9
Belize,BLZ,2013,91.1
Belize,BLZ,2014,91.5
Belize,BLZ,2015,91.8
Belize,BLZ,2016,93.3
Belize,BLZ,2017,94.2
Belize,BLZ,2018,91.7
Belize,BLZ,2019,92.7
Belize,BLZ,2020,96.8
Belize,BLZ,2021,97.7
Belize,BLZ,2022,98.6
Belize,BLZ,2023,99.6
Belize,BLZ,2024,99.6
Benin,BEN,1996,14.5
Benin,BEN,1997,18.589626
Benin,BEN,1998,19.578255
Benin,BEN,1999,20.562042
Benin,BEN,2000,21.5
Benin,BEN,2001,21.9
Benin,BEN,2002,23.4
Benin,BEN,2003,24.3
Benin,BEN,2004,25.2
Benin,BEN,2005,26.1
Benin,BEN,2006,27.9
Benin,BEN,2007,28
Benin,BEN,2008,29
Benin,BEN,2009,30
Benin,BEN,2010,34.2
Benin,BEN,2011,36.9
Benin,BEN,2012,38.4
Benin,BEN,2013,34.7
Benin,BEN,2014,34.1
Benin,BEN,2015,29.6
Benin,BEN,2016,37
Benin,BEN,2017,34.5
Benin,BEN,2018,39
Benin,BEN,2019,40
Benin,BEN,2020,41
Benin,BEN,2021,42
Benin,BEN,2022,56.5
Benin,BEN,2023,57
Benin,BEN,2024,59
Bermuda,BMU,1990,100
Bermuda,BMU,1991,100
Bermuda,BMU,1992,100
Bermuda,BMU,1993,100
Bermuda,BMU,1994,100
Bermuda,BMU,1995,100
Bermuda,BMU,1996,100
Bermuda,BMU,1997,100
Bermuda,BMU,1998,100
Bermuda,BMU,1999,100
Bermuda,BMU,2000,100
Bermuda,BMU,2001,100
Bermuda,BMU,2002,100
Bermuda,BMU,2003,100
Bermuda,BMU,2004,100
Bermuda,BMU,2005,100
Bermuda,BMU,2006,100
Bermuda,BMU,2007,100
Bermuda,BMU,2008,100
Bermuda,BMU,2009,100
Bermuda,BMU,2010,100
Bermuda,BMU,2011,100
Bermuda,BMU,2012,100
Bermuda,BMU,2013,100
Bermuda,BMU,2014,100
Bermuda,BMU,2015,100
Bermuda,BMU,2016,100
Bermuda,BMU,2017,100
Bermuda,BMU,2018,100
Bermuda,BMU,2019,100
Bermuda,BMU,2020,100
Bermuda,BMU,2021,100
Bermuda,BMU,2022,100
Bermuda,BMU,2023,100
Bermuda,BMU,2024,100
Bhutan,BTN,2000,31.1
Bhutan,BTN,2001,40.2
Bhutan,BTN,2002,44.1
Bhutan,BTN,2003,41.1
Bhutan,BTN,2004,51.9
Bhutan,BTN,2005,59.8
Bhutan,BTN,2006,59.7
Bhutan,BTN,2007,71.8
Bhutan,BTN,2008,67.6
Bhutan,BTN,2009,71.5
Bhutan,BTN,2010,73.3
Bhutan,BTN,2011,81.8
Bhutan,BTN,2012,91.5
Bhutan,BTN,2013,87.4
Bhutan,BTN,2014,91.4
Bhutan,BTN,2015,95.4
Bhutan,BTN,2016,99.3
Bhutan,BTN,2017,97.7
Bhutan,BTN,2018,100
Bhutan,BTN,2019,100
Bhutan,BTN,2020,100
Bhutan,BTN,2021,100
Bhutan,BTN,2022,100
Bhutan,BTN,2023,100
Bhutan,BTN,2024,100
Bolivia,BOL,1992,60.0279
Bolivia,BOL,1993,61.38403
Bolivia,BOL,1994,64.1
Bolivia,BOL,1995,64.09153
Bolivia,BOL,1996,71
Bolivia,BOL,1997,67.33043
Bolivia,BOL,1998,71.2
Bolivia,BOL,1999,70.929886
Bolivia,BOL,2000,70
Bolivia,BOL,2001,69.3
Bolivia,BOL,2002,64
Bolivia,BOL,2003,72.3
Bolivia,BOL,2004,75.9
Bolivia,BOL,2005,68.3
Bolivia,BOL,2006,76.2
Bolivia,BOL,2007,80.2
Bolivia,BOL,2008,84.7
Bolivia,BOL,2009,86.8
Bolivia,BOL,2010,88
Bolivia,BOL,2011,88.3
Bolivia,BOL,2012,90.4
Bolivia,BOL,2013,89.5
Bolivia,BOL,2014,90
Bolivia,BOL,2015,91.5
Bolivia,BOL,2016,91.8
Bolivia,BOL,2017,91.8
Bolivia,BOL,2018,92.8
Bolivia,BOL,2019,95.1
Bolivia,BOL,2020,97.2
Bolivia,BOL,2021,98.6
Bolivia,BOL,2022,99.9
Bolivia,BOL,2023,99.8
Bolivia,BOL,2024,96.6
Bosnia and Herzegovina,BIH,1990,100
Bosnia and Herzegovina,BIH,1991,100
Bosnia and Herzegovina,BIH,1992,100
Bosnia and Herzegovina,BIH,1993,100
Bosnia and Herzegovina,BIH,1994,100
Bosnia and Herzegovina,BIH,1995,100
Bosnia and Herzegovina,BIH,1996,100
Bosnia and Herzegovina,BIH,1997,100
Bosnia and Herzegovina,BIH,1998,100
Bosnia and Herzegovina,BIH,1999,100
Bosnia and Herzegovina,BIH,2000,99
Bosnia and Herzegovina,BIH,2001,99.4
Bosnia and Herzegovina,BIH,2002,98.5
Bosnia and Herzegovina,BIH,2003,99
Bosnia and Herzegovina,BIH,2004,99.1
Bosnia and Herzegovina,BIH,2005,99.1
Bosnia and Herzegovina,BIH,2006,99.4
Bosnia and Herzegovina,BIH,2007,99.7
Bosnia and Herzegovina,BIH,2008,99.3
Bosnia and Herzegovina,BIH,2009,99.4
Bosnia and Herzegovina,BIH,2010,99.5
Bosnia and Herzegovina,BIH,2011,99.7
Bosnia and Herzegovina,BIH,2012,99.7
Bosnia and Herzegovina,BIH,2013,99.5
Bosnia and Herzegovina,BIH,2014,99.9
Bosnia and Herzegovina,BIH,2015,99.7
Bosnia and Herzegovina,BIH,2016,100
Bosnia and Herzegovina,BIH,2017,100
Bosnia and Herzegovina,BIH,2018,100
Bosnia and Herzegovina,BIH,2019,100
Bosnia and Herzegovina,BIH,2020,100
Bosnia and Herzegovina,BIH,2021,100
Bosnia and Herzegovina,BIH,2022,100
Bosnia and Herzegovina,BIH,2023,100
Bosnia and Herzegovina,BIH,2024,100
Botswana,BWA,1991,10.1
Botswana,BWA,1992,9.398227
Botswana,BWA,1993,11.6420765
Botswana,BWA,1994,13.884566
Botswana,BWA,1995,16.125017
Botswana,BWA,1996,18.362747
Botswana,BWA,1997,20.597078
Botswana,BWA,1998,22.82733
Botswana,BWA,1999,25.05274
Botswana,BWA,2000,26.5
Botswana,BWA,2001,24.8
Botswana,BWA,2002,27
Botswana,BWA,2003,33.1
Botswana,BWA,2004,35.3
Botswana,BWA,2005,37.5
Botswana,BWA,2006,39.7
Botswana,BWA,2007,41.9
Botswana,BWA,2008,44.5
Botswana,BWA,2009,43.4
Botswana,BWA,2010,52
Botswana,BWA,2011,53.2
Botswana,BWA,2012,56
Botswana,BWA,2013,58
Botswana,BWA,2014,60
Botswana,BWA,2015,62.1
Botswana,BWA,2016,64.2
Botswana,BWA,2017,67.4
Botswana,BWA,2018,68.3
Botswana,BWA,2019,70.1
Botswana,BWA,2020,71.8
Botswana,BWA,2021,73.7
Botswana,BWA,2022,75.9
Botswana,BWA,2023,76
Botswana,BWA,2024,80.2
Brazil,BRA,1990,87.47511
Brazil,BRA,1991,90.606544
Brazil,BRA,1992,88.80383
Brazil,BRA,1993,89.99992
Brazil,BRA,1994,91.88373
Brazil,BRA,1995,91.7286
Brazil,BRA,1996,92.867096
Brazil,BRA,1997,93.35414
Brazil,BRA,1998,94.19381
Brazil,BRA,1999,94.76296
Brazil,BRA,2000,94.4
Brazil,BRA,2001,96
Brazil,BRA,2002,96.7
Brazil,BRA,2003,97
Brazil,BRA,2004,96.8
Brazil,BRA,2005,97.1
Brazil,BRA,2006,97.6
Brazil,BRA,2007,98.1
Brazil,BRA,2008,98.5
Brazil,BRA,2009,98.9
Brazil,BRA,2010,98.6
Brazil,BRA,2011,99.3
Brazil,BRA,2012,99.5
Brazil,BRA,2013,99.6
Brazil,BRA,2014,99.7
Brazil,BRA,2015,99.7
Brazil,BRA,2016,99.7
Brazil,BRA,2017,99.8
Brazil,BRA,2018,99.7
Brazil,BRA,2019,99.8
Brazil,BRA,2020,99.7
Brazil,BRA,2021,99.5
Brazil,BRA,2022,100
Brazil,BRA,2023,99.8
Brazil,BRA,2024,99.8
British Virgin Islands,VGB,1990,94.60656
British Virgin Islands,VGB,1991,94.82474
British Virgin Islands,VGB,1992,95.0428
British Virgin Islands,VGB,1993,95.26019
British Virgin Islands,VGB,1994,95.47622
British Virgin Islands,VGB,1995,95.6902
British Virgin Islands,VGB,1996,95.901474
British Virgin Islands,VGB,1997,96.10934
British Virgin Islands,VGB,1998,96.313126
British Virgin Islands,VGB,1999,96.51208
British Virgin Islands,VGB,2000,97.1
British Virgin Islands,VGB,2001,97.2
British Virgin Islands,VGB,2002,97.3
British Virgin Islands,VGB,2003,97.4
British Virgin Islands,VGB,2004,97.5
British Virgin Islands,VGB,2005,97.6
British Virgin Islands,VGB,2006,97.8
British Virgin Islands,VGB,2007,97.9
British Virgin Islands,VGB,2008,98.1
British Virgin Islands,VGB,2009,98.3
British Virgin Islands,VGB,2010,98.3
British Virgin Islands,VGB,2011,98.7
British Virgin Islands,VGB,2012,98.9
British Virgin Islands,VGB,2013,99.1
British Virgin Islands,VGB,2014,99.2
British Virgin Islands,VGB,2015,100
British Virgin Islands,VGB,2016,100
British Virgin Islands,VGB,2017,100
British Virgin Islands,VGB,2018,100
British Virgin Islands,VGB,2019,100
British Virgin Islands,VGB,2020,100
British Virgin Islands,VGB,2021,100
British Virgin Islands,VGB,2022,100
British Virgin Islands,VGB,2023,100
British Virgin Islands,VGB,2024,100
Brunei,BRN,1990,100
Brunei,BRN,1991,100
Brunei,BRN,1992,100
Brunei,BRN,1993,100
Brunei,BRN,1994,100
Brunei,BRN,1995,100
Brunei,BRN,1996,100
Brunei,BRN,1997,100
Brunei,BRN,1998,100
Brunei,BRN,1999,100
Brunei,BRN,2000,100
Brunei,BRN,2001,100
Brunei,BRN,2002,100
Brunei,BRN,2003,100
Brunei,BRN,2004,100
Brunei,BRN,2005,100
Brunei,BRN,2006,100
Brunei,BRN,2007,100
Brunei,BRN,2008,100
Brunei,BRN,2009,100
Brunei,BRN,2010,100
Brunei,BRN,2011,100
Brunei,BRN,2012,100
Brunei,BRN,2013,100
Brunei,BRN,2014,100
Brunei,BRN,2015,100
Brunei,BRN,2016,100
Brunei,BRN,2017,100
Brunei,BRN,2018,100
Brunei,BRN,2019,100
Brunei,BRN,2020,100
Brunei,BRN,2021,100
Brunei,BRN,2022,100
Brunei,BRN,2023,100
Brunei,BRN,2024,100
Bulgaria,BGR,1990,100
Bulgaria,BGR,1991,100
Bulgaria,BGR,1992,100
Bulgaria,BGR,1993,100
Bulgaria,BGR,1994,100
Bulgaria,BGR,1995,100
Bulgaria,BGR,1996,100
Bulgaria,BGR,1997,100
Bulgaria,BGR,1998,100
Bulgaria,BGR,1999,100
Bulgaria,BGR,2000,88.1
Bulgaria,BGR,2001,88.6
Bulgaria,BGR,2002,89.1
Bulgaria,BGR,2003,89.6
Bulgaria,BGR,2004,90.1
Bulgaria,BGR,2005,90.6
Bulgaria,BGR,2006,91.2
Bulgaria,BGR,2007,91.7
Bulgaria,BGR,2008,92.3
Bulgaria,BGR,2009,92.9
Bulgaria,BGR,2010,93.5
Bulgaria,BGR,2011,94.1
Bulgaria,BGR,2012,94.7
Bulgaria,BGR,2013,95.3
Bulgaria,BGR,2014,95.9
Bulgaria,BGR,2015,96.6
Bulgaria,BGR,2016,97.3
Bulgaria,BGR,2017,98.1
Bulgaria,BGR,2018,98.7
Bulgaria,BGR,2019,99.2
Bulgaria,BGR,2020,99.7
Bulgaria,BGR,2021,99.8
Bulgaria,BGR,2022,100
Bulgaria,BGR,2023,100
Bulgaria,BGR,2024,100
Burkina Faso,BFA,1993,6.1
Burkina Faso,BFA,1994,6.12501
Burkina Faso,BFA,1995,6.625333
Burkina Faso,BFA,1996,7.1229362
Burkina Faso,BFA,1997,7.61714
Burkina Faso,BFA,1998,8.1072645
Burkina Faso,BFA,1999,6.9
Burkina Faso,BFA,2000,9.1
Burkina Faso,BFA,2001,9.5
Burkina Faso,BFA,2002,9.9
Burkina Faso,BFA,2003,11.4
Burkina Faso,BFA,2004,10.7
Burkina Faso,BFA,2005,11.1
Burkina Faso,BFA,2006,11.6
Burkina Faso,BFA,2007,12
Burkina Faso,BFA,2008,12.5
Burkina Faso,BFA,2009,12.6
Burkina Faso,BFA,2010,13.1
Burkina Faso,BFA,2011,14.8
Burkina Faso,BFA,2012,15.1
Burkina Faso,BFA,2013,15.4
Burkina Faso,BFA,2014,19.2
Burkina Faso,BFA,2015,16.2
Burkina Faso,BFA,2016,16.6
Burkina Faso,BFA,2017,17
Burkina Faso,BFA,2018,14.4
Burkina Faso,BFA,2019,17.6
Burkina Faso,BFA,2020,18.5
Burkina Faso,BFA,2021,19
Burkina Faso,BFA,2022,19.5
Burkina Faso,BFA,2023,21.7
Burkina Faso,BFA,2024,34
Burundi,BDI,1998,3.9
Burundi,BDI,1999,2.0709493
Burundi,BDI,2000,2.5
Burundi,BDI,2001,2.8
Burundi,BDI,2002,3.1
Burundi,BDI,2003,3.4
Burundi,BDI,2004,3.7
Burundi,BDI,2005,3.2
Burundi,BDI,2006,2.7
Burundi,BDI,2007,4.7
Burundi,BDI,2008,4.8
Burundi,BDI,2009,5.4
Burundi,BDI,2010,5.3
Burundi,BDI,2011,6.2
Burundi,BDI,2012,6.5
Burundi,BDI,2013,6.9
Burundi,BDI,2014,7
Burundi,BDI,2015,7.9
Burundi,BDI,2016,8.5
Burundi,BDI,2017,9.3
Burundi,BDI,2018,9.5
Burundi,BDI,2019,9.8
Burundi,BDI,2020,9.1
Burundi,BDI,2021,10.2
Burundi,BDI,2022,10.3
Burundi,BDI,2023,11.6
Burundi,BDI,2024,20.1
Cambodia,KHM,1998,18.67
Cambodia,KHM,1999,8.820037
Cambodia,KHM,2000,16.6
Cambodia,KHM,2001,9.5
Cambodia,KHM,2002,13.1
Cambodia,KHM,2003,19.3
Cambodia,KHM,2004,14.2
Cambodia,KHM,2005,20.5
Cambodia,KHM,2006,27.5
Cambodia,KHM,2007,20.2
Cambodia,KHM,2008,26.4
Cambodia,KHM,2009,25.6
Cambodia,KHM,2010,31.1
Cambodia,KHM,2011,37.4
Cambodia,KHM,2012,42.3
Cambodia,KHM,2013,50.9
Cambodia,KHM,2014,56.1
Cambodia,KHM,2015,62.7
Cambodia,KHM,2016,68.8
Cambodia,KHM,2017,89.1
Cambodia,KHM,2018,80.7
Cambodia,KHM,2019,84
Cambodia,KHM,2020,86.4
Cambodia,KHM,2021,82.5
Cambodia,KHM,2022,92.3
Cambodia,KHM,2023,95
Cambodia,KHM,2024,99.2
Cameroon,CMR,1991,29
Cameroon,CMR,1992,32.697525
Cameroon,CMR,1993,33.849194
Cameroon,CMR,1994,34.999504
Cameroon,CMR,1995,36.147774
Cameroon,CMR,1996,37.293324
Cameroon,CMR,1997,38.435474
Cameroon,CMR,1998,40.7
Cameroon,CMR,1999,40.706776
Cameroon,CMR,2000,41
Cameroon,CMR,2001,46.2
Cameroon,CMR,2002,44
Cameroon,CMR,2003,45.1
Cameroon,CMR,2004,47.1
Cameroon,CMR,2005,47.2
Cameroon,CMR,2006,49
Cameroon,CMR,2007,48.2
Cameroon,CMR,2008,50.6
Cameroon,CMR,2009,51.7
Cameroon,CMR,2010,52.8
Cameroon,CMR,2011,53.7
Cameroon,CMR,2012,55.2
Cameroon,CMR,2013,56.3
Cameroon,CMR,2014,56.8
Cameroon,CMR,2015,58.6
Cameroon,CMR,2016,59.8
Cameroon,CMR,2017,60.9
Cameroon,CMR,2018,62.2
Cameroon,CMR,2019,63.2
Cameroon,CMR,2020,64.3
Cameroon,CMR,2021,65.4
Cameroon,CMR,2022,71
Cameroon,CMR,2023,72
Cameroon,CMR,2024,72
Canada,CAN,1990,100
Canada,CAN,1991,100
Canada,CAN,1992,100
Canada,CAN,1993,100
Canada,CAN,1994,100
Canada,CAN,1995,100
Canada,CAN,1996,100
Canada,CAN,1997,100
Canada,CAN,1998,100
Canada,CAN,1999,100
Canada,CAN,2000,100
Canada,CAN,2001,100
Canada,CAN,2002,100
Canada,CAN,2003,100
Canada,CAN,2004,100
Canada,CAN,2005,100
Canada,CAN,2006,100
Canada,CAN,2007,100
Canada,CAN,2008,100
Canada,CAN,2009,100
Canada,CAN,2010,100
Canada,CAN,2011,100
Canada,CAN,2012,100
Canada,CAN,2013,100
Canada,CAN,2014,100
Canada,CAN,2015,100
Canada,CAN,2016,100
Canada,CAN,2017,100
Canada,CAN,2018,100
Canada,CAN,2019,100
Canada,CAN,2020,100
Canada,CAN,2021,100
Canada,CAN,2022,100
Canada,CAN,2023,100
Canada,CAN,2024,100
Cape Verde,CPV,2000,58.6
Cape Verde,CPV,2001,60.3
Cape Verde,CPV,2002,58.6
Cape Verde,CPV,2003,63.7
Cape Verde,CPV,2004,65.4
Cape Verde,CPV,2005,67
Cape Verde,CPV,2006,68.8
Cape Verde,CPV,2007,70.5
Cape Verde,CPV,2008,72.3
Cape Verde,CPV,2009,74.1
Cape Verde,CPV,2010,81.1
Cape Verde,CPV,2011,82.3
Cape Verde,CPV,2012,83.2
Cape Verde,CPV,2013,84.3
Cape Verde,CPV,2014,85.3
Cape Verde,CPV,2015,86.4
Cape Verde,CPV,2016,87.5
Cape Verde,CPV,2017,88.6
Cape Verde,CPV,2018,90.2
Cape Verde,CPV,2019,91.4
Cape Verde,CPV,2020,93.7
Cape Verde,CPV,2021,95.5
Cape Verde,CPV,2022,97.1
Cape Verde,CPV,2023,98.6
Cape Verde,CPV,2024,98.4
Cayman Islands,CYM,1990,99.846924
Cayman Islands,CYM,1991,99.878815
Cayman Islands,CYM,1992,99.91024
Cayman Islands,CYM,1993,100
Cayman Islands,CYM,1994,100
Cayman Islands,CYM,1995,100
Cayman Islands,CYM,1996,100
Cayman Islands,CYM,1997,100
Cayman Islands,CYM,1998,100
Cayman Islands,CYM,1999,100
Cayman Islands,CYM,2000,100
Cayman Islands,CYM,2001,100
Cayman Islands,CYM,2002,100
Cayman Islands,CYM,2003,100
Cayman Islands,CYM,2004,100
Cayman Islands,CYM,2005,100
Cayman Islands,CYM,2006,100
Cayman Islands,CYM,2007,100
Cayman Islands,CYM,2008,100
Cayman Islands,CYM,2009,100
Cayman Islands,CYM,2010,100
Cayman Islands,CYM,2011,100
Cayman Islands,CYM,2012,100
Cayman Islands,CYM,2013,100
Cayman Islands,CYM,2014,100
Cayman Islands,CYM,2015,100
Cayman Islands,CYM,2016,100
Cayman Islands,CYM,2017,100
Cayman Islands,CYM,2018,100
Cayman Islands,CYM,2019,100
Cayman Islands,CYM,2020,100
Cayman Islands,CYM,2021,100
Cayman Islands,CYM,2022,100
Cayman Islands,CYM,2023,100
Cayman Islands,CYM,2024,100
Central African Republic,CAF,1995,3
Central African Republic,CAF,1996,3.3349156
Central African Republic,CAF,1997,3.8302102
Central African Republic,CAF,1998,4.3214254
Central African Republic,CAF,1999,4.8077984
Central African Republic,CAF,2000,6
Central African Republic,CAF,2001,5.7
Central African Republic,CAF,2002,6.1
Central African Republic,CAF,2003,6.6
Central African Republic,CAF,2004,7
Central African Republic,CAF,2005,7.4
Central African Republic,CAF,2006,7.8
Central African Republic,CAF,2007,8.4
Central African Republic,CAF,2008,7.5
Central African Republic,CAF,2009,9.4
Central African Republic,CAF,2010,9.8
Central African Republic,CAF,2011,10.4
Central African Republic,CAF,2012,11
Central African Republic,CAF,2013,11.5
Central African Republic,CAF,2014,12
Central African Republic,CAF,2015,12.7
Central African Republic,CAF,2016,13.4
Central African Republic,CAF,2017,14.1
Central African Republic,CAF,2018,14.6
Central African Republic,CAF,2019,14.3
Central African Republic,CAF,2020,15.4
Central African Republic,CAF,2021,15.7
Central African Republic,CAF,2022,15.7
Central African Republic,CAF,2023,17.6
Central African Republic,CAF,2024,18.2
Chad,TCD,1997,2.3
Chad,TCD,1998,2.4203873
Chad,TCD,1999,2.8062134
Chad,TCD,2000,3.1
Chad,TCD,2001,3.4
Chad,TCD,2002,3.8
Chad,TCD,2003,4.1
Chad,TCD,2004,3.5
Chad,TCD,2005,4.8
Chad,TCD,2006,5.1
Chad,TCD,2007,5.5
Chad,TCD,2008,5.9
Chad,TCD,2009,6.3
Chad,TCD,2010,6.4
Chad,TCD,2011,9
Chad,TCD,2012,7.8
Chad,TCD,2013,8.1
Chad,TCD,2014,8.4
Chad,TCD,2015,7.7
Chad,TCD,2016,9.2
Chad,TCD,2017,10.9
Chad,TCD,2018,10.1
Chad,TCD,2019,8.4
Chad,TCD,2020,10.9
Chad,TCD,2021,11.3
Chad,TCD,2022,11.7
Chad,TCD,2023,12
Chad,TCD,2024,13.4
Channel Islands,OWID_CIS,1990,100
Channel Islands,OWID_CIS,1991,100
Channel Islands,OWID_CIS,1992,100
Channel Islands,OWID_CIS,1993,100
Channel Islands,OWID_CIS,1994,100
Channel Islands,OWID_CIS,1995,100
Channel Islands,OWID_CIS,1996,100
Channel Islands,OWID_CIS,1997,100
Channel Islands,OWID_CIS,1998,100
Channel Islands,OWID_CIS,1999,100
Channel Islands,OWID_CIS,2000,100
Channel Islands,OWID_CIS,2001,100
Channel Islands,OWID_CIS,2002,100
Channel Islands,OWID_CIS,2003,100
Channel Islands,OWID_CIS,2004,100
Channel Islands,OWID_CIS,2005,100
Channel Islands,OWID_CIS,2006,100
Channel Islands,OWID_CIS,2007,100
Channel Islands,OWID_CIS,2008,100
Channel Islands,OWID_CIS,2009,100
Channel Islands,OWID_CIS,2010,100
Channel Islands,OWID_CIS,2011,100
Channel Islands,OWID_CIS,2012,100
Channel Islands,OWID_CIS,2013,100
Channel Islands,OWID_CIS,2014,100
Channel Islands,OWID_CIS,2015,100
Channel Islands,OWID_CIS,2016,100
Channel Islands,OWID_CIS,2017,100
Channel Islands,OWID_CIS,2018,100
Channel Islands,OWID_CIS,2019,100
Channel Islands,OWID_CIS,2020,100
Channel Islands,OWID_CIS,2021,100
Channel Islands,OWID_CIS,2022,100
Channel Islands,OWID_CIS,2023,100
Channel Islands,OWID_CIS,2024,100
Chile,CHL,1990,92.25742
Chile,CHL,1991,94.781624
Chile,CHL,1992,94.56006
Chile,CHL,1993,95.27373
Chile,CHL,1994,95.518074
Chile,CHL,1995,95.76038
Chile,CHL,1996,95.61732
Chile,CHL,1997,96.23617
Chile,CHL,1998,97.24113
Chile,CHL,1999,96.69555
Chile,CHL,2000,97.9
Chile,CHL,2001,97.1
Chile,CHL,2002,97.3
Chile,CHL,2003,98.8
Chile,CHL,2004,97.5
Chile,CHL,2005,97.7
Chile,CHL,2006,99.4
Chile,CHL,2007,98
Chile,CHL,2008,98.2
Chile,CHL,2009,99.6
Chile,CHL,2010,99.5
Chile,CHL,2011,99.6
Chile,CHL,2012,100
Chile,CHL,2013,99.6
Chile,CHL,2014,100
Chile,CHL,2015,99.7
Chile,CHL,2016,100
Chile,CHL,2017,99.7
Chile,CHL,2018,100
Chile,CHL,2019,100
Chile,CHL,2020,100
Chile,CHL,2021,100
Chile,CHL,2022,100
Chile,CHL,2023,100
Chile,CHL,2024,99
China,CHN,2000,96.7
China,CHN,2001,97
China,CHN,2002,97.2
China,CHN,2003,97.4
China,CHN,2004,97.7
China,CHN,2005,97.9
China,CHN,2006,98.2
China,CHN,2007,98.5
China,CHN,2008,98.8
China,CHN,2009,99.1
China,CHN,2010,99.7
China,CHN,2011,99.9
China,CHN,2012,99.9
China,CHN,2013,100
China,CHN,2014,100
China,CHN,2015,100
China,CHN,2016,100
China,CHN,2017,100
China,CHN,2018,100
China,CHN,2019,100
China,CHN,2020,100
China,CHN,2021,100
China,CHN,2022,100
China,CHN,2023,100
China,CHN,2024,100
Colombia,COL,1990,89.9
Colombia,COL,1991,91.836655
Colombia,COL,1992,92.13266
Colombia,COL,1993,92.42799
Colombia,COL,1994,92.72196
Colombia,COL,1995,91.2
Colombia,COL,1996,93.3031
Colombia,COL,1997,93.58891
Colombia,COL,1998,93.87064
Colombia,COL,1999,94.14753
Colombia,COL,2000,95.2
Colombia,COL,2001,98.5
Colombia,COL,2002,94.9
Colombia,COL,2003,95.1
Colombia,COL,2004,95.3
Colombia,COL,2005,96.8
Colombia,COL,2006,95.7
Colombia,COL,2007,96
Colombia,COL,2008,96.8
Colombia,COL,2009,96.1
Colombia,COL,2010,96.8
Colombia,COL,2011,96.7
Colombia,COL,2012,97
Colombia,COL,2013,97.8
Colombia,COL,2014,97.8
Colombia,COL,2015,98.2
Colombia,COL,2016,98.4
Colombia,COL,2017,98.5
Colombia,COL,2018,98.5
Colombia,COL,2019,99.4
Colombia,COL,2020,99.7
Colombia,COL,2021,100
Colombia,COL,2022,100
Colombia,COL,2023,98.7
Colombia,COL,2024,98.9
Comoros,COM,1996,28.9
Comoros,COM,1997,32.762413
Comoros,COM,1998,35.09453
Comoros,COM,1999,37.421803
Comoros,COM,2000,39.8
Comoros,COM,2001,42
Comoros,COM,2002,44.8
Comoros,COM,2003,46.5
Comoros,COM,2004,48.7
Comoros,COM,2005,51
Comoros,COM,2006,53.2
Comoros,COM,2007,55.5
Comoros,COM,2008,57.8
Comoros,COM,2009,60.1
Comoros,COM,2010,69.7
Comoros,COM,2011,69.3
Comoros,COM,2012,69.3
Comoros,COM,2013,69.4
Comoros,COM,2014,71.8
Comoros,COM,2015,74.1
Comoros,COM,2016,76.4
Comoros,COM,2017,78.7
Comoros,COM,2018,81
Comoros,COM,2019,83.3
Comoros,COM,2020,85.6
Comoros,COM,2021,87.9
Comoros,COM,2022,89.9
Comoros,COM,2023,89.8
Comoros,COM,2024,91.7
Congo,COG,2000,29.4
Congo,COG,2001,30.3
Congo,COG,2002,31.2
Congo,COG,2003,32.1
Congo,COG,2004,33
Congo,COG,2005,33.8
Congo,COG,2006,34.9
Congo,COG,2007,35.8
Congo,COG,2008,36.8
Congo,COG,2009,37.1
Congo,COG,2010,40
Congo,COG,2011,40.8
Congo,COG,2012,41.6
Congo,COG,2013,42.5
Congo,COG,2014,43.4
Congo,COG,2015,44.3
Congo,COG,2016,45.3
Congo,COG,2017,46.2
Congo,COG,2018,47
Congo,COG,2019,47.7
Congo,COG,2020,48.7
Congo,COG,2021,49.7
Congo,COG,2022,50.6
Congo,COG,2023,51.3
Congo,COG,2024,53
Costa Rica,CRI,2000,96.9
Costa Rica,CRI,2001,98.2
Costa Rica,CRI,2002,98.5
Costa Rica,CRI,2003,98.7
Costa Rica,CRI,2004,99
Costa Rica,CRI,2005,99.1
Costa Rica,CRI,2006,99.1
Costa Rica,CRI,2007,99.2
Costa Rica,CRI,2008,99.3
Costa Rica,CRI,2009,99.4
Costa Rica,CRI,2010,99
Costa Rica,CRI,2011,99.2
Costa Rica,CRI,2012,99.5
Costa Rica,CRI,2013,99.6
Costa Rica,CRI,2014,99.4
Costa Rica,CRI,2015,99.4
Costa Rica,CRI,2016,99.5
Costa Rica,CRI,2017,99.6
Costa Rica,CRI,2018,99.7
Costa Rica,CRI,2019,99.7
Costa Rica,CRI,2020,99.9
Costa Rica,CRI,2021,100
Costa Rica,CRI,2022,100
Costa Rica,CRI,2023,100
Costa Rica,CRI,2024,99.8
Cote d'Ivoire,CIV,1994,36.5
Cote d'Ivoire,CIV,1995,43.631252
Cote d'Ivoire,CIV,1996,44.648212
Cote d'Ivoire,CIV,1997,45.66177
Cote d'Ivoire,CIV,1998,46.671246
Cote d'Ivoire,CIV,1999,48.2
Cote d'Ivoire,CIV,2000,48.7
Cote d'Ivoire,CIV,2001,49.7
Cote d'Ivoire,CIV,2002,51.4
Cote d'Ivoire,CIV,2003,51.5
Cote d'Ivoire,CIV,2004,52.4
Cote d'Ivoire,CIV,2005,58.9
Cote d'Ivoire,CIV,2006,60.2
Cote d'Ivoire,CIV,2007,55.3
Cote d'Ivoire,CIV,2008,60.3
Cote d'Ivoire,CIV,2009,57.3
Cote d'Ivoire,CIV,2010,58.4
Cote d'Ivoire,CIV,2011,55.8
Cote d'Ivoire,CIV,2012,55.8
Cote d'Ivoire,CIV,2013,61.5
Cote d'Ivoire,CIV,2014,61.9
Cote d'Ivoire,CIV,2015,62.6
Cote d'Ivoire,CIV,2016,64.3
Cote d'Ivoire,CIV,2017,65.6
Cote d'Ivoire,CIV,2018,67.1
Cote d'Ivoire,CIV,2019,68.6
Cote d'Ivoire,CIV,2020,69.9
Cote d'Ivoire,CIV,2021,71.1
Cote d'Ivoire,CIV,2022,70.4
Cote d'Ivoire,CIV,2023,72.4
Cote d'Ivoire,CIV,2024,72.9
Croatia,HRV,1990,100
Croatia,HRV,1991,100
Croatia,HRV,1992,100
Croatia,HRV,1993,100
Croatia,HRV,1994,100
Croatia,HRV,1995,100
Croatia,HRV,1996,100
Croatia,HRV,1997,100
Croatia,HRV,1998,100
Croatia,HRV,1999,100
Croatia,HRV,2000,100
Croatia,HRV,2001,100
Croatia,HRV,2002,100
Croatia,HRV,2003,100
Croatia,HRV,2004,99.9
Croatia,HRV,2005,99.9
Croatia,HRV,2006,99.8
Croatia,HRV,2007,99.8
Croatia,HRV,2008,100
Croatia,HRV,2009,100
Croatia,HRV,2010,100
Croatia,HRV,2011,100
Croatia,HRV,2012,100
Croatia,HRV,2013,100
Croatia,HRV,2014,100
Croatia,HRV,2015,100
Croatia,HRV,2016,100
Croatia,HRV,2017,100
Croatia,HRV,2018,100
Croatia,HRV,2019,100
Croatia,HRV,2020,100
Croatia,HRV,2021,100
Croatia,HRV,2022,100
Croatia,HRV,2023,100
Croatia,HRV,2024,100
Cuba,CUB,2000,97
Cuba,CUB,2001,96.2
Cuba,CUB,2002,95.5
Cuba,CUB,2003,96.5
Cuba,CUB,2004,96.6
Cuba,CUB,2005,96.8
Cuba,CUB,2006,96.9
Cuba,CUB,2007,97.1
Cuba,CUB,2008,97.3
Cuba,CUB,2009,97.6
Cuba,CUB,2010,97.8
Cuba,CUB,2011,98
Cuba,CUB,2012,98.3
Cuba,CUB,2013,98.5
Cuba,CUB,2014,98.7
Cuba,CUB,2015,99
Cuba,CUB,2016,99.2
Cuba,CUB,2017,99.4
Cuba,CUB,2018,99.6
Cuba,CUB,2019,99.8
Cuba,CUB,2020,99.9
Cuba,CUB,2021,100
Cuba,CUB,2022,100
Cuba,CUB,2023,100
Cuba,CUB,2024,100
Curacao,CUW,1990,100
Curacao,CUW,1991,100
Curacao,CUW,1992,100
Curacao,CUW,1993,100
Curacao,CUW,1994,100
Curacao,CUW,1995,100
Curacao,CUW,1996,100
Curacao,CUW,1997,100
Curacao,CUW,1998,100
Curacao,CUW,1999,100
Curacao,CUW,2000,100
Curacao,CUW,2001,99.9
Curacao,CUW,2002,99.9
Curacao,CUW,2003,99.8
Curacao,CUW,2004,99.8
Curacao,CUW,2005,99.7
Curacao,CUW,2006,99.7
Curacao,CUW,2007,99.7
Curacao,CUW,2008,99.7
Curacao,CUW,2009,99.7
Curacao,CUW,2010,100
Curacao,CUW,2011,100
Curacao,CUW,2012,100
Curacao,CUW,2013,100
Curacao,CUW,2014,100
Curacao,CUW,2015,100
Curacao,CUW,2016,100
Curacao,CUW,2017,100
Curacao,CUW,2018,100
Curacao,CUW,2019,100
Curacao,CUW,2020,100
Curacao,CUW,2021,100
Curacao,CUW,2022,100
Curacao,CUW,2023,100
Curacao,CUW,2024,100
Cyprus,CYP,1990,100
Cyprus,CYP,1991,100
Cyprus,CYP,1992,100
Cyprus,CYP,1993,100
Cyprus,CYP,1994,100
Cyprus,CYP,1995,100
Cyprus,CYP,1996,100
Cyprus,CYP,1997,100
Cyprus,CYP,1998,100
Cyprus,CYP,1999,100
Cyprus,CYP,2000,100
Cyprus,CYP,2001,100
Cyprus,CYP,2002,100
Cyprus,CYP,2003,100
Cyprus,CYP,2004,100
Cyprus,CYP,2005,100
Cyprus,CYP,2006,100
Cyprus,CYP,2007,100
Cyprus,CYP,2008,100
Cyprus,CYP,2009,100
Cyprus,CYP,2010,100
Cyprus,CYP,2011,100
Cyprus,CYP,2012,100
Cyprus,CYP,2013,100
Cyprus,CYP,2014,100
Cyprus,CYP,2015,100
Cyprus,CYP,2016,100
Cyprus,CYP,2017,100
Cyprus,CYP,2018,100
Cyprus,CYP,2019,100
Cyprus,CYP,2020,100
Cyprus,CYP,2021,100
Cyprus,CYP,2022,100
Cyprus,CYP,2023,100
Cyprus,CYP,2024,100
Czechia,CZE,1990,100
Czechia,CZE,1991,100
Czechia,CZE,1992,100
Czechia,CZE,1993,100
Czechia,CZE,1994,100
Czechia,CZE,1995,100
Czechia,CZE,1996,100
Czechia,CZE,1997,100
Czechia,CZE,1998,100
Czechia,CZE,1999,100
Czechia,CZE,2000,100
Czechia,CZE,2001,100
Czechia,CZE,2002,100
Czechia,CZE,2003,100
Czechia,CZE,2004,100
Czechia,CZE,2005,100
Czechia,CZE,2006,100
Czechia,CZE,2007,100
Czechia,CZE,2008,100
Czechia,CZE,2009,100
Czechia,CZE,2010,100
Czechia,CZE,2011,100
Czechia,CZE,2012,100
Czechia,CZE,2013,100
Czechia,CZE,2014,100
Czechia,CZE,2015,100
Czechia,CZE,2016,100
Czechia,CZE,2017,100
Czechia,CZE,2018,100
Czechia,CZE,2019,100
Czechia,CZE,2020,100
Czechia,CZE,2021,100
Czechia,CZE,2022,100
Czechia,CZE,2023,100
Czechia,CZE,2024,100
Democratic Republic of Congo,COD,2000,6.7
Democratic Republic of Congo,COD,2001,7.1
Democratic Republic of Congo,COD,2002,7.7
Democratic Republic of Congo,COD,2003,8.3
Democratic Republic of Congo,COD,2004,9
Democratic Republic of Congo,COD,2005,6
Democratic Republic of Congo,COD,2006,10.2
Democratic Republic of Congo,COD,2007,15.2
Democratic Republic of Congo,COD,2008,11.6
Democratic Republic of Congo,COD,2009,12.3
Democratic Republic of Congo,COD,2010,13
Democratic Republic of Congo,COD,2011,13.7
Democratic Republic of Congo,COD,2012,15.4
Democratic Republic of Congo,COD,2013,15.2
Democratic Republic of Congo,COD,2014,13.5
Democratic Republic of Congo,COD,2015,16.6
Democratic Republic of Congo,COD,2016,17.3
Democratic Republic of Congo,COD,2017,18
Democratic Republic of Congo,COD,2018,18.7
Democratic Republic of Congo,COD,2019,19.1
Democratic Republic of Congo,COD,2020,20.1
Democratic Republic of Congo,COD,2021,20.8
Democratic Republic of Congo,COD,2022,21.5
Democratic Republic of Congo,COD,2023,22.1
Democratic Republic of Congo,COD,2024,22.5
Denmark,DNK,1990,100
Denmark,DNK,1991,100
Denmark,DNK,1992,100
Denmark,DNK,1993,100
Denmark,DNK,1994,100
Denmark,DNK,1995,100
Denmark,DNK,1996,100
Denmark,DNK,1997,100
Denmark,DNK,1998,100
Denmark,DNK,1999,100
Denmark,DNK,2000,100
Denmark,DNK,2001,100
Denmark,DNK,2002,100
Denmark,DNK,2003,100
Denmark,DNK,2004,100
Denmark,DNK,2005,100
Denmark,DNK,2006,100
Denmark,DNK,2007,100
Denmark,DNK,2008,100
Denmark,DNK,2009,100
Denmark,DNK,2010,100
Denmark,DNK,2011,100
Denmark,DNK,2012,100
Denmark,DNK,2013,100
Denmark,DNK,2014,100
Denmark,DNK,2015,100
Denmark,DNK,2016,100
Denmark,DNK,2017,100
Denmark,DNK,2018,100
Denmark,DNK,2019,100
Denmark,DNK,2020,100
Denmark,DNK,2021,100
Denmark,DNK,2022,100
Denmark,DNK,2023,100
Denmark,DNK,2024,100
Djibouti,DJI,1996,62
Djibouti,DJI,1997,56.294495
Djibouti,DJI,1998,56.322254
Djibouti,DJI,1999,56.34517
Djibouti,DJI,2000,56
Djibouti,DJI,2001,56.1
Djibouti,DJI,2002,49.7
Djibouti,DJI,2003,56.4
Djibouti,DJI,2004,56.6
Djibouti,DJI,2005,56.8
Djibouti,DJI,2006,55.5
Djibouti,DJI,2007,57.2
Djibouti,DJI,2008,57.4
Djibouti,DJI,2009,57.6
Djibouti,DJI,2010,57.9
Djibouti,DJI,2011,58.1
Djibouti,DJI,2012,54.6
Djibouti,DJI,2013,58.6
Djibouti,DJI,2014,58.9
Djibouti,DJI,2015,59.1
Djibouti,DJI,2016,59.8
Djibouti,DJI,2017,60.2
Djibouti,DJI,2018,62.4
Djibouti,DJI,2019,64.7
Djibouti,DJI,2020,64.5
Djibouti,DJI,2021,65.4
Djibouti,DJI,2022,65
Djibouti,DJI,2023,65.2
Djibouti,DJI,2024,69.2
Dominica,DMA,1998,75
Dominica,DMA,1999,79.62192
Dominica,DMA,2000,81.1
Dominica,DMA,2001,82.1
Dominica,DMA,2002,87.7
Dominica,DMA,2003,84
Dominica,DMA,2004,85
Dominica,DMA,2005,86
Dominica,DMA,2006,87
Dominica,DMA,2007,88.1
Dominica,DMA,2008,90.9
Dominica,DMA,2009,90.2
Dominica,DMA,2010,91.3
Dominica,DMA,2011,90.1
Dominica,DMA,2012,93.5
Dominica,DMA,2013,94.6
Dominica,DMA,2014,95.7
Dominica,DMA,2015,96.7
Dominica,DMA,2016,97.8
Dominica,DMA,2017,98.9
Dominica,DMA,2018,99.6
Dominica,DMA,2019,99.9
Dominica,DMA,2020,100
Dominica,DMA,2021,100
Dominica,DMA,2022,100
Dominica,DMA,2023,100
Dominica,DMA,2024,100
Dominican Republic,DOM,1991,78.2
Dominican Republic,DOM,1992,82.485405
Dominican Republic,DOM,1993,83.25549
Dominican Republic,DOM,1994,84.02422
Dominican Republic,DOM,1995,84.79091
Dominican Republic,DOM,1996,85.55488
Dominican Republic,DOM,1997,86.315445
Dominican Republic,DOM,1998,87.07194
Dominican Republic,DOM,1999,91
Dominican Republic,DOM,2000,88.8
Dominican Republic,DOM,2001,89.8
Dominican Republic,DOM,2002,89.7
Dominican Republic,DOM,2003,89.2
Dominican Republic,DOM,2004,90.3
Dominican Republic,DOM,2005,90.1
Dominican Republic,DOM,2006,90.1
Dominican Republic,DOM,2007,96.9
Dominican Republic,DOM,2008,97.6
Dominican Republic,DOM,2009,97.9
Dominican Republic,DOM,2010,98.1
Dominican Republic,DOM,2011,97.9
Dominican Republic,DOM,2012,97.9
Dominican Republic,DOM,2013,98.4
Dominican Republic,DOM,2014,98.5
Dominican Republic,DOM,2015,98.6
Dominican Republic,DOM,2016,98.9
Dominican Republic,DOM,2017,100
Dominican Republic,DOM,2018,98.9
Dominican Republic,DOM,2019,99
Dominican Republic,DOM,2020,100
Dominican Republic,DOM,2021,98.1
Dominican Republic,DOM,2022,98.1
Dominican Republic,DOM,2023,99.6
Dominican Republic,DOM,2024,99.5
East Asia and Pacific (WB),WB_EAP,2000,92.06181
East Asia and Pacific (WB),WB_EAP,2001,92.5438
East Asia and Pacific (WB),WB_EAP,2002,92.96486
East Asia and Pacific (WB),WB_EAP,2003,93.16296
East Asia and Pacific (WB),WB_EAP,2004,93.95632
East Asia and Pacific (WB),WB_EAP,2005,93.57515
East Asia and Pacific (WB),WB_EAP,2006,94.647156
East Asia and Pacific (WB),WB_EAP,2007,94.65454
East Asia and Pacific (WB),WB_EAP,2008,95.21108
East Asia and Pacific (WB),WB_EAP,2009,94.98333
East Asia and Pacific (WB),WB_EAP,2010,95.54683
East Asia and Pacific (WB),WB_EAP,2011,96.01894
East Asia and Pacific (WB),WB_EAP,2012,96.20924
East Asia and Pacific (WB),WB_EAP,2013,96.47565
East Asia and Pacific (WB),WB_EAP,2014,96.63756
East Asia and Pacific (WB),WB_EAP,2015,96.95006
East Asia and Pacific (WB),WB_EAP,2016,97.03439
East Asia and Pacific (WB),WB_EAP,2017,97.691536
East Asia and Pacific (WB),WB_EAP,2018,97.660965
East Asia and Pacific (WB),WB_EAP,2019,97.86359
East Asia and Pacific (WB),WB_EAP,2020,97.79761
East Asia and Pacific (WB),WB_EAP,2021,98.153404
East Asia and Pacific (WB),WB_EAP,2022,98.21597
East Asia and Pacific (WB),WB_EAP,2023,98.404465
East Asia and Pacific (WB),WB_EAP,2024,98.55979
East Timor,TLS,2000,17.8
East Timor,TLS,2001,25.6
East Timor,TLS,2002,24.1
East Timor,TLS,2003,27.7
East Timor,TLS,2004,30.4
East Timor,TLS,2005,33.5
East Timor,TLS,2006,36.7
East Timor,TLS,2007,36.6
East Timor,TLS,2008,43.1
East Timor,TLS,2009,46.3
East Timor,TLS,2010,38
East Timor,TLS,2011,52.7
East Timor,TLS,2012,56
East Timor,TLS,2013,59.2
East Timor,TLS,2014,62.4
East Timor,TLS,2015,67.3
East Timor,TLS,2016,76.5
East Timor,TLS,2017,79.5
East Timor,TLS,2018,85.2
East Timor,TLS,2019,90.6
East Timor,TLS,2020,96
East Timor,TLS,2021,100
East Timor,TLS,2022,99.7
East Timor,TLS,2023,100
East Timor,TLS,2024,94.3
Ecuador,ECU,1995,89.83017
Ecuador,ECU,1996,92.05138
Ecuador,ECU,1997,92.42982
Ecuador,ECU,1998,92.72664
Ecuador,ECU,1999,93.071434
Ecuador,ECU,2000,93.7
Ecuador,ECU,2001,94
Ecuador,ECU,2002,94.2
Ecuador,ECU,2003,95
Ecuador,ECU,2004,94.8
Ecuador,ECU,2005,95.8
Ecuador,ECU,2006,96.3
Ecuador,ECU,2007,96.8
Ecuador,ECU,2008,97.2
Ecuador,ECU,2009,96.5
Ecuador,ECU,2010,97.5
Ecuador,ECU,2011,96.9
Ecuador,ECU,2012,97.2
Ecuador,ECU,2013,98
Ecuador,ECU,2014,99
Ecuador,ECU,2015,98.8
Ecuador,ECU,2016,98.7
Ecuador,ECU,2017,99.2
Ecuador,ECU,2018,98.7
Ecuador,ECU,2019,99.1
Ecuador,ECU,2020,98.8
Ecuador,ECU,2021,100
Ecuador,ECU,2022,100
Ecuador,ECU,2023,98.7
Ecuador,ECU,2024,98.5
Egypt,EGY,1992,93.4
Egypt,EGY,1993,95.39224
Egypt,EGY,1994,95.64854
Egypt,EGY,1995,95.5
Egypt,EGY,1996,96.15433
Egypt,EGY,1997,96.402466
Egypt,EGY,1998,96.64652
Egypt,EGY,1999,96.885735
Egypt,EGY,2000,97.7
Egypt,EGY,2001,97.4
Egypt,EGY,2002,97.5
Egypt,EGY,2003,98.8
Egypt,EGY,2004,97.8
Egypt,EGY,2005,99.4
Egypt,EGY,2006,99
Egypt,EGY,2007,98.4
Egypt,EGY,2008,99.8
Egypt,EGY,2009,98.9
Egypt,EGY,2010,99.4
Egypt,EGY,2011,99.4
Egypt,EGY,2012,99.7
Egypt,EGY,2013,99.9
Egypt,EGY,2014,99.8
Egypt,EGY,2015,99.3
Egypt,EGY,2016,100
Egypt,EGY,2017,100
Egypt,EGY,2018,100
Egypt,EGY,2019,100
Egypt,EGY,2020,100
Egypt,EGY,2021,100
Egypt,EGY,2022,100
Egypt,EGY,2023,100
Egypt,EGY,2024,100
El Salvador,SLV,1991,69.60788
El Salvador,SLV,1992,75.33219
El Salvador,SLV,1993,76.27614
El Salvador,SLV,1994,77.21872
El Salvador,SLV,1995,76.99551
El Salvador,SLV,1996,77.883
El Salvador,SLV,1997,80.03152
El Salvador,SLV,1998,81.637985
El Salvador,SLV,1999,79.12959
El Salvador,SLV,2000,84.5
El Salvador,SLV,2001,87.1
El Salvador,SLV,2002,87.5
El Salvador,SLV,2003,87
El Salvador,SLV,2004,87.4
El Salvador,SLV,2005,87.5
El Salvador,SLV,2006,89.2
El Salvador,SLV,2007,91.1
El Salvador,SLV,2008,91
El Salvador,SLV,2009,91.1
El Salvador,SLV,2010,91.6
El Salvador,SLV,2011,92.6
El Salvador,SLV,2012,93.7
El Salvador,SLV,2013,95
El Salvador,SLV,2014,95.1
El Salvador,SLV,2015,95.4
El Salvador,SLV,2016,96
El Salvador,SLV,2017,96.8
El Salvador,SLV,2018,97
El Salvador,SLV,2019,97.4
El Salvador,SLV,2020,99.7
El Salvador,SLV,2021,97.9
El Salvador,SLV,2022,100
El Salvador,SLV,2023,98.3
El Salvador,SLV,2024,98.7
Equatorial Guinea,GNQ,2000,64.8
Equatorial Guinea,GNQ,2001,64.9
Equatorial Guinea,GNQ,2002,64.9
Equatorial Guinea,GNQ,2003,64.9
Equatorial Guinea,GNQ,2004,64.9
Equatorial Guinea,GNQ,2005,65
Equatorial Guinea,GNQ,2006,65.1
Equatorial Guinea,GNQ,2007,65.1
Equatorial Guinea,GNQ,2008,65.2
Equatorial Guinea,GNQ,2009,65.4
Equatorial Guinea,GNQ,2010,66.1
Equatorial Guinea,GNQ,2011,66.1
Equatorial Guinea,GNQ,2012,65.7
Equatorial Guinea,GNQ,2013,65.9
Equatorial Guinea,GNQ,2014,66
Equatorial Guinea,GNQ,2015,66.1
Equatorial Guinea,GNQ,2016,66.2
Equatorial Guinea,GNQ,2017,66.4
Equatorial Guinea,GNQ,2018,66.5
Equatorial Guinea,GNQ,2019,66.6
Equatorial Guinea,GNQ,2020,66.7
Equatorial Guinea,GNQ,2021,66.8
Equatorial Guinea,GNQ,2022,67
Equatorial Guinea,GNQ,2023,66.9
Equatorial Guinea,GNQ,2024,65.1
Eritrea,ERI,1995,22.9
Eritrea,ERI,1996,24.755447
Eritrea,ERI,1997,25.87461
Eritrea,ERI,1998,26.989695
Eritrea,ERI,1999,28.099936
Eritrea,ERI,2000,29.3
Eritrea,ERI,2001,30.3
Eritrea,ERI,2002,32.2
Eritrea,ERI,2003,32.4
Eritrea,ERI,2004,33.4
Eritrea,ERI,2005,34.5
Eritrea,ERI,2006,35.6
Eritrea,ERI,2007,36.7
Eritrea,ERI,2008,37.8
Eritrea,ERI,2009,38.9
Eritrea,ERI,2010,40.1
Eritrea,ERI,2011,41.2
Eritrea,ERI,2012,42.3
Eritrea,ERI,2013,43.5
Eritrea,ERI,2014,44.6
Eritrea,ERI,2015,45.8
Eritrea,ERI,2016,46.9
Eritrea,ERI,2017,48
Eritrea,ERI,2018,49.1
Eritrea,ERI,2019,50.3
Eritrea,ERI,2020,51.4
Eritrea,ERI,2021,52.5
Eritrea,ERI,2022,55.4
Eritrea,ERI,2023,54.4
Eritrea,ERI,2024,55.3
Estonia,EST,1990,100
Estonia,EST,1991,100
Estonia,EST,1992,100
Estonia,EST,1993,100
Estonia,EST,1994,100
Estonia,EST,1995,100
Estonia,EST,1996,100
Estonia,EST,1997,100
Estonia,EST,1998,100
Estonia,EST,1999,100
Estonia,EST,2000,100
Estonia,EST,2001,100
Estonia,EST,2002,100
Estonia,EST,2003,100
Estonia,EST,2004,100
Estonia,EST,2005,100
Estonia,EST,2006,100
Estonia,EST,2007,100
Estonia,EST,2008,100
Estonia,EST,2009,100
Estonia,EST,2010,100
Estonia,EST,2011,100
Estonia,EST,2012,100
Estonia,EST,2013,100
Estonia,EST,2014,100
Estonia,EST,2015,100
Estonia,EST,2016,100
Estonia,EST,2017,100
Estonia,EST,2018,100
Estonia,EST,2019,100
Estonia,EST,2020,100
Estonia,EST,2021,100
Estonia,EST,2022,100
Estonia,EST,2023,100
Estonia,EST,2024,100
Eswatini,SWZ,2000,20.4
Eswatini,SWZ,2001,26.9
Eswatini,SWZ,2002,25.9
Eswatini,SWZ,2003,28.7
Eswatini,SWZ,2004,31.4
Eswatini,SWZ,2005,34.2
Eswatini,SWZ,2006,35.2
Eswatini,SWZ,2007,39.8
Eswatini,SWZ,2008,42.6
Eswatini,SWZ,2009,38.6
Eswatini,SWZ,2010,45.6
Eswatini,SWZ,2011,51.2
Eswatini,SWZ,2012,54.3
Eswatini,SWZ,2013,57.5
Eswatini,SWZ,2014,65
Eswatini,SWZ,2015,64.1
Eswatini,SWZ,2016,63.4
Eswatini,SWZ,2017,73.5
Eswatini,SWZ,2018,74
Eswatini,SWZ,2019,77
Eswatini,SWZ,2020,80
Eswatini,SWZ,2021,82.9
Eswatini,SWZ,2022,82.3
Eswatini,SWZ,2023,86.4
Eswatini,SWZ,2024,89.3
Ethiopia,ETH,2000,12.7
Ethiopia,ETH,2001,10.2
Ethiopia,ETH,2002,11.9
Ethiopia,ETH,2003,13.5
Ethiopia,ETH,2004,15.2
Ethiopia,ETH,2005,14
Ethiopia,ETH,2006,18.6
Ethiopia,ETH,2007,20.3
Ethiopia,ETH,2008,22
Ethiopia,ETH,2009,23.7
Ethiopia,ETH,2010,25.5
Ethiopia,ETH,2011,23
Ethiopia,ETH,2012,29
Ethiopia,ETH,2013,30.8
Ethiopia,ETH,2014,27.2
Ethiopia,ETH,2015,29
Ethiopia,ETH,2016,42.9
Ethiopia,ETH,2017,44.3
Ethiopia,ETH,2018,44.8
Ethiopia,ETH,2019,48
Ethiopia,ETH,2020,51.1
Ethiopia,ETH,2021,54.2
Ethiopia,ETH,2022,55
Ethiopia,ETH,2023,55.4
Ethiopia,ETH,2024,56.6
Europe and Central Asia (WB),WB_ECA,1990,100
Europe and Central Asia (WB),WB_ECA,1991,100
Europe and Central Asia (WB),WB_ECA,1992,100
Europe and Central Asia (WB),WB_ECA,1993,100
Europe and Central Asia (WB),WB_ECA,1994,100
Europe and Central Asia (WB),WB_ECA,1995,99.99776
Europe and Central Asia (WB),WB_ECA,1996,99.9706
Europe and Central Asia (WB),WB_ECA,1997,99.964584
Europe and Central Asia (WB),WB_ECA,1998,99.966774
Europe and Central Asia (WB),WB_ECA,1999,99.869354
Europe and Central Asia (WB),WB_ECA,2000,99.11531
Europe and Central Asia (WB),WB_ECA,2001,99.16555
Europe and Central Asia (WB),WB_ECA,2002,99.20394
Europe and Central Asia (WB),WB_ECA,2003,99.213036
Europe and Central Asia (WB),WB_ECA,2004,99.239006
Europe and Central Asia (WB),WB_ECA,2005,99.2799
Europe and Central Asia (WB),WB_ECA,2006,99.30136
Europe and Central Asia (WB),WB_ECA,2007,99.36308
Europe and Central Asia (WB),WB_ECA,2008,99.4081
Europe and Central Asia (WB),WB_ECA,2009,99.46617
Europe and Central Asia (WB),WB_ECA,2010,99.66544
Europe and Central Asia (WB),WB_ECA,2011,99.6639
Europe and Central Asia (WB),WB_ECA,2012,99.82819
Europe and Central Asia (WB),WB_ECA,2013,99.84952
Europe and Central Asia (WB),WB_ECA,2014,99.87614
Europe and Central Asia (WB),WB_ECA,2015,99.16778
Europe and Central Asia (WB),WB_ECA,2016,99.82899
Europe and Central Asia (WB),WB_ECA,2017,99.96415
Europe and Central Asia (WB),WB_ECA,2018,99.97077
Europe and Central Asia (WB),WB_ECA,2019,99.95345
Europe and Central Asia (WB),WB_ECA,2020,99.97603
Europe and Central Asia (WB),WB_ECA,2021,99.98819
Europe and Central Asia (WB),WB_ECA,2022,99.997734
Europe and Central Asia (WB),WB_ECA,2023,100
Europe and Central Asia (WB),WB_ECA,2024,99.998856
European Union (27),OWID_EU27,1990,100
European Union (27),OWID_EU27,1991,100
European Union (27),OWID_EU27,1992,100
European Union (27),OWID_EU27,1993,100
European Union (27),OWID_EU27,1994,100
European Union (27),OWID_EU27,1995,100
European Union (27),OWID_EU27,1996,100
European Union (27),OWID_EU27,1997,100
European Union (27),OWID_EU27,1998,100
European Union (27),OWID_EU27,1999,100
European Union (27),OWID_EU27,2000,99.47619
European Union (27),OWID_EU27,2001,99.50504
European Union (27),OWID_EU27,2002,99.53872
European Union (27),OWID_EU27,2003,99.55399
European Union (27),OWID_EU27,2004,99.57583
European Union (27),OWID_EU27,2005,99.59137
European Union (27),OWID_EU27,2006,99.61884
European Union (27),OWID_EU27,2007,99.64641
European Union (27),OWID_EU27,2008,99.68253
European Union (27),OWID_EU27,2009,99.729004
European Union (27),OWID_EU27,2010,99.755394
European Union (27),OWID_EU27,2011,99.78012
European Union (27),OWID_EU27,2012,99.81259
European Union (27),OWID_EU27,2013,99.83812
European Union (27),OWID_EU27,2014,99.8626
European Union (27),OWID_EU27,2015,99.892914
European Union (27),OWID_EU27,2016,99.91827
European Union (27),OWID_EU27,2017,99.97097
European Union (27),OWID_EU27,2018,99.97171
European Union (27),OWID_EU27,2019,99.98816
European Union (27),OWID_EU27,2020,99.995605
European Union (27),OWID_EU27,2021,99.997086
European Union (27),OWID_EU27,2022,100
European Union (27),OWID_EU27,2023,100
European Union (27),OWID_EU27,2024,100
Faroe Islands,FRO,1990,100
Faroe Islands,FRO,1991,100
Faroe Islands,FRO,1992,100
Faroe Islands,FRO,1993,100
Faroe Islands,FRO,1994,100
Faroe Islands,FRO,1995,100
Faroe Islands,FRO,1996,100
Faroe Islands,FRO,1997,100
Faroe Islands,FRO,1998,100
Faroe Islands,FRO,1999,100
Faroe Islands,FRO,2000,100
Faroe Islands,FRO,2001,100
Faroe Islands,FRO,2002,100
Faroe Islands,FRO,2003,100
Faroe Islands,FRO,2004,100
Faroe Islands,FRO,2005,100
Faroe Islands,FRO,2006,100
Faroe Islands,FRO,2007,100
Faroe Islands,FRO,2008,100
Faroe Islands,FRO,2009,100
Faroe Islands,FRO,2010,100
Faroe Islands,FRO,2011,100
Faroe Islands,FRO,2012,100
Faroe Islands,FRO,2013,100
Faroe Islands,FRO,2014,100
Faroe Islands,FRO,2015,100
Faroe Islands,FRO,2016,100
Faroe Islands,FRO,2017,100
Faroe Islands,FRO,2018,100
Faroe Islands,FRO,2019,100
Faroe Islands,FRO,2020,100
Faroe Islands,FRO,2021,100
Faroe Islands,FRO,2022,100
Faroe Islands,FRO,2023,100
Faroe Islands,FRO,2024,100
Fiji,FJI,1996,66.9
Fiji,FJI,1997,71.771515
Fiji,FJI,1998,73.089584
Fiji,FJI,1999,74.40282
Fiji,FJI,2000,76.8
Fiji,FJI,2001,77.7
Fiji,FJI,2002,79.6
Fiji,FJI,2003,80
Fiji,FJI,2004,80.6
Fiji,FJI,2005,81.6
Fiji,FJI,2006,82.6
Fiji,FJI,2007,88.9
Fiji,FJI,2008,86.2
Fiji,FJI,2009,85.6
Fiji,FJI,2010,92.4
Fiji,FJI,2011,92.5
Fiji,FJI,2012,92.6
Fiji,FJI,2013,91.8
Fiji,FJI,2014,93
Fiji,FJI,2015,93.2
Fiji,FJI,2016,93.4
Fiji,FJI,2017,96
Fiji,FJI,2018,95.1
Fiji,FJI,2019,96.1
Fiji,FJI,2020,97.1
Fiji,FJI,2021,92.1
Fiji,FJI,2022,92
Fiji,FJI,2023,99.3
Fiji,FJI,2024,95.9
Finland,FIN,1990,100
Finland,FIN,1991,100
Finland,FIN,1992,100
Finland,FIN,1993,100
Finland,FIN,1994,100
Finland,FIN,1995,100
Finland,FIN,1996,100
Finland,FIN,1997,100
Finland,FIN,1998,100
Finland,FIN,1999,100
Finland,FIN,2000,100
Finland,FIN,2001,100
Finland,FIN,2002,100
Finland,FIN,2003,100
Finland,FIN,2004,100
Finland,FIN,2005,100
Finland,FIN,2006,100
Finland,FIN,2007,100
Finland,FIN,2008,100
Finland,FIN,2009,100
Finland,FIN,2010,100
Finland,FIN,2011,100
Finland,FIN,2012,100
Finland,FIN,2013,100
Finland,FIN,2014,100
Finland,FIN,2015,100
Finland,FIN,2016,100
Finland,FIN,2017,100
Finland,FIN,2018,100
Finland,FIN,2019,100
Finland,FIN,2020,100
Finland,FIN,2021,100
Finland,FIN,2022,100
Finland,FIN,2023,100
Finland,FIN,2024,100
France,FRA,1990,100
France,FRA,1991,100
France,FRA,1992,100
France,FRA,1993,100
France,FRA,1994,100
France,FRA,1995,100
France,FRA,1996,100
France,FRA,1997,100
France,FRA,1998,100
France,FRA,1999,100
France,FRA,2000,100
France,FRA,2001,100
France,FRA,2002,100
France,FRA,2003,100
France,FRA,2004,100
France,FRA,2005,100
France,FRA,2006,100
France,FRA,2007,100
France,FRA,2008,100
France,FRA,2009,100
France,FRA,2010,100
France,FRA,2011,100
France,FRA,2012,100
France,FRA,2013,100
France,FRA,2014,100
France,FRA,2015,100
France,FRA,2016,100
France,FRA,2017,100
France,FRA,2018,100
France,FRA,2019,100
France,FRA,2020,100
France,FRA,2021,100
France,FRA,2022,100
France,FRA,2023,100
France,FRA,2024,100
French Polynesia,PYF,1990,100
French Polynesia,PYF,1991,100
French Polynesia,PYF,1992,100
French Polynesia,PYF,1993,100
French Polynesia,PYF,1994,100
French Polynesia,PYF,1995,100
French Polynesia,PYF,1996,100
French Polynesia,PYF,1997,100
French Polynesia,PYF,1998,100
French Polynesia,PYF,1999,100
French Polynesia,PYF,2000,100
French Polynesia,PYF,2001,100
French Polynesia,PYF,2002,100
French Polynesia,PYF,2003,100
French Polynesia,PYF,2004,100
French Polynesia,PYF,2005,100
French Polynesia,PYF,2006,100
French Polynesia,PYF,2007,100
French Polynesia,PYF,2008,100
French Polynesia,PYF,2009,100
French Polynesia,PYF,2010,100
French Polynesia,PYF,2011,100
French Polynesia,PYF,2012,100
French Polynesia,PYF,2013,100
French Polynesia,PYF,2014,100
French Polynesia,PYF,2015,100
French Polynesia,PYF,2016,100
French Polynesia,PYF,2017,100
French Polynesia,PYF,2018,100
French Polynesia,PYF,2019,100
French Polynesia,PYF,2020,100
French Polynesia,PYF,2021,100
French Polynesia,PYF,2022,100
French Polynesia,PYF,2023,100
French Polynesia,PYF,2024,100
Gabon,GAB,2000,73.6
Gabon,GAB,2001,77.2
Gabon,GAB,2002,77.8
Gabon,GAB,2003,78.5
Gabon,GAB,2004,79.2
Gabon,GAB,2005,81.6
Gabon,GAB,2006,80.5
Gabon,GAB,2007,81.3
Gabon,GAB,2008,82
Gabon,GAB,2009,82.7
Gabon,GAB,2010,89.3
Gabon,GAB,2011,88.7
Gabon,GAB,2012,89.3
Gabon,GAB,2013,86.4
Gabon,GAB,2014,87.1
Gabon,GAB,2015,87.3
Gabon,GAB,2016,88.1
Gabon,GAB,2017,86.3
Gabon,GAB,2018,89.6
Gabon,GAB,2019,90.3
Gabon,GAB,2020,91.1
Gabon,GAB,2021,91.8
Gabon,GAB,2022,93.5
Gabon,GAB,2023,94.1
Gabon,GAB,2024,95.1
Gambia,GMB,1993,17.7
Gambia,GMB,1994,18.25005
Gambia,GMB,1995,19.921444
Gambia,GMB,1996,21.590118
Gambia,GMB,1997,23.255392
Gambia,GMB,1998,24.916588
Gambia,GMB,1999,26.57294
Gambia,GMB,2000,34.3
Gambia,GMB,2001,29.9
Gambia,GMB,2002,31.5
Gambia,GMB,2003,27.8
Gambia,GMB,2004,34.8
Gambia,GMB,2005,30.5
Gambia,GMB,2006,38.1
Gambia,GMB,2007,39.8
Gambia,GMB,2008,41.5
Gambia,GMB,2009,43.2
Gambia,GMB,2010,46.8
Gambia,GMB,2011,48.3
Gambia,GMB,2012,49.9
Gambia,GMB,2013,51.5
Gambia,GMB,2014,53
Gambia,GMB,2015,54.7
Gambia,GMB,2016,56.4
Gambia,GMB,2017,56.2
Gambia,GMB,2018,60.3
Gambia,GMB,2019,62.1
Gambia,GMB,2020,62.2
Gambia,GMB,2021,63.7
Gambia,GMB,2022,65.4
Gambia,GMB,2023,66.9
Gambia,GMB,2024,69
Georgia,GEO,2000,99.8
Georgia,GEO,2001,99.8
Georgia,GEO,2002,99.9
Georgia,GEO,2003,100
Georgia,GEO,2004,99.9
Georgia,GEO,2005,97.9
Georgia,GEO,2006,100
Georgia,GEO,2007,100
Georgia,GEO,2008,100
Georgia,GEO,2009,100
Georgia,GEO,2010,100
Georgia,GEO,2011,100
Georgia,GEO,2012,100
Georgia,GEO,2013,100
Georgia,GEO,2014,100
Georgia,GEO,2015,100
Georgia,GEO,2016,100
Georgia,GEO,2017,100
Georgia,GEO,2018,99.9
Georgia,GEO,2019,100
Georgia,GEO,2020,100
Georgia,GEO,2021,100
Georgia,GEO,2022,100
Georgia,GEO,2023,100
Georgia,GEO,2024,100
Germany,DEU,1990,100
Germany,DEU,1991,100
Germany,DEU,1992,100
Germany,DEU,1993,100
Germany,DEU,1994,100
Germany,DEU,1995,100
Germany,DEU,1996,100
Germany,DEU,1997,100
Germany,DEU,1998,100
Germany,DEU,1999,100
Germany,DEU,2000,100
Germany,DEU,2001,100
Germany,DEU,2002,100
Germany,DEU,2003,100
Germany,DEU,2004,100
Germany,DEU,2005,100
Germany,DEU,2006,100
Germany,DEU,2007,100
Germany,DEU,2008,100
Germany,DEU,2009,100
Germany,DEU,2010,100
Germany,DEU,2011,100
Germany,DEU,2012,100
Germany,DEU,2013,100
Germany,DEU,2014,100
Germany,DEU,2015,100
Germany,DEU,2016,100
Germany,DEU,2017,100
Germany,DEU,2018,100
Germany,DEU,2019,100
Germany,DEU,2020,100
Germany,DEU,2021,100
Germany,DEU,2022,100
Germany,DEU,2023,100
Germany,DEU,2024,100
Ghana,GHA,1993,30.6
Ghana,GHA,1994,30.369406
Ghana,GHA,1995,32.45045
Ghana,GHA,1996,34.52877
Ghana,GHA,1997,36.603695
Ghana,GHA,1998,42.6
Ghana,GHA,1999,40.74054
Ghana,GHA,2000,43.7
Ghana,GHA,2001,44.8
Ghana,GHA,2002,46.8
Ghana,GHA,2003,48.3
Ghana,GHA,2004,50.8
Ghana,GHA,2005,41.2
Ghana,GHA,2006,55.1
Ghana,GHA,2007,56.9
Ghana,GHA,2008,60.5
Ghana,GHA,2009,61.1
Ghana,GHA,2010,64.2
Ghana,GHA,2011,64.1
Ghana,GHA,2012,56.5
Ghana,GHA,2013,70.7
Ghana,GHA,2014,78.3
Ghana,GHA,2015,74
Ghana,GHA,2016,79.3
Ghana,GHA,2017,79
Ghana,GHA,2018,80.4
Ghana,GHA,2019,83.5
Ghana,GHA,2020,85.4
Ghana,GHA,2021,86.3
Ghana,GHA,2022,85.1
Ghana,GHA,2023,89.5
Ghana,GHA,2024,91.9
Gibraltar,GIB,1990,100
Gibraltar,GIB,1991,100
Gibraltar,GIB,1992,100
Gibraltar,GIB,1993,100
Gibraltar,GIB,1994,100
Gibraltar,GIB,1995,100
Gibraltar,GIB,1996,100
Gibraltar,GIB,1997,100
Gibraltar,GIB,1998,100
Gibraltar,GIB,1999,100
Gibraltar,GIB,2000,99.9
Gibraltar,GIB,2001,99.9
Gibraltar,GIB,2002,99.8
Gibraltar,GIB,2003,99.8
Gibraltar,GIB,2004,99.7
Gibraltar,GIB,2005,99.7
Gibraltar,GIB,2006,99.7
Gibraltar,GIB,2007,99.7
Gibraltar,GIB,2008,99.7
Gibraltar,GIB,2009,100
Gibraltar,GIB,2010,100
Gibraltar,GIB,2011,99.8
Gibraltar,GIB,2012,99.9
Gibraltar,GIB,2013,99.9
Gibraltar,GIB,2014,99.9
Gibraltar,GIB,2015,100
Gibraltar,GIB,2016,100
Gibraltar,GIB,2017,100
Gibraltar,GIB,2018,100
Gibraltar,GIB,2019,100
Gibraltar,GIB,2020,100
Gibraltar,GIB,2021,100
Gibraltar,GIB,2022,100
Gibraltar,GIB,2023,100
Gibraltar,GIB,2024,100
Greece,GRC,1990,100
Greece,GRC,1991,100
Greece,GRC,1992,100
Greece,GRC,1993,100
Greece,GRC,1994,100
Greece,GRC,1995,100
Greece,GRC,1996,100
Greece,GRC,1997,100
Greece,GRC,1998,100
Greece,GRC,1999,100
Greece,GRC,2000,100
Greece,GRC,2001,100
Greece,GRC,2002,100
Greece,GRC,2003,100
Greece,GRC,2004,100
Greece,GRC,2005,100
Greece,GRC,2006,100
Greece,GRC,2007,100
Greece,GRC,2008,100
Greece,GRC,2009,100
Greece,GRC,2010,100
Greece,GRC,2011,100
Greece,GRC,2012,100
Greece,GRC,2013,100
Greece,GRC,2014,100
Greece,GRC,2015,100
Greece,GRC,2016,100
Greece,GRC,2017,100
Greece,GRC,2018,100
Greece,GRC,2019,100
Greece,GRC,2020,100
Greece,GRC,2021,100
Greece,GRC,2022,100
Greece,GRC,2023,100
Greece,GRC,2024,100
Greenland,GRL,1990,100
Greenland,GRL,1991,100
Greenland,GRL,1992,100
Greenland,GRL,1993,100
Greenland,GRL,1994,100
Greenland,GRL,1995,100
Greenland,GRL,1996,100
Greenland,GRL,1997,100
Greenland,GRL,1998,100
Greenland,GRL,1999,100
Greenland,GRL,2000,100
Greenland,GRL,2001,100
Greenland,GRL,2002,100
Greenland,GRL,2003,100
Greenland,GRL,2004,100
Greenland,GRL,2005,100
Greenland,GRL,2006,100
Greenland,GRL,2007,100
Greenland,GRL,2008,100
Greenland,GRL,2009,100
Greenland,GRL,2010,100
Greenland,GRL,2011,100
Greenland,GRL,2012,100
Greenland,GRL,2013,100
Greenland,GRL,2014,100
Greenland,GRL,2015,100
Greenland,GRL,2016,100
Greenland,GRL,2017,100
Greenland,GRL,2018,100
Greenland,GRL,2019,100
Greenland,GRL,2020,100
Greenland,GRL,2021,100
Greenland,GRL,2022,100
Greenland,GRL,2023,100
Greenland,GRL,2024,100
Grenada,GRD,1998,85.04
Grenada,GRD,1999,85.529465
Grenada,GRD,2000,86
Grenada,GRD,2001,86.3
Grenada,GRD,2002,86.6
Grenada,GRD,2003,86.9
Grenada,GRD,2004,87.2
Grenada,GRD,2005,87.5
Grenada,GRD,2006,87.9
Grenada,GRD,2007,88.2
Grenada,GRD,2008,90
Grenada,GRD,2009,89
Grenada,GRD,2010,89.4
Grenada,GRD,2011,88.8
Grenada,GRD,2012,90.2
Grenada,GRD,2013,90.6
Grenada,GRD,2014,91
Grenada,GRD,2015,91.4
Grenada,GRD,2016,91.8
Grenada,GRD,2017,92.2
Grenada,GRD,2018,92.3
Grenada,GRD,2019,93
Grenada,GRD,2020,93.4
Grenada,GRD,2021,93.7
Grenada,GRD,2022,94.2
Grenada,GRD,2023,94.4
Grenada,GRD,2024,95.6
Guam,GUM,1990,99.84431
Guam,GUM,1991,99.87582
Guam,GUM,1992,99.90687
Guam,GUM,1993,99.937256
Guam,GUM,1994,99.96508
Guam,GUM,1995,100
Guam,GUM,1996,100
Guam,GUM,1997,100
Guam,GUM,1998,100
Guam,GUM,1999,100
Guam,GUM,2000,100
Guam,GUM,2001,100
Guam,GUM,2002,100
Guam,GUM,2003,100
Guam,GUM,2004,100
Guam,GUM,2005,100
Guam,GUM,2006,100
Guam,GUM,2007,100
Guam,GUM,2008,100
Guam,GUM,2009,100
Guam,GUM,2010,100
Guam,GUM,2011,100
Guam,GUM,2012,100
Guam,GUM,2013,100
Guam,GUM,2014,100
Guam,GUM,2015,100
Guam,GUM,2016,100
Guam,GUM,2017,100
Guam,GUM,2018,100
Guam,GUM,2019,100
Guam,GUM,2020,100
Guam,GUM,2021,100
Guam,GUM,2022,100
Guam,GUM,2023,100
Guam,GUM,2024,100
Guatemala,GTM,1995,60.8
Guatemala,GTM,1996,67.67994
Guatemala,GTM,1997,68.904076
Guatemala,GTM,1998,70.12413
Guatemala,GTM,1999,70.9
Guatemala,GTM,2000,73.3
Guatemala,GTM,2001,73.7
Guatemala,GTM,2002,78.7
Guatemala,GTM,2003,78.5
Guatemala,GTM,2004,77.2
Guatemala,GTM,2005,78.3
Guatemala,GTM,2006,83.7
Guatemala,GTM,2007,80.7
Guatemala,GTM,2008,81.9
Guatemala,GTM,2009,83.1
Guatemala,GTM,2010,84.3
Guatemala,GTM,2011,84
Guatemala,GTM,2012,86.8
Guatemala,GTM,2013,88.1
Guatemala,GTM,2014,85.5
Guatemala,GTM,2015,90.5
Guatemala,GTM,2016,91.8
Guatemala,GTM,2017,93.3
Guatemala,GTM,2018,94.2
Guatemala,GTM,2019,95.4
Guatemala,GTM,2020,96.6
Guatemala,GTM,2021,97.9
Guatemala,GTM,2022,99.1
Guatemala,GTM,2023,100
Guatemala,GTM,2024,90.9
Guinea,GIN,1999,16.4
Guinea,GIN,2000,15.2
Guinea,GIN,2001,16.4
Guinea,GIN,2002,17.7
Guinea,GIN,2003,18.9
Guinea,GIN,2004,20.2
Guinea,GIN,2005,20.2
Guinea,GIN,2006,22.8
Guinea,GIN,2007,24.1
Guinea,GIN,2008,25.4
Guinea,GIN,2009,26.7
Guinea,GIN,2010,28.1
Guinea,GIN,2011,29.5
Guinea,GIN,2012,26.2
Guinea,GIN,2013,32.2
Guinea,GIN,2014,33.5
Guinea,GIN,2015,34.9
Guinea,GIN,2016,33.5
Guinea,GIN,2017,35.4
Guinea,GIN,2018,45
Guinea,GIN,2019,42.2
Guinea,GIN,2020,44.7
Guinea,GIN,2021,46.8
Guinea,GIN,2022,47.7
Guinea,GIN,2023,51.1
Guinea,GIN,2024,53.8
Guinea-Bissau,GNB,2002,1.3
Guinea-Bissau,GNB,2003,2.6
Guinea-Bissau,GNB,2004,3.9
Guinea-Bissau,GNB,2005,5.2
Guinea-Bissau,GNB,2006,14.5
Guinea-Bissau,GNB,2007,7.9
Guinea-Bissau,GNB,2008,9.3
Guinea-Bissau,GNB,2009,4.7
Guinea-Bissau,GNB,2010,6
Guinea-Bissau,GNB,2011,13.5
Guinea-Bissau,GNB,2012,14.9
Guinea-Bissau,GNB,2013,16.3
Guinea-Bissau,GNB,2014,17.2
Guinea-Bissau,GNB,2015,20.1
Guinea-Bissau,GNB,2016,22.9
Guinea-Bissau,GNB,2017,26
Guinea-Bissau,GNB,2018,28.4
Guinea-Bissau,GNB,2019,30.9
Guinea-Bissau,GNB,2020,33.4
Guinea-Bissau,GNB,2021,35.8
Guinea-Bissau,GNB,2022,37.4
Guinea-Bissau,GNB,2023,40.5
Guinea-Bissau,GNB,2024,43.7
Guyana,GUY,1993,72.37663
Guyana,GUY,1994,70.71398
Guyana,GUY,1995,71.35198
Guyana,GUY,1996,71.98727
Guyana,GUY,1997,72.619156
Guyana,GUY,1998,73.246956
Guyana,GUY,1999,73.86992
Guyana,GUY,2000,74.6
Guyana,GUY,2001,75.1
Guyana,GUY,2002,75.7
Guyana,GUY,2003,76.2
Guyana,GUY,2004,76.8
Guyana,GUY,2005,77.5
Guyana,GUY,2006,73.4
Guyana,GUY,2007,78.5
Guyana,GUY,2008,79.1
Guyana,GUY,2009,77.6
Guyana,GUY,2010,83.3
Guyana,GUY,2011,84.2
Guyana,GUY,2012,85.1
Guyana,GUY,2013,86
Guyana,GUY,2014,86.9
Guyana,GUY,2015,88
Guyana,GUY,2016,89
Guyana,GUY,2017,90
Guyana,GUY,2018,90.9
Guyana,GUY,2019,91.6
Guyana,GUY,2020,92.3
Guyana,GUY,2021,92.9
Guyana,GUY,2022,93
Guyana,GUY,2023,98.9
Guyana,GUY,2024,93
Haiti,HTI,1995,31.3
Haiti,HTI,1996,30.013018
Haiti,HTI,1997,30.557037
Haiti,HTI,1998,31.096975
Haiti,HTI,1999,31.632072
Haiti,HTI,2000,33.7
Haiti,HTI,2001,31.5
Haiti,HTI,2002,33.1
Haiti,HTI,2003,31.6
Haiti,HTI,2004,34.1
Haiti,HTI,2005,34.5
Haiti,HTI,2006,33.9
Haiti,HTI,2007,35.5
Haiti,HTI,2008,36.1
Haiti,HTI,2009,36.6
Haiti,HTI,2010,37.2
Haiti,HTI,2011,37.8
Haiti,HTI,2012,37.9
Haiti,HTI,2013,38.9
Haiti,HTI,2014,39.6
Haiti,HTI,2015,40.8
Haiti,HTI,2016,40.4
Haiti,HTI,2017,43.3
Haiti,HTI,2018,44.4
Haiti,HTI,2019,45.4
Haiti,HTI,2020,46.3
Haiti,HTI,2021,47.2
Haiti,HTI,2022,49.3
Haiti,HTI,2023,51.3
Haiti,HTI,2024,53.9
High-income countries,OWID_HIC,1990,99.84105
High-income countries,OWID_HIC,1991,99.87714
High-income countries,OWID_HIC,1992,99.86622
High-income countries,OWID_HIC,1993,99.85919
High-income countries,OWID_HIC,1994,99.86233
High-income countries,OWID_HIC,1995,99.86734
High-income countries,OWID_HIC,1996,99.864555
High-income countries,OWID_HIC,1997,99.87644
High-income countries,OWID_HIC,1998,99.89074
High-income countries,OWID_HIC,1999,99.88576
High-income countries,OWID_HIC,2000,99.44164
High-income countries,OWID_HIC,2001,99.466446
High-income countries,OWID_HIC,2002,99.48633
High-income countries,OWID_HIC,2003,99.52843
High-income countries,OWID_HIC,2004,99.523186
High-income countries,OWID_HIC,2005,99.53323
High-income countries,OWID_HIC,2006,99.58443
High-income countries,OWID_HIC,2007,99.594444
High-income countries,OWID_HIC,2008,99.62511
High-income countries,OWID_HIC,2009,99.67244
High-income countries,OWID_HIC,2010,99.78157
High-income countries,OWID_HIC,2011,99.784424
High-income countries,OWID_HIC,2012,99.89514
High-income countries,OWID_HIC,2013,99.898735
High-income countries,OWID_HIC,2014,99.917206
High-income countries,OWID_HIC,2015,99.44125
High-income countries,OWID_HIC,2016,99.87494
High-income countries,OWID_HIC,2017,99.959724
High-income countries,OWID_HIC,2018,99.96265
High-income countries,OWID_HIC,2019,99.94961
High-income countries,OWID_HIC,2020,99.96831
High-income countries,OWID_HIC,2021,99.97989
High-income countries,OWID_HIC,2022,99.9798
High-income countries,OWID_HIC,2023,99.9884
High-income countries,OWID_HIC,2024,99.967964
Honduras,HND,1991,54.781937
Honduras,HND,1992,58.913113
Honduras,HND,1993,61.100155
Honduras,HND,1994,64.73395
Honduras,HND,1995,66.122025
Honduras,HND,1996,61.68112
Honduras,HND,1997,64.794754
Honduras,HND,1998,66.85952
Honduras,HND,1999,67.394104
Honduras,HND,2000,67.4
Honduras,HND,2001,64.2
Honduras,HND,2002,63.1
Honduras,HND,2003,65.1
Honduras,HND,2004,67.1
Honduras,HND,2005,68.9
Honduras,HND,2006,71.3
Honduras,HND,2007,73.5
Honduras,HND,2008,76.4
Honduras,HND,2009,78.3
Honduras,HND,2010,81
Honduras,HND,2011,82.2
Honduras,HND,2012,83.6
Honduras,HND,2013,87.2
Honduras,HND,2014,88.7
Honduras,HND,2015,90
Honduras,HND,2016,91.6
Honduras,HND,2017,86.5
Honduras,HND,2018,91.6
Honduras,HND,2019,91.1
Honduras,HND,2020,93.1
Honduras,HND,2021,94.1
Honduras,HND,2022,94.4
Honduras,HND,2023,95.6
Honduras,HND,2024,95.5
Hong Kong,HKG,1990,100
Hong Kong,HKG,1991,100
Hong Kong,HKG,1992,100
Hong Kong,HKG,1993,100
Hong Kong,HKG,1994,100
Hong Kong,HKG,1995,100
Hong Kong,HKG,1996,100
Hong Kong,HKG,1997,100
Hong Kong,HKG,1998,100
Hong Kong,HKG,1999,100
Hong Kong,HKG,2000,100
Hong Kong,HKG,2001,100
Hong Kong,HKG,2002,100
Hong Kong,HKG,2003,100
Hong Kong,HKG,2004,100
Hong Kong,HKG,2005,100
Hong Kong,HKG,2006,100
Hong Kong,HKG,2007,100
Hong Kong,HKG,2008,100
Hong Kong,HKG,2009,100
Hong Kong,HKG,2010,100
Hong Kong,HKG,2011,100
Hong Kong,HKG,2012,100
Hong Kong,HKG,2013,100
Hong Kong,HKG,2014,100
Hong Kong,HKG,2015,100
Hong Kong,HKG,2016,100
Hong Kong,HKG,2017,100
Hong Kong,HKG,2018,100
Hong Kong,HKG,2019,100
Hong Kong,HKG,2020,100
Hong Kong,HKG,2021,100
Hong Kong,HKG,2022,100
Hong Kong,HKG,2023,100
Hong Kong,HKG,2024,100
Hungary,HUN,1990,100
Hungary,HUN,1991,100
Hungary,HUN,1992,100
Hungary,HUN,1993,100
Hungary,HUN,1994,100
Hungary,HUN,1995,100
Hungary,HUN,1996,100
Hungary,HUN,1997,100
Hungary,HUN,1998,100
Hungary,HUN,1999,100
Hungary,HUN,2000,100
Hungary,HUN,2001,100
Hungary,HUN,2002,100
Hungary,HUN,2003,100
Hungary,HUN,2004,100
Hungary,HUN,2005,99.9
Hungary,HUN,2006,99.9
Hungary,HUN,2007,100
Hungary,HUN,2008,100
Hungary,HUN,2009,100
Hungary,HUN,2010,100
Hungary,HUN,2011,100
Hungary,HUN,2012,100
Hungary,HUN,2013,100
Hungary,HUN,2014,100
Hungary,HUN,2015,100
Hungary,HUN,2016,100
Hungary,HUN,2017,100
Hungary,HUN,2018,100
Hungary,HUN,2019,100
Hungary,HUN,2020,100
Hungary,HUN,2021,100
Hungary,HUN,2022,100
Hungary,HUN,2023,100
Hungary,HUN,2024,100
Iceland,ISL,1990,100
Iceland,ISL,1991,100
Iceland,ISL,1992,100
Iceland,ISL,1993,100
Iceland,ISL,1994,100
Iceland,ISL,1995,100
Iceland,ISL,1996,100
Iceland,ISL,1997,100
Iceland,ISL,1998,100
Iceland,ISL,1999,100
Iceland,ISL,2000,100
Iceland,ISL,2001,100
Iceland,ISL,2002,100
Iceland,ISL,2003,100
Iceland,ISL,2004,100
Iceland,ISL,2005,100
Iceland,ISL,2006,100
Iceland,ISL,2007,100
Iceland,ISL,2008,100
Iceland,ISL,2009,100
Iceland,ISL,2010,100
Iceland,ISL,2011,100
Iceland,ISL,2012,100
Iceland,ISL,2013,100
Iceland,ISL,2014,100
Iceland,ISL,2015,100
Iceland,ISL,2016,100
Iceland,ISL,2017,100
Iceland,ISL,2018,100
Iceland,ISL,2019,100
Iceland,ISL,2020,100
Iceland,ISL,2021,100
Iceland,ISL,2022,100
Iceland,ISL,2023,100
Iceland,ISL,2024,100
India,IND,1993,50.9
India,IND,1994,49.81131
India,IND,1995,51.408775
India,IND,1996,53.00352
India,IND,1997,54.594864
India,IND,1998,56.182133
India,IND,1999,60.1
India,IND,2000,60.3
India,IND,2001,62
India,IND,2002,62.3
India,IND,2003,65.4
India,IND,2004,64.4
India,IND,2005,68.8
India,IND,2006,67.9
India,IND,2007,72.3
India,IND,2008,74.1
India,IND,2009,75
India,IND,2010,76.3
India,IND,2011,79.5
India,IND,2012,79.9
India,IND,2013,83.1
India,IND,2014,85.1
India,IND,2015,88
India,IND,2016,89.6
India,IND,2017,91.8
India,IND,2018,95.7
India,IND,2019,95.9
India,IND,2020,96.5
India,IND,2021,99.6
India,IND,2022,99.2
India,IND,2023,99.5
India,IND,2024,99.9
Indonesia,IDN,1991,48.9
Indonesia,IDN,1992,66.69656
Indonesia,IDN,1993,55.43
Indonesia,IDN,1994,62.8
Indonesia,IDN,1995,66.86
Indonesia,IDN,1996,72.39
Indonesia,IDN,1997,80.3
Indonesia,IDN,1998,80.94
Indonesia,IDN,1999,83.73
Indonesia,IDN,2000,86.3
Indonesia,IDN,2001,86.3
Indonesia,IDN,2002,87.6
Indonesia,IDN,2003,87.9
Indonesia,IDN,2004,89
Indonesia,IDN,2005,84.8
Indonesia,IDN,2006,90.6
Indonesia,IDN,2007,91.1
Indonesia,IDN,2008,92.7
Indonesia,IDN,2009,93.6
Indonesia,IDN,2010,94.2
Indonesia,IDN,2011,94.8
Indonesia,IDN,2012,96
Indonesia,IDN,2013,96.5
Indonesia,IDN,2014,97
Indonesia,IDN,2015,97.5
Indonesia,IDN,2016,97.6
Indonesia,IDN,2017,98.1
Indonesia,IDN,2018,98.5
Indonesia,IDN,2019,98.8
Indonesia,IDN,2020,97
Indonesia,IDN,2021,99.2
Indonesia,IDN,2022,100
Indonesia,IDN,2023,99.4
Indonesia,IDN,2024,99.9
Iran,IRN,2000,97.9
Iran,IRN,2001,98.1
Iran,IRN,2002,98.1
Iran,IRN,2003,98.2
Iran,IRN,2004,98.3
Iran,IRN,2005,98.4
Iran,IRN,2006,98.4
Iran,IRN,2007,98.7
Iran,IRN,2008,98.8
Iran,IRN,2009,99.7
Iran,IRN,2010,99.4
Iran,IRN,2011,99.5
Iran,IRN,2012,99.5
Iran,IRN,2013,99.8
Iran,IRN,2014,100
Iran,IRN,2015,100
Iran,IRN,2016,100
Iran,IRN,2017,99.9
Iran,IRN,2018,100
Iran,IRN,2019,100
Iran,IRN,2020,100
Iran,IRN,2021,100
Iran,IRN,2022,100
Iran,IRN,2023,100
Iran,IRN,2024,100
Iraq,IRQ,2000,96.8
Iraq,IRQ,2001,96.9
Iraq,IRQ,2002,97.1
Iraq,IRQ,2003,97.2
Iraq,IRQ,2004,97.3
Iraq,IRQ,2005,97.4
Iraq,IRQ,2006,97.6
Iraq,IRQ,2007,98.1
Iraq,IRQ,2008,97.9
Iraq,IRQ,2009,98.1
Iraq,IRQ,2010,98.4
Iraq,IRQ,2011,98
Iraq,IRQ,2012,99.3
Iraq,IRQ,2013,99
Iraq,IRQ,2014,99.2
Iraq,IRQ,2015,99.4
Iraq,IRQ,2016,99.7
Iraq,IRQ,2017,99.9
Iraq,IRQ,2018,99.9
Iraq,IRQ,2019,100
Iraq,IRQ,2020,100
Iraq,IRQ,2021,100
Iraq,IRQ,2022,100
Iraq,IRQ,2023,100
Iraq,IRQ,2024,100
Ireland,IRL,1990,100
Ireland,IRL,1991,100
Ireland,IRL,1992,100
Ireland,IRL,1993,100
Ireland,IRL,1994,100
Ireland,IRL,1995,100
Ireland,IRL,1996,100
Ireland,IRL,1997,100
Ireland,IRL,1998,100
Ireland,IRL,1999,100
Ireland,IRL,2000,100
Ireland,IRL,2001,100
Ireland,IRL,2002,100
Ireland,IRL,2003,100
Ireland,IRL,2004,100
Ireland,IRL,2005,100
Ireland,IRL,2006,100
Ireland,IRL,2007,100
Ireland,IRL,2008,100
Ireland,IRL,2009,100
Ireland,IRL,2010,100
Ireland,IRL,2011,100
Ireland,IRL,2012,100
Ireland,IRL,2013,100
Ireland,IRL,2014,100
Ireland,IRL,2015,100
Ireland,IRL,2016,100
Ireland,IRL,2017,100
Ireland,IRL,2018,100
Ireland,IRL,2019,100
Ireland,IRL,2020,100
Ireland,IRL,2021,100
Ireland,IRL,2022,100
Ireland,IRL,2023,100
Ireland,IRL,2024,100
Isle of Man,IMN,1990,100
Isle of Man,IMN,1991,100
Isle of Man,IMN,1992,100
Isle of Man,IMN,1993,100
Isle of Man,IMN,1994,100
Isle of Man,IMN,1995,100
Isle of Man,IMN,1996,100
Isle of Man,IMN,1997,100
Isle of Man,IMN,1998,100
Isle of Man,IMN,1999,100
Isle of Man,IMN,2000,100
Isle of Man,IMN,2001,100
Isle of Man,IMN,2002,100
Isle of Man,IMN,2003,100
Isle of Man,IMN,2004,100
Isle of Man,IMN,2005,100
Isle of Man,IMN,2006,100
Isle of Man,IMN,2007,100
Isle of Man,IMN,2008,100
Isle of Man,IMN,2009,100
Isle of Man,IMN,2010,100
Isle of Man,IMN,2011,100
Isle of Man,IMN,2012,100
Isle of Man,IMN,2013,100
Isle of Man,IMN,2014,100
Isle of Man,IMN,2015,100
Isle of Man,IMN,2016,100
Isle of Man,IMN,2017,100
Isle of Man,IMN,2018,100
Isle of Man,IMN,2019,100
Isle of Man,IMN,2020,100
Isle of Man,IMN,2021,100
Isle of Man,IMN,2022,100
Isle of Man,IMN,2023,100
Isle of Man,IMN,2024,100
Israel,ISR,1990,100
Israel,ISR,1991,100
Israel,ISR,1992,100
Israel,ISR,1993,100
Israel,ISR,1994,100
Israel,ISR,1995,100
Israel,ISR,1996,100
Israel,ISR,1997,100
Israel,ISR,1998,100
Israel,ISR,1999,100
Israel,ISR,2000,100
Israel,ISR,2001,100
Israel,ISR,2002,100
Israel,ISR,2003,100
Israel,ISR,2004,100
Israel,ISR,2005,100
Israel,ISR,2006,100
Israel,ISR,2007,100
Israel,ISR,2008,100
Israel,ISR,2009,100
Israel,ISR,2010,100
Israel,ISR,2011,100
Israel,ISR,2012,100
Israel,ISR,2013,100
Israel,ISR,2014,100
Israel,ISR,2015,100
Israel,ISR,2016,100
Israel,ISR,2017,100
Israel,ISR,2018,100
Israel,ISR,2019,100
Israel,ISR,2020,100
Israel,ISR,2021,100
Israel,ISR,2022,100
Israel,ISR,2023,100
Israel,ISR,2024,100
Italy,ITA,1990,100
Italy,ITA,1991,100
Italy,ITA,1992,100
Italy,ITA,1993,100
Italy,ITA,1994,100
Italy,ITA,1995,100
Italy,ITA,1996,100
Italy,ITA,1997,100
Italy,ITA,1998,100
Italy,ITA,1999,100
Italy,ITA,2000,100
Italy,ITA,2001,100
Italy,ITA,2002,100
Italy,ITA,2003,100
Italy,ITA,2004,100
Italy,ITA,2005,100
Italy,ITA,2006,100
Italy,ITA,2007,100
Italy,ITA,2008,100
Italy,ITA,2009,100
Italy,ITA,2010,100
Italy,ITA,2011,100
Italy,ITA,2012,100
Italy,ITA,2013,100
Italy,ITA,2014,100
Italy,ITA,2015,100
Italy,ITA,2016,100
Italy,ITA,2017,100
Italy,ITA,2018,100
Italy,ITA,2019,100
Italy,ITA,2020,100
Italy,ITA,2021,100
Italy,ITA,2022,100
Italy,ITA,2023,100
Italy,ITA,2024,100
Jamaica,JAM,1990,70.33459
Jamaica,JAM,1991,77.22887
Jamaica,JAM,1992,78.03292
Jamaica,JAM,1993,78.836296
Jamaica,JAM,1994,79.63831
Jamaica,JAM,1995,80.43829
Jamaica,JAM,1996,85.70605
Jamaica,JAM,1997,82.0294
Jamaica,JAM,1998,82.819176
Jamaica,JAM,1999,84.554115
Jamaica,JAM,2000,84.4
Jamaica,JAM,2001,87.7
Jamaica,JAM,2002,86.7
Jamaica,JAM,2003,86.5
Jamaica,JAM,2004,87.2
Jamaica,JAM,2005,88
Jamaica,JAM,2006,88.7
Jamaica,JAM,2007,89.4
Jamaica,JAM,2008,92
Jamaica,JAM,2009,91
Jamaica,JAM,2010,92.2
Jamaica,JAM,2011,91.1
Jamaica,JAM,2012,93.1
Jamaica,JAM,2013,93.9
Jamaica,JAM,2014,93.3
Jamaica,JAM,2015,94.9
Jamaica,JAM,2016,96.6
Jamaica,JAM,2017,97.4
Jamaica,JAM,2018,98.2
Jamaica,JAM,2019,98.9
Jamaica,JAM,2020,99.7
Jamaica,JAM,2021,100
Jamaica,JAM,2022,100
Jamaica,JAM,2023,97.7
Jamaica,JAM,2024,97.7
Japan,JPN,1990,100
Japan,JPN,1991,100
Japan,JPN,1992,100
Japan,JPN,1993,100
Japan,JPN,1994,100
Japan,JPN,1995,100
Japan,JPN,1996,100
Japan,JPN,1997,100
Japan,JPN,1998,100
Japan,JPN,1999,100
Japan,JPN,2000,100
Japan,JPN,2001,100
Japan,JPN,2002,100
Japan,JPN,2003,100
Japan,JPN,2004,100
Japan,JPN,2005,100
Japan,JPN,2006,100
Japan,JPN,2007,100
Japan,JPN,2008,100
Japan,JPN,2009,100
Japan,JPN,2010,100
Japan,JPN,2011,100
Japan,JPN,2012,100
Japan,JPN,2013,100
Japan,JPN,2014,100
Japan,JPN,2015,100
Japan,JPN,2016,100
Japan,JPN,2017,100
Japan,JPN,2018,100
Japan,JPN,2019,100
Japan,JPN,2020,100
Japan,JPN,2021,100
Japan,JPN,2022,100
Japan,JPN,2023,100
Japan,JPN,2024,100
Jordan,JOR,1990,96.8
Jordan,JOR,1991,97.85468
Jordan,JOR,1992,97.97486
Jordan,JOR,1993,98.09436
Jordan,JOR,1994,98.2125
Jordan,JOR,1995,98.3286
Jordan,JOR,1996,98.44198
Jordan,JOR,1997,98.9
Jordan,JOR,1998,98.65785
Jordan,JOR,1999,98.75891
Jordan,JOR,2000,99
Jordan,JOR,2001,99
Jordan,JOR,2002,99.5
Jordan,JOR,2003,99
Jordan,JOR,2004,99.2
Jordan,JOR,2005,99
Jordan,JOR,2006,100
Jordan,JOR,2007,98.8
Jordan,JOR,2008,100
Jordan,JOR,2009,99.4
Jordan,JOR,2010,100
Jordan,JOR,2011,99.6
Jordan,JOR,2012,99.5
Jordan,JOR,2013,99.7
Jordan,JOR,2014,99.8
Jordan,JOR,2015,99.9
Jordan,JOR,2016,100
Jordan,JOR,2017,100
Jordan,JOR,2018,99.9
Jordan,JOR,2019,99.9
Jordan,JOR,2020,99.9
Jordan,JOR,2021,99.9
Jordan,JOR,2022,100
Jordan,JOR,2023,100
Jordan,JOR,2024,100
Kazakhstan,KAZ,1995,99.9
Kazakhstan,KAZ,1996,99.192116
Kazakhstan,KAZ,1997,99.26947
Kazakhstan,KAZ,1998,99.34275
Kazakhstan,KAZ,1999,97
Kazakhstan,KAZ,2000,99.6
Kazakhstan,KAZ,2001,99.7
Kazakhstan,KAZ,2002,99.8
Kazakhstan,KAZ,2003,99.9
Kazakhstan,KAZ,2004,100
Kazakhstan,KAZ,2005,100
Kazakhstan,KAZ,2006,99.8
Kazakhstan,KAZ,2007,100
Kazakhstan,KAZ,2008,100
Kazakhstan,KAZ,2009,100
Kazakhstan,KAZ,2010,100
Kazakhstan,KAZ,2011,99.8
Kazakhstan,KAZ,2012,100
Kazakhstan,KAZ,2013,100
Kazakhstan,KAZ,2014,100
Kazakhstan,KAZ,2015,100
Kazakhstan,KAZ,2016,100
Kazakhstan,KAZ,2017,100
Kazakhstan,KAZ,2018,100
Kazakhstan,KAZ,2019,100
Kazakhstan,KAZ,2020,100
Kazakhstan,KAZ,2021,100
Kazakhstan,KAZ,2022,100
Kazakhstan,KAZ,2023,100
Kazakhstan,KAZ,2024,100
Kenya,KEN,1993,10.9
Kenya,KEN,1994,3.4734368
Kenya,KEN,1995,5.4273434
Kenya,KEN,1996,7.3785305
Kenya,KEN,1997,9.326318
Kenya,KEN,1998,14.5
Kenya,KEN,1999,13.208892
Kenya,KEN,2000,15.2
Kenya,KEN,2001,17
Kenya,KEN,2002,18.9
Kenya,KEN,2003,16
Kenya,KEN,2004,22.6
Kenya,KEN,2005,24.5
Kenya,KEN,2006,26.4
Kenya,KEN,2007,28.3
Kenya,KEN,2008,30.3
Kenya,KEN,2009,23
Kenya,KEN,2010,19.2
Kenya,KEN,2011,36.2
Kenya,KEN,2012,38.1
Kenya,KEN,2013,40.1
Kenya,KEN,2014,36
Kenya,KEN,2015,41.6
Kenya,KEN,2016,53.1
Kenya,KEN,2017,55.8
Kenya,KEN,2018,61.2
Kenya,KEN,2019,69.7
Kenya,KEN,2020,71.5
Kenya,KEN,2021,76.5
Kenya,KEN,2022,76
Kenya,KEN,2023,76.2
Kenya,KEN,2024,77
Kiribati,KIR,2000,55.6
Kiribati,KIR,2001,57.3
Kiribati,KIR,2002,59
Kiribati,KIR,2003,60.7
Kiribati,KIR,2004,62.4
Kiribati,KIR,2005,69.7
Kiribati,KIR,2006,68.8
Kiribati,KIR,2007,67.7
Kiribati,KIR,2008,69.4
Kiribati,KIR,2009,64.2
Kiribati,KIR,2010,63.2
Kiribati,KIR,2011,74.9
Kiribati,KIR,2012,76.7
Kiribati,KIR,2013,78.8
Kiribati,KIR,2014,83.4
Kiribati,KIR,2015,90.6
Kiribati,KIR,2016,92.6
Kiribati,KIR,2017,85.7
Kiribati,KIR,2018,87.5
Kiribati,KIR,2019,89.3
Kiribati,KIR,2020,91
Kiribati,KIR,2021,92.8
Kiribati,KIR,2022,94.4
Kiribati,KIR,2023,95.9
Kiribati,KIR,2024,97.7
Kosovo,OWID_KOS,1990,100
Kosovo,OWID_KOS,1991,100
Kosovo,OWID_KOS,1992,100
Kosovo,OWID_KOS,1993,100
Kosovo,OWID_KOS,1994,100
Kosovo,OWID_KOS,1995,100
Kosovo,OWID_KOS,1996,100
Kosovo,OWID_KOS,1997,100
Kosovo,OWID_KOS,1998,100
Kosovo,OWID_KOS,1999,100
Kuwait,KWT,1990,100
Kuwait,KWT,1991,100
Kuwait,KWT,1992,100
Kuwait,KWT,1993,100
Kuwait,KWT,1994,100
Kuwait,KWT,1995,100
Kuwait,KWT,1996,100
Kuwait,KWT,1997,100
Kuwait,KWT,1998,100
Kuwait,KWT,1999,100
Kuwait,KWT,2000,100
Kuwait,KWT,2001,100
Kuwait,KWT,2002,100
Kuwait,KWT,2003,100
Kuwait,KWT,2004,100
Kuwait,KWT,2005,100
Kuwait,KWT,2006,100
Kuwait,KWT,2007,100
Kuwait,KWT,2008,100
Kuwait,KWT,2009,100
Kuwait,KWT,2010,100
Kuwait,KWT,2011,100
Kuwait,KWT,2012,100
Kuwait,KWT,2013,100
Kuwait,KWT,2014,100
Kuwait,KWT,2015,100
Kuwait,KWT,2016,100
Kuwait,KWT,2017,100
Kuwait,KWT,2018,100
Kuwait,KWT,2019,100
Kuwait,KWT,2020,100
Kuwait,KWT,2021,100
Kuwait,KWT,2022,100
Kuwait,KWT,2023,100
Kuwait,KWT,2024,100
Kyrgyzstan,KGZ,1997,99.8
Kyrgyzstan,KGZ,1998,99.553825
Kyrgyzstan,KGZ,1999,99.56558
Kyrgyzstan,KGZ,2000,99.6
Kyrgyzstan,KGZ,2001,99.5
Kyrgyzstan,KGZ,2002,100
Kyrgyzstan,KGZ,2003,99.4
Kyrgyzstan,KGZ,2004,99.3
Kyrgyzstan,KGZ,2005,99.4
Kyrgyzstan,KGZ,2006,98.9
Kyrgyzstan,KGZ,2007,99.5
Kyrgyzstan,KGZ,2008,99.5
Kyrgyzstan,KGZ,2009,99.5
Kyrgyzstan,KGZ,2010,99
Kyrgyzstan,KGZ,2011,98.3
Kyrgyzstan,KGZ,2012,99.8
Kyrgyzstan,KGZ,2013,98.9
Kyrgyzstan,KGZ,2014,99.8
Kyrgyzstan,KGZ,2015,98.7
Kyrgyzstan,KGZ,2016,99.7
Kyrgyzstan,KGZ,2017,100
Kyrgyzstan,KGZ,2018,100
Kyrgyzstan,KGZ,2019,99.9
Kyrgyzstan,KGZ,2020,99.9
Kyrgyzstan,KGZ,2021,99.7
Kyrgyzstan,KGZ,2022,99.7
Kyrgyzstan,KGZ,2023,100
Kyrgyzstan,KGZ,2024,100
Laos,LAO,1993,31
Laos,LAO,1994,25.605793
Laos,LAO,1995,25
Laos,LAO,1996,31.2477
Laos,LAO,1997,34.063896
Laos,LAO,1998,36.87601
Laos,LAO,1999,39.683285
Laos,LAO,2000,42.6
Laos,LAO,2001,45.3
Laos,LAO,2002,46.3
Laos,LAO,2003,48
Laos,LAO,2004,53.5
Laos,LAO,2005,57.2
Laos,LAO,2006,57
Laos,LAO,2007,55
Laos,LAO,2008,66
Laos,LAO,2009,67.4
Laos,LAO,2010,70.2
Laos,LAO,2011,70
Laos,LAO,2012,76.4
Laos,LAO,2013,79.3
Laos,LAO,2014,82.5
Laos,LAO,2015,89.7
Laos,LAO,2016,89
Laos,LAO,2017,93.6
Laos,LAO,2018,92.9
Laos,LAO,2019,98.4
Laos,LAO,2020,99.3
Laos,LAO,2021,100
Laos,LAO,2022,100
Laos,LAO,2023,96.5
Laos,LAO,2024,96.5
Latin America and Caribbean (WB),WB_LAC,1992,88.73448
Latin America and Caribbean (WB),WB_LAC,1993,89.34345
Latin America and Caribbean (WB),WB_LAC,1994,90.24101
Latin America and Caribbean (WB),WB_LAC,1995,88.62126
Latin America and Caribbean (WB),WB_LAC,1996,89.57627
Latin America and Caribbean (WB),WB_LAC,1997,90.0309
Latin America and Caribbean (WB),WB_LAC,1998,90.648254
Latin America and Caribbean (WB),WB_LAC,1999,91.25764
Latin America and Caribbean (WB),WB_LAC,2000,91.736084
Latin America and Caribbean (WB),WB_LAC,2001,92.33255
Latin America and Caribbean (WB),WB_LAC,2002,92.65545
Latin America and Caribbean (WB),WB_LAC,2003,92.73841
Latin America and Caribbean (WB),WB_LAC,2004,93.21914
Latin America and Caribbean (WB),WB_LAC,2005,93.52274
Latin America and Caribbean (WB),WB_LAC,2006,94.25934
Latin America and Caribbean (WB),WB_LAC,2007,94.47654
Latin America and Caribbean (WB),WB_LAC,2008,95.22308
Latin America and Caribbean (WB),WB_LAC,2009,95.42666
Latin America and Caribbean (WB),WB_LAC,2010,95.87839
Latin America and Caribbean (WB),WB_LAC,2011,96.184105
Latin America and Caribbean (WB),WB_LAC,2012,96.56924
Latin America and Caribbean (WB),WB_LAC,2013,96.864685
Latin America and Caribbean (WB),WB_LAC,2014,97.05402
Latin America and Caribbean (WB),WB_LAC,2015,97.28473
Latin America and Caribbean (WB),WB_LAC,2016,97.478386
Latin America and Caribbean (WB),WB_LAC,2017,97.7106
Latin America and Caribbean (WB),WB_LAC,2018,97.756714
Latin America and Caribbean (WB),WB_LAC,2019,97.998215
Latin America and Caribbean (WB),WB_LAC,2020,98.14728
Latin America and Caribbean (WB),WB_LAC,2021,98.27563
Latin America and Caribbean (WB),WB_LAC,2022,98.57888
Latin America and Caribbean (WB),WB_LAC,2023,98.422615
Latin America and Caribbean (WB),WB_LAC,2024,98.04591
Latvia,LVA,1990,100
Latvia,LVA,1991,100
Latvia,LVA,1992,100
Latvia,LVA,1993,100
Latvia,LVA,1994,100
Latvia,LVA,1995,100
Latvia,LVA,1996,100
Latvia,LVA,1997,100
Latvia,LVA,1998,100
Latvia,LVA,1999,100
Latvia,LVA,2000,99.9
Latvia,LVA,2001,99.9
Latvia,LVA,2002,99.8
Latvia,LVA,2003,99.8
Latvia,LVA,2004,99.7
Latvia,LVA,2005,99.7
Latvia,LVA,2006,99.6
Latvia,LVA,2007,99.7
Latvia,LVA,2008,99.7
Latvia,LVA,2009,100
Latvia,LVA,2010,99.8
Latvia,LVA,2011,99.8
Latvia,LVA,2012,100
Latvia,LVA,2013,100
Latvia,LVA,2014,100
Latvia,LVA,2015,100
Latvia,LVA,2016,100
Latvia,LVA,2017,100
Latvia,LVA,2018,100
Latvia,LVA,2019,100
Latvia,LVA,2020,100
Latvia,LVA,2021,100
Latvia,LVA,2022,100
Latvia,LVA,2023,100
Latvia,LVA,2024,100
Lebanon,LBN,2000,99.3
Lebanon,LBN,2001,99.3
Lebanon,LBN,2002,99.3
Lebanon,LBN,2003,99.2
Lebanon,LBN,2004,99.9
Lebanon,LBN,2005,99.2
Lebanon,LBN,2006,99.4
Lebanon,LBN,2007,97.8
Lebanon,LBN,2008,99.9
Lebanon,LBN,2009,99.3
Lebanon,LBN,2010,99.5
Lebanon,LBN,2011,99.7
Lebanon,LBN,2012,99.5
Lebanon,LBN,2013,99.6
Lebanon,LBN,2014,99.7
Lebanon,LBN,2015,99.7
Lebanon,LBN,2016,99.8
Lebanon,LBN,2017,99.9
Lebanon,LBN,2018,99.7
Lebanon,LBN,2019,100
Lebanon,LBN,2020,100
Lebanon,LBN,2021,100
Lebanon,LBN,2022,100
Lebanon,LBN,2023,100
Lebanon,LBN,2024,100
Lesotho,LSO,2000,4.3
Lesotho,LSO,2001,1.3
Lesotho,LSO,2002,3.4
Lesotho,LSO,2003,5.4
Lesotho,LSO,2004,6.8
Lesotho,LSO,2005,9.6
Lesotho,LSO,2006,9.7
Lesotho,LSO,2007,13.9
Lesotho,LSO,2008,16
Lesotho,LSO,2009,17
Lesotho,LSO,2010,17
Lesotho,LSO,2011,22.5
Lesotho,LSO,2012,20.6
Lesotho,LSO,2013,26.9
Lesotho,LSO,2014,27.8
Lesotho,LSO,2015,31.8
Lesotho,LSO,2016,35.1
Lesotho,LSO,2017,33.7
Lesotho,LSO,2018,47
Lesotho,LSO,2019,44.6
Lesotho,LSO,2020,47.5
Lesotho,LSO,2021,50.4
Lesotho,LSO,2022,50
Lesotho,LSO,2023,57.3
Lesotho,LSO,2024,60.6
Liberia,LBR,2007,3
Liberia,LBR,2008,1.3
Liberia,LBR,2009,1.9
Liberia,LBR,2010,5.3
Liberia,LBR,2011,4.1
Liberia,LBR,2012,9.3
Liberia,LBR,2013,9.8
Liberia,LBR,2014,9.4
Liberia,LBR,2015,15.2
Liberia,LBR,2016,17.7
Liberia,LBR,2017,24.2
Liberia,LBR,2018,22.8
Liberia,LBR,2019,23.1
Liberia,LBR,2020,27.6
Liberia,LBR,2021,29.8
Liberia,LBR,2022,31.8
Liberia,LBR,2023,32.5
Liberia,LBR,2024,34.9
Libya,LBY,2000,99.8
Libya,LBY,2001,96.9
Libya,LBY,2002,95.2
Libya,LBY,2003,93.5
Libya,LBY,2004,91.8
Libya,LBY,2005,90.1
Libya,LBY,2006,88.4
Libya,LBY,2007,86.8
Libya,LBY,2008,85.1
Libya,LBY,2009,83.5
Libya,LBY,2010,81.9
Libya,LBY,2011,80.3
Libya,LBY,2012,78.7
Libya,LBY,2013,77.1
Libya,LBY,2014,75.5
Libya,LBY,2015,73.8
Libya,LBY,2016,72.2
Libya,LBY,2017,70.6
Libya,LBY,2018,67
Libya,LBY,2019,68.5
Libya,LBY,2020,69.4
Libya,LBY,2021,70.2
Libya,LBY,2022,70
Libya,LBY,2023,73.2
Libya,LBY,2024,77.4
Liechtenstein,LIE,1990,100
Liechtenstein,LIE,1991,100
Liechtenstein,LIE,1992,100
Liechtenstein,LIE,1993,100
Liechtenstein,LIE,1994,100
Liechtenstein,LIE,1995,100
Liechtenstein,LIE,1996,100
Liechtenstein,LIE,1997,100
Liechtenstein,LIE,1998,100
Liechtenstein,LIE,1999,100
Liechtenstein,LIE,2000,100
Liechtenstein,LIE,2001,100
Liechtenstein,LIE,2002,100
Liechtenstein,LIE,2003,100
Liechtenstein,LIE,2004,100
Liechtenstein,LIE,2005,100
Liechtenstein,LIE,2006,100
Liechtenstein,LIE,2007,100
Liechtenstein,LIE,2008,100
Liechtenstein,LIE,2009,100
Liechtenstein,LIE,2010,100
Liechtenstein,LIE,2011,100
Liechtenstein,LIE,2012,100
Liechtenstein,LIE,2013,100
Liechtenstein,LIE,2014,100
Liechtenstein,LIE,2015,100
Liechtenstein,LIE,2016,100
Liechtenstein,LIE,2017,100
Liechtenstein,LIE,2018,100
Liechtenstein,LIE,2019,100
Liechtenstein,LIE,2020,100
Liechtenstein,LIE,2021,100
Liechtenstein,LIE,2022,100
Liechtenstein,LIE,2023,100
Liechtenstein,LIE,2024,100
Lithuania,LTU,1990,100
Lithuania,LTU,1991,100
Lithuania,LTU,1992,100
Lithuania,LTU,1993,100
Lithuania,LTU,1994,100
Lithuania,LTU,1995,100
Lithuania,LTU,1996,100
Lithuania,LTU,1997,100
Lithuania,LTU,1998,100
Lithuania,LTU,1999,100
Lithuania,LTU,2000,99.5
Lithuania,LTU,2001,99.5
Lithuania,LTU,2002,99.4
Lithuania,LTU,2003,99.4
Lithuania,LTU,2004,99.4
Lithuania,LTU,2005,99.4
Lithuania,LTU,2006,99.4
Lithuania,LTU,2007,99.4
Lithuania,LTU,2008,99.4
Lithuania,LTU,2009,99.5
Lithuania,LTU,2010,99.7
Lithuania,LTU,2011,99.7
Lithuania,LTU,2012,100
Lithuania,LTU,2013,100
Lithuania,LTU,2014,100
Lithuania,LTU,2015,100
Lithuania,LTU,2016,100
Lithuania,LTU,2017,100
Lithuania,LTU,2018,100
Lithuania,LTU,2019,100
Lithuania,LTU,2020,100
Lithuania,LTU,2021,100
Lithuania,LTU,2022,100
Lithuania,LTU,2023,100
Lithuania,LTU,2024,100
Low-income countries,OWID_LIC,2000,15.871514
Low-income countries,OWID_LIC,2001,16.60838
Low-income countries,OWID_LIC,2002,17.291195
Low-income countries,OWID_LIC,2003,19.012852
Low-income countries,OWID_LIC,2004,19.799717
Low-income countries,OWID_LIC,2005,19.516533
Low-income countries,OWID_LIC,2006,22.04891
Low-income countries,OWID_LIC,2007,23.574863
Low-income countries,OWID_LIC,2008,23.06061
Low-income countries,OWID_LIC,2009,24.621744
Low-income countries,OWID_LIC,2010,26.222992
Low-income countries,OWID_LIC,2011,26.685328
Low-income countries,OWID_LIC,2012,29.76917
Low-income countries,OWID_LIC,2013,30.894281
Low-income countries,OWID_LIC,2014,32.199024
Low-income countries,OWID_LIC,2015,32.194473
Low-income countries,OWID_LIC,2016,37.44796
Low-income countries,OWID_LIC,2017,39.139698
Low-income countries,OWID_LIC,2018,40.458675
Low-income countries,OWID_LIC,2019,41.84401
Low-income countries,OWID_LIC,2020,43.236732
Low-income countries,OWID_LIC,2021,44.8338
Low-income countries,OWID_LIC,2022,44.958187
Low-income countries,OWID_LIC,2023,46.88638
Low-income countries,OWID_LIC,2024,48.8006
Lower-middle-income countries,OWID_LMC,1993,46.883114
Lower-middle-income countries,OWID_LMC,1994,46.71782
Lower-middle-income countries,OWID_LMC,1995,47.952183
Lower-middle-income countries,OWID_LMC,1996,49.67357
Lower-middle-income countries,OWID_LMC,1997,51.108185
Lower-middle-income countries,OWID_LMC,1998,53.951828
Lower-middle-income countries,OWID_LMC,1999,56.6136
Lower-middle-income countries,OWID_LMC,2000,56.518707
Lower-middle-income countries,OWID_LMC,2001,57.806187
Lower-middle-income countries,OWID_LMC,2002,58.65123
Lower-middle-income countries,OWID_LMC,2003,61.206245
Lower-middle-income countries,OWID_LMC,2004,60.58003
Lower-middle-income countries,OWID_LMC,2005,63.611572
Lower-middle-income countries,OWID_LMC,2006,64.35469
Lower-middle-income countries,OWID_LMC,2007,66.521996
Lower-middle-income countries,OWID_LMC,2008,68.44625
Lower-middle-income countries,OWID_LMC,2009,69.09783
Lower-middle-income countries,OWID_LMC,2010,70.19694
Lower-middle-income countries,OWID_LMC,2011,73.20365
Lower-middle-income countries,OWID_LMC,2012,73.85307
Lower-middle-income countries,OWID_LMC,2013,75.90686
Lower-middle-income countries,OWID_LMC,2014,77.03989
Lower-middle-income countries,OWID_LMC,2015,79.58983
Lower-middle-income countries,OWID_LMC,2016,81.655945
Lower-middle-income countries,OWID_LMC,2017,83.67176
Lower-middle-income countries,OWID_LMC,2018,86.0359
Lower-middle-income countries,OWID_LMC,2019,86.76645
Lower-middle-income countries,OWID_LMC,2020,87.53404
Lower-middle-income countries,OWID_LMC,2021,89.82583
Lower-middle-income countries,OWID_LMC,2022,89.9476
Lower-middle-income countries,OWID_LMC,2023,90.59272
Lower-middle-income countries,OWID_LMC,2024,91.358185
Luxembourg,LUX,1990,100
Luxembourg,LUX,1991,100
Luxembourg,LUX,1992,100
Luxembourg,LUX,1993,100
Luxembourg,LUX,1994,100
Luxembourg,LUX,1995,100
Luxembourg,LUX,1996,100
Luxembourg,LUX,1997,100
Luxembourg,LUX,1998,100
Luxembourg,LUX,1999,100
Luxembourg,LUX,2000,100
Luxembourg,LUX,2001,100
Luxembourg,LUX,2002,100
Luxembourg,LUX,2003,100
Luxembourg,LUX,2004,100
Luxembourg,LUX,2005,100
Luxembourg,LUX,2006,100
Luxembourg,LUX,2007,100
Luxembourg,LUX,2008,100
Luxembourg,LUX,2009,100
Luxembourg,LUX,2010,100
Luxembourg,LUX,2011,100
Luxembourg,LUX,2012,100
Luxembourg,LUX,2013,100
Luxembourg,LUX,2014,100
Luxembourg,LUX,2015,100
Luxembourg,LUX,2016,100
Luxembourg,LUX,2017,100
Luxembourg,LUX,2018,100
Luxembourg,LUX,2019,100
Luxembourg,LUX,2020,100
Luxembourg,LUX,2021,100
Luxembourg,LUX,2022,100
Luxembourg,LUX,2023,100
Luxembourg,LUX,2024,100
Macao,MAC,1990,99.84928
Macao,MAC,1991,99.880585
Macao,MAC,1992,99.91143
Macao,MAC,1993,99.94162
Macao,MAC,1994,100
Macao,MAC,1995,100
Macao,MAC,1996,100
Macao,MAC,1997,100
Macao,MAC,1998,100
Macao,MAC,1999,100
Macao,MAC,2000,100
Macao,MAC,2001,100
Macao,MAC,2002,100
Macao,MAC,2003,100
Macao,MAC,2004,100
Macao,MAC,2005,100
Macao,MAC,2006,100
Macao,MAC,2007,100
Macao,MAC,2008,100
Macao,MAC,2009,100
Macao,MAC,2010,100
Macao,MAC,2011,100
Macao,MAC,2012,100
Macao,MAC,2013,100
Macao,MAC,2014,100
Macao,MAC,2015,100
Macao,MAC,2016,100
Macao,MAC,2017,100
Macao,MAC,2018,100
Macao,MAC,2019,100
Macao,MAC,2020,100
Macao,MAC,2021,100
Macao,MAC,2022,100
Macao,MAC,2023,100
Macao,MAC,2024,100
Madagascar,MDG,1992,9.2
Madagascar,MDG,1993,10.105623
Madagascar,MDG,1994,10.561648
Madagascar,MDG,1995,11.015635
Madagascar,MDG,1996,11.466901
Madagascar,MDG,1997,10.9
Madagascar,MDG,1998,12.358555
Madagascar,MDG,1999,12.797501
Madagascar,MDG,2000,12.6
Madagascar,MDG,2001,14.8
Madagascar,MDG,2002,14
Madagascar,MDG,2003,20.3
Madagascar,MDG,2004,15.3
Madagascar,MDG,2005,16
Madagascar,MDG,2006,16.8
Madagascar,MDG,2007,17.5
Madagascar,MDG,2008,18.3
Madagascar,MDG,2009,17.4
Madagascar,MDG,2010,12.3
Madagascar,MDG,2011,14.3
Madagascar,MDG,2012,18.7
Madagascar,MDG,2013,12.9
Madagascar,MDG,2014,23
Madagascar,MDG,2015,23.8
Madagascar,MDG,2016,22.9
Madagascar,MDG,2017,24.1
Madagascar,MDG,2018,36.5
Madagascar,MDG,2019,31
Madagascar,MDG,2020,32
Madagascar,MDG,2021,35.1
Madagascar,MDG,2022,36.1
Madagascar,MDG,2023,39.4
Madagascar,MDG,2024,42.5
Malawi,MWI,1992,3.2
Malawi,MWI,1993,1.5535558
Malawi,MWI,1994,2.0136614
Malawi,MWI,1995,2.4717271
Malawi,MWI,1996,2.9270735
Malawi,MWI,1997,3.3790202
Malawi,MWI,1998,3.8268876
Malawi,MWI,1999,4.2699127
Malawi,MWI,2000,4.8
Malawi,MWI,2001,5.2
Malawi,MWI,2002,5.6
Malawi,MWI,2003,6.2
Malawi,MWI,2004,6.9
Malawi,MWI,2005,6.6
Malawi,MWI,2006,3.7
Malawi,MWI,2007,7.4
Malawi,MWI,2008,7.8
Malawi,MWI,2009,8.3
Malawi,MWI,2010,8.7
Malawi,MWI,2011,7.6
Malawi,MWI,2012,7.4
Malawi,MWI,2013,9
Malawi,MWI,2014,11.9
Malawi,MWI,2015,10.8
Malawi,MWI,2016,11
Malawi,MWI,2017,12.7
Malawi,MWI,2018,18
Malawi,MWI,2019,11.2
Malawi,MWI,2020,11.5
Malawi,MWI,2021,14.2
Malawi,MWI,2022,14
Malawi,MWI,2023,15.6
Malawi,MWI,2024,15.6
Malaysia,MYS,2000,98.6
Malaysia,MYS,2001,98.6
Malaysia,MYS,2002,98.6
Malaysia,MYS,2003,98.7
Malaysia,MYS,2004,98.7
Malaysia,MYS,2005,98.7
Malaysia,MYS,2006,98.8
Malaysia,MYS,2007,98.9
Malaysia,MYS,2008,99
Malaysia,MYS,2009,99.3
Malaysia,MYS,2010,99.5
Malaysia,MYS,2011,99.5
Malaysia,MYS,2012,99.8
Malaysia,MYS,2013,99.6
Malaysia,MYS,2014,99.7
Malaysia,MYS,2015,99.9
Malaysia,MYS,2016,99.9
Malaysia,MYS,2017,100
Malaysia,MYS,2018,100
Malaysia,MYS,2019,100
Malaysia,MYS,2020,100
Malaysia,MYS,2021,100
Malaysia,MYS,2022,100
Malaysia,MYS,2023,100
Malaysia,MYS,2024,100
Maldives,MDV,2000,83.8
Maldives,MDV,2001,87.5
Maldives,MDV,2002,88.3
Maldives,MDV,2003,89.1
Maldives,MDV,2004,90
Maldives,MDV,2005,90.9
Maldives,MDV,2006,91.7
Maldives,MDV,2007,92.6
Maldives,MDV,2008,93.6
Maldives,MDV,2009,99.9
Maldives,MDV,2010,99
Maldives,MDV,2011,99.1
Maldives,MDV,2012,99.2
Maldives,MDV,2013,99.4
Maldives,MDV,2014,100
Maldives,MDV,2015,99.8
Maldives,MDV,2016,100
Maldives,MDV,2017,99.8
Maldives,MDV,2018,100
Maldives,MDV,2019,100
Maldives,MDV,2020,100
Maldives,MDV,2021,100
Maldives,MDV,2022,100
Maldives,MDV,2023,100
Maldives,MDV,2024,100
Mali,MLI,1996,6.2
Mali,MLI,1997,4.288541
Mali,MLI,1998,6.0668635
Mali,MLI,1999,7.840344
Mali,MLI,2000,9.6
Mali,MLI,2001,10.8
Mali,MLI,2002,13
Mali,MLI,2003,14.7
Mali,MLI,2004,16.4
Mali,MLI,2005,18.2
Mali,MLI,2006,16.6
Mali,MLI,2007,21.7
Mali,MLI,2008,23.4
Mali,MLI,2009,24
Mali,MLI,2010,27
Mali,MLI,2011,28.8
Mali,MLI,2012,25.6
Mali,MLI,2013,32.4
Mali,MLI,2014,34.2
Mali,MLI,2015,37.6
Mali,MLI,2016,38.8
Mali,MLI,2017,34.8
Mali,MLI,2018,50.9
Mali,MLI,2019,47.9
Mali,MLI,2020,50.6
Mali,MLI,2021,53.4
Mali,MLI,2022,53
Mali,MLI,2023,54.5
Mali,MLI,2024,49.5
Malta,MLT,1990,100
Malta,MLT,1991,100
Malta,MLT,1992,100
Malta,MLT,1993,100
Malta,MLT,1994,100
Malta,MLT,1995,100
Malta,MLT,1996,100
Malta,MLT,1997,100
Malta,MLT,1998,100
Malta,MLT,1999,100
Malta,MLT,2000,100
Malta,MLT,2001,100
Malta,MLT,2002,100
Malta,MLT,2003,100
Malta,MLT,2004,100
Malta,MLT,2005,100
Malta,MLT,2006,100
Malta,MLT,2007,100
Malta,MLT,2008,100
Malta,MLT,2009,100
Malta,MLT,2010,100
Malta,MLT,2011,100
Malta,MLT,2012,100
Malta,MLT,2013,100
Malta,MLT,2014,100
Malta,MLT,2015,100
Malta,MLT,2016,100
Malta,MLT,2017,100
Malta,MLT,2018,100
Malta,MLT,2019,100
Malta,MLT,2020,100
Malta,MLT,2021,100
Malta,MLT,2022,100
Malta,MLT,2023,100
Malta,MLT,2024,100
Marshall Islands,MHL,1999,68.52424
Marshall Islands,MHL,2000,68.6
Marshall Islands,MHL,2001,70.1
Marshall Islands,MHL,2002,71.5
Marshall Islands,MHL,2003,72.9
Marshall Islands,MHL,2004,74.3
Marshall Islands,MHL,2005,75.7
Marshall Islands,MHL,2006,77.2
Marshall Islands,MHL,2007,72.3
Marshall Islands,MHL,2008,80.2
Marshall Islands,MHL,2009,81.7
Marshall Islands,MHL,2010,89.4
Marshall Islands,MHL,2011,89.9
Marshall Islands,MHL,2012,90.4
Marshall Islands,MHL,2013,90.9
Marshall Islands,MHL,2014,91.5
Marshall Islands,MHL,2015,92.1
Marshall Islands,MHL,2016,92.7
Marshall Islands,MHL,2017,93.8
Marshall Islands,MHL,2018,95.3
Marshall Islands,MHL,2019,96.8
Marshall Islands,MHL,2020,98.3
Marshall Islands,MHL,2021,99.8
Marshall Islands,MHL,2022,100
Marshall Islands,MHL,2023,100
Marshall Islands,MHL,2024,97.2
Mauritania,MRT,2000,19.1
Mauritania,MRT,2001,22.2
Mauritania,MRT,2002,21.7
Mauritania,MRT,2003,23
Mauritania,MRT,2004,24.3
Mauritania,MRT,2005,18.2
Mauritania,MRT,2006,27
Mauritania,MRT,2007,33
Mauritania,MRT,2008,30
Mauritania,MRT,2009,31.1
Mauritania,MRT,2010,34.2
Mauritania,MRT,2011,35.3
Mauritania,MRT,2012,36.4
Mauritania,MRT,2013,37.6
Mauritania,MRT,2014,38.8
Mauritania,MRT,2015,39.5
Mauritania,MRT,2016,41.2
Mauritania,MRT,2017,42.9
Mauritania,MRT,2018,43.6
Mauritania,MRT,2019,44.9
Mauritania,MRT,2020,45.4
Mauritania,MRT,2021,47.7
Mauritania,MRT,2022,49
Mauritania,MRT,2023,50.3
Mauritania,MRT,2024,52.2
Mauritius,MUS,1990,99.041565
Mauritius,MUS,1991,99.07068
Mauritius,MUS,1992,99.09968
Mauritius,MUS,1993,99.128006
Mauritius,MUS,1994,99.15497
Mauritius,MUS,1995,99.179886
Mauritius,MUS,1996,99.202095
Mauritius,MUS,1997,99.220894
Mauritius,MUS,1998,99.23562
Mauritius,MUS,1999,99.24551
Mauritius,MUS,2000,99
Mauritius,MUS,2001,99.2
Mauritius,MUS,2002,99.4
Mauritius,MUS,2003,99.1
Mauritius,MUS,2004,99
Mauritius,MUS,2005,99
Mauritius,MUS,2006,99
Mauritius,MUS,2007,99
Mauritius,MUS,2008,99
Mauritius,MUS,2009,99
Mauritius,MUS,2010,99.4
Mauritius,MUS,2011,99.6
Mauritius,MUS,2012,99.4
Mauritius,MUS,2013,99.4
Mauritius,MUS,2014,99.5
Mauritius,MUS,2015,99.6
Mauritius,MUS,2016,99.7
Mauritius,MUS,2017,99.6
Mauritius,MUS,2018,99.8
Mauritius,MUS,2019,100
Mauritius,MUS,2020,99.5
Mauritius,MUS,2021,99.6
Mauritius,MUS,2022,100
Mauritius,MUS,2023,100
Mauritius,MUS,2024,100
Mexico,MEX,1992,93.14598
Mexico,MEX,1993,95.44846
Mexico,MEX,1994,95.2383
Mexico,MEX,1995,95.89446
Mexico,MEX,1996,96.09362
Mexico,MEX,1997,96.32958
Mexico,MEX,1998,96.09276
Mexico,MEX,1999,96.7483
Mexico,MEX,2000,98
Mexico,MEX,2001,97.1
Mexico,MEX,2002,97.9
Mexico,MEX,2003,97.4
Mexico,MEX,2004,98.6
Mexico,MEX,2005,98.9
Mexico,MEX,2006,99.1
Mexico,MEX,2007,97.9
Mexico,MEX,2008,98.9
Mexico,MEX,2009,98.3
Mexico,MEX,2010,99.2
Mexico,MEX,2011,99
Mexico,MEX,2012,99.1
Mexico,MEX,2013,99.1
Mexico,MEX,2014,99.2
Mexico,MEX,2015,99
Mexico,MEX,2016,99.5
Mexico,MEX,2017,100
Mexico,MEX,2018,99.5
Mexico,MEX,2019,99.6
Mexico,MEX,2020,99.4
Mexico,MEX,2021,100
Mexico,MEX,2022,100
Mexico,MEX,2023,99.7
Mexico,MEX,2024,99.8
Micronesia (country),FSM,2000,46
Micronesia (country),FSM,2001,48.4
Micronesia (country),FSM,2002,50.1
Micronesia (country),FSM,2003,51.8
Micronesia (country),FSM,2004,53.5
Micronesia (country),FSM,2005,55.2
Micronesia (country),FSM,2006,57
Micronesia (country),FSM,2007,58.7
Micronesia (country),FSM,2008,60.5
Micronesia (country),FSM,2009,62.2
Micronesia (country),FSM,2010,64.5
Micronesia (country),FSM,2011,66.3
Micronesia (country),FSM,2012,67.8
Micronesia (country),FSM,2013,69.4
Micronesia (country),FSM,2014,71.2
Micronesia (country),FSM,2015,73
Micronesia (country),FSM,2016,74.8
Micronesia (country),FSM,2017,76.5
Micronesia (country),FSM,2018,78.3
Micronesia (country),FSM,2019,80.1
Micronesia (country),FSM,2020,81.9
Micronesia (country),FSM,2021,83.6
Micronesia (country),FSM,2022,85.3
Micronesia (country),FSM,2023,86.9
Micronesia (country),FSM,2024,88.9
"Middle East, North Africa, Afghanistan and Pakistan (WB)",WB_MENAP,2000,82.569916
"Middle East, North Africa, Afghanistan and Pakistan (WB)",WB_MENAP,2001,83.279175
"Middle East, North Africa, Afghanistan and Pakistan (WB)",WB_MENAP,2002,83.6086
"Middle East, North Africa, Afghanistan and Pakistan (WB)",WB_MENAP,2003,84.58462
"Middle East, North Africa, Afghanistan and Pakistan (WB)",WB_MENAP,2004,84.98041
"Middle East, North Africa, Afghanistan and Pakistan (WB)",WB_MENAP,2005,85.9579
"Middle East, North Africa, Afghanistan and Pakistan (WB)",WB_MENAP,2006,87.656586
"Middle East, North Africa, Afghanistan and Pakistan (WB)",WB_MENAP,2007,87.15191
"Middle East, North Africa, Afghanistan and Pakistan (WB)",WB_MENAP,2008,88.09466
"Middle East, North Africa, Afghanistan and Pakistan (WB)",WB_MENAP,2009,88.74034
"Middle East, North Africa, Afghanistan and Pakistan (WB)",WB_MENAP,2010,90.56082
"Middle East, North Africa, Afghanistan and Pakistan (WB)",WB_MENAP,2011,90.77615
"Middle East, North Africa, Afghanistan and Pakistan (WB)",WB_MENAP,2012,91.85412
"Middle East, North Africa, Afghanistan and Pakistan (WB)",WB_MENAP,2013,93.14797
"Middle East, North Africa, Afghanistan and Pakistan (WB)",WB_MENAP,2014,94.0321
"Middle East, North Africa, Afghanistan and Pakistan (WB)",WB_MENAP,2015,93.436066
"Middle East, North Africa, Afghanistan and Pakistan (WB)",WB_MENAP,2016,95.15877
"Middle East, North Africa, Afghanistan and Pakistan (WB)",WB_MENAP,2017,96.00124
"Middle East, North Africa, Afghanistan and Pakistan (WB)",WB_MENAP,2018,94.97069
"Middle East, North Africa, Afghanistan and Pakistan (WB)",WB_MENAP,2019,96.008705
"Middle East, North Africa, Afghanistan and Pakistan (WB)",WB_MENAP,2020,96.26212
"Middle East, North Africa, Afghanistan and Pakistan (WB)",WB_MENAP,2021,96.41667
"Middle East, North Africa, Afghanistan and Pakistan (WB)",WB_MENAP,2022,95.86379
"Middle East, North Africa, Afghanistan and Pakistan (WB)",WB_MENAP,2023,96.42264
"Middle East, North Africa, Afghanistan and Pakistan (WB)",WB_MENAP,2024,96.77369
Moldova,MDA,1990,100
Moldova,MDA,1991,100
Moldova,MDA,1992,100
Moldova,MDA,1993,100
Moldova,MDA,1994,100
Moldova,MDA,1995,100
Moldova,MDA,1996,100
Moldova,MDA,1997,100
Moldova,MDA,1998,100
Moldova,MDA,1999,100
Moldova,MDA,2000,98.7
Moldova,MDA,2001,98.8
Moldova,MDA,2002,99
Moldova,MDA,2003,98.8
Moldova,MDA,2004,99.1
Moldova,MDA,2005,98.6
Moldova,MDA,2006,98.9
Moldova,MDA,2007,99
Moldova,MDA,2008,99.1
Moldova,MDA,2009,99.2
Moldova,MDA,2010,99.3
Moldova,MDA,2011,99.4
Moldova,MDA,2012,99.5
Moldova,MDA,2013,99.6
Moldova,MDA,2014,99.8
Moldova,MDA,2015,99.9
Moldova,MDA,2016,99.9
Moldova,MDA,2017,100
Moldova,MDA,2018,100
Moldova,MDA,2019,100
Moldova,MDA,2020,100
Moldova,MDA,2021,100
Moldova,MDA,2022,100
Moldova,MDA,2023,100
Moldova,MDA,2024,100
Monaco,MCO,1990,100
Monaco,MCO,1991,100
Monaco,MCO,1992,100
Monaco,MCO,1993,100
Monaco,MCO,1994,100
Monaco,MCO,1995,100
Monaco,MCO,1996,100
Monaco,MCO,1997,100
Monaco,MCO,1998,100
Monaco,MCO,1999,100
Monaco,MCO,2000,100
Monaco,MCO,2001,100
Monaco,MCO,2002,100
Monaco,MCO,2003,100
Monaco,MCO,2004,100
Monaco,MCO,2005,100
Monaco,MCO,2006,100
Monaco,MCO,2007,100
Monaco,MCO,2008,100
Monaco,MCO,2009,100
Monaco,MCO,2010,100
Monaco,MCO,2011,100
Monaco,MCO,2012,100
Monaco,MCO,2013,100
Monaco,MCO,2014,100
Monaco,MCO,2015,100
Monaco,MCO,2016,100
Monaco,MCO,2017,100
Monaco,MCO,2018,100
Monaco,MCO,2019,100
Monaco,MCO,2020,100
Monaco,MCO,2021,100
Monaco,MCO,2022,100
Monaco,MCO,2023,100
Monaco,MCO,2024,100
Mongolia,MNG,2000,67.3
Mongolia,MNG,2001,71.7
Mongolia,MNG,2002,72.8
Mongolia,MNG,2003,76.3
Mongolia,MNG,2004,74.8
Mongolia,MNG,2005,86.2
Mongolia,MNG,2006,77
Mongolia,MNG,2007,78.1
Mongolia,MNG,2008,79.2
Mongolia,MNG,2009,80.3
Mongolia,MNG,2010,78.5
Mongolia,MNG,2011,72.1
Mongolia,MNG,2012,83.7
Mongolia,MNG,2013,81.2
Mongolia,MNG,2014,86
Mongolia,MNG,2015,88
Mongolia,MNG,2016,90.8
Mongolia,MNG,2017,93.6
Mongolia,MNG,2018,98.1
Mongolia,MNG,2019,98.9
Mongolia,MNG,2020,99.5
Mongolia,MNG,2021,100
Mongolia,MNG,2022,100
Mongolia,MNG,2023,100
Mongolia,MNG,2024,99.1
Montenegro,MNE,1990,100
Montenegro,MNE,1991,100
Montenegro,MNE,1992,100
Montenegro,MNE,1993,100
Montenegro,MNE,1994,100
Montenegro,MNE,1995,100
Montenegro,MNE,1996,100
Montenegro,MNE,1997,100
Montenegro,MNE,1998,100
Montenegro,MNE,1999,100
Montenegro,MNE,2000,99.1
Montenegro,MNE,2001,99.1
Montenegro,MNE,2002,99
Montenegro,MNE,2003,99
Montenegro,MNE,2004,99
Montenegro,MNE,2005,99.8
Montenegro,MNE,2006,99
Montenegro,MNE,2007,99
Montenegro,MNE,2008,99
Montenegro,MNE,2009,99.1
Montenegro,MNE,2010,99.2
Montenegro,MNE,2011,99
Montenegro,MNE,2012,99.3
Montenegro,MNE,2013,99.7
Montenegro,MNE,2014,97.7
Montenegro,MNE,2015,99.5
Montenegro,MNE,2016,99.6
Montenegro,MNE,2017,100
Montenegro,MNE,2018,100
Montenegro,MNE,2019,100
Montenegro,MNE,2020,99.9
Montenegro,MNE,2021,99.8
Montenegro,MNE,2022,100
Montenegro,MNE,2023,100
Montenegro,MNE,2024,100
Morocco,MAR,1992,49.2
Morocco,MAR,1993,56.77265
Morocco,MAR,1994,58.6089
Morocco,MAR,1995,56.5
Morocco,MAR,1996,62.274593
Morocco,MAR,1997,64.102684
Morocco,MAR,1998,65.92669
Morocco,MAR,1999,67.74586
Morocco,MAR,2000,69.8
Morocco,MAR,2001,71.6
Morocco,MAR,2002,73.3
Morocco,MAR,2003,75.1
Morocco,MAR,2004,78.2
Morocco,MAR,2005,78.6
Morocco,MAR,2006,96.5
Morocco,MAR,2007,82.2
Morocco,MAR,2008,84.1
Morocco,MAR,2009,85.9
Morocco,MAR,2010,95.7
Morocco,MAR,2011,96.1
Morocco,MAR,2012,96.4
Morocco,MAR,2013,97.2
Morocco,MAR,2014,97.3
Morocco,MAR,2015,97.3
Morocco,MAR,2016,97.8
Morocco,MAR,2017,100
Morocco,MAR,2018,98.1
Morocco,MAR,2019,99.6
Morocco,MAR,2020,100
Morocco,MAR,2021,100
Morocco,MAR,2022,100
Morocco,MAR,2023,100
Morocco,MAR,2024,100
Mozambique,MOZ,1997,6.6
Mozambique,MOZ,1998,3.6631756
Mozambique,MOZ,1999,4.8791237
Mozambique,MOZ,2000,6.1
Mozambique,MOZ,2001,5.7
Mozambique,MOZ,2002,8.4
Mozambique,MOZ,2003,8.1
Mozambique,MOZ,2004,10.7
Mozambique,MOZ,2005,11.8
Mozambique,MOZ,2006,13
Mozambique,MOZ,2007,12.4
Mozambique,MOZ,2008,13.6
Mozambique,MOZ,2009,15
Mozambique,MOZ,2010,18.9
Mozambique,MOZ,2011,20.2
Mozambique,MOZ,2012,21.2
Mozambique,MOZ,2013,22.4
Mozambique,MOZ,2014,24.8
Mozambique,MOZ,2015,24
Mozambique,MOZ,2016,26.2
Mozambique,MOZ,2017,24.3
Mozambique,MOZ,2018,31.1
Mozambique,MOZ,2019,29.7
Mozambique,MOZ,2020,30.6
Mozambique,MOZ,2021,31.5
Mozambique,MOZ,2022,33.2
Mozambique,MOZ,2023,36
Mozambique,MOZ,2024,36.9
Myanmar,MMR,2000,41.9
Myanmar,MMR,2001,43
Myanmar,MMR,2002,47
Myanmar,MMR,2003,45.1
Myanmar,MMR,2004,46.2
Myanmar,MMR,2005,47.3
Myanmar,MMR,2006,48.4
Myanmar,MMR,2007,49.5
Myanmar,MMR,2008,50.6
Myanmar,MMR,2009,51.8
Myanmar,MMR,2010,48.8
Myanmar,MMR,2011,54.1
Myanmar,MMR,2012,55.3
Myanmar,MMR,2013,56.5
Myanmar,MMR,2014,52
Myanmar,MMR,2015,60.5
Myanmar,MMR,2016,55.6
Myanmar,MMR,2017,69.8
Myanmar,MMR,2018,66.1
Myanmar,MMR,2019,68.3
Myanmar,MMR,2020,70.4
Myanmar,MMR,2021,72.5
Myanmar,MMR,2022,73.7
Myanmar,MMR,2023,76.8
Myanmar,MMR,2024,80.4
Namibia,NAM,1992,26.4
Namibia,NAM,1993,27
Namibia,NAM,1994,28.932589
Namibia,NAM,1995,29.952148
Namibia,NAM,1996,30.968988
Namibia,NAM,1997,31.98243
Namibia,NAM,1998,32.99179
Namibia,NAM,1999,33.99631
Namibia,NAM,2000,36.5
Namibia,NAM,2001,36
Namibia,NAM,2002,36.9
Namibia,NAM,2003,37.8
Namibia,NAM,2004,38.7
Namibia,NAM,2005,39.6
Namibia,NAM,2006,40.5
Namibia,NAM,2007,43.7
Namibia,NAM,2008,42.4
Namibia,NAM,2009,44.1
Namibia,NAM,2010,44.4
Namibia,NAM,2011,42.3
Namibia,NAM,2012,46.4
Namibia,NAM,2013,47.4
Namibia,NAM,2014,48.4
Namibia,NAM,2015,51.6
Namibia,NAM,2016,49.7
Namibia,NAM,2017,52.5
Namibia,NAM,2018,52.3
Namibia,NAM,2019,53.3
Namibia,NAM,2020,52.3
Namibia,NAM,2021,55.2
Namibia,NAM,2022,56.2
Namibia,NAM,2023,56.7
Namibia,NAM,2024,59.3
Nauru,NRU,1990,98.999084
Nauru,NRU,1991,99.041306
Nauru,NRU,1992,99.08342
Nauru,NRU,1993,99.124855
Nauru,NRU,1994,99.164925
Nauru,NRU,1995,99.20296
Nauru,NRU,1996,99.238266
Nauru,NRU,1997,99.27018
Nauru,NRU,1998,99.29801
Nauru,NRU,1999,99.32101
Nauru,NRU,2000,99.1
Nauru,NRU,2001,99
Nauru,NRU,2002,99
Nauru,NRU,2003,99
Nauru,NRU,2004,99
Nauru,NRU,2005,99
Nauru,NRU,2006,99
Nauru,NRU,2007,99.8
Nauru,NRU,2008,99.1
Nauru,NRU,2009,99.1
Nauru,NRU,2010,99.2
Nauru,NRU,2011,99
Nauru,NRU,2012,99.4
Nauru,NRU,2013,99.4
Nauru,NRU,2014,99.5
Nauru,NRU,2015,99
Nauru,NRU,2016,99.7
Nauru,NRU,2017,99.8
Nauru,NRU,2018,99.9
Nauru,NRU,2019,100
Nauru,NRU,2020,100
Nauru,NRU,2021,100
Nauru,NRU,2022,100
Nauru,NRU,2023,100
Nauru,NRU,2024,100
Nepal,NPL,1996,17.9
Nepal,NPL,1997,18.132868
Nepal,NPL,1998,21.732533
Nepal,NPL,1999,25.327354
Nepal,NPL,2000,29.9
Nepal,NPL,2001,24.6
Nepal,NPL,2002,36.4
Nepal,NPL,2003,39.6
Nepal,NPL,2004,37.2
Nepal,NPL,2005,46.1
Nepal,NPL,2006,51.2
Nepal,NPL,2007,52.6
Nepal,NPL,2008,56
Nepal,NPL,2009,59.3
Nepal,NPL,2010,68.6
Nepal,NPL,2011,67.3
Nepal,NPL,2012,75.2
Nepal,NPL,2013,77.4
Nepal,NPL,2014,84.9
Nepal,NPL,2015,82
Nepal,NPL,2016,90.7
Nepal,NPL,2017,86.6
Nepal,NPL,2018,93.9
Nepal,NPL,2019,89.9
Nepal,NPL,2020,89.9
Nepal,NPL,2021,89.9
Nepal,NPL,2022,91.3
Nepal,NPL,2023,94
Nepal,NPL,2024,97.9
Netherlands,NLD,1990,100
Netherlands,NLD,1991,100
Netherlands,NLD,1992,100
Netherlands,NLD,1993,100
Netherlands,NLD,1994,100
Netherlands,NLD,1995,100
Netherlands,NLD,1996,100
Netherlands,NLD,1997,100
Netherlands,NLD,1998,100
Netherlands,NLD,1999,100
Netherlands,NLD,2000,100
Netherlands,NLD,2001,100
Netherlands,NLD,2002,100
Netherlands,NLD,2003,100
Netherlands,NLD,2004,100
Netherlands,NLD,2005,100
Netherlands,NLD,2006,100
Netherlands,NLD,2007,100
Netherlands,NLD,2008,100
Netherlands,NLD,2009,100
Netherlands,NLD,2010,100
Netherlands,NLD,2011,100
Netherlands,NLD,2012,100
Netherlands,NLD,2013,100
Netherlands,NLD,2014,100
Netherlands,NLD,2015,100
Netherlands,NLD,2016,100
Netherlands,NLD,2017,100
Netherlands,NLD,2018,100
Netherlands,NLD,2019,100
Netherlands,NLD,2020,100
Netherlands,NLD,2021,100
Netherlands,NLD,2022,100
Netherlands,NLD,2023,100
Netherlands,NLD,2024,100
New Caledonia,NCL,1990,99.84431
New Caledonia,NCL,1991,99.87582
New Caledonia,NCL,1992,99.90687
New Caledonia,NCL,1993,99.937256
New Caledonia,NCL,1994,99.96508
New Caledonia,NCL,1995,100
New Caledonia,NCL,1996,100
New Caledonia,NCL,1997,100
New Caledonia,NCL,1998,100
New Caledonia,NCL,1999,100
New Caledonia,NCL,2000,100
New Caledonia,NCL,2001,100
New Caledonia,NCL,2002,100
New Caledonia,NCL,2003,100
New Caledonia,NCL,2004,100
New Caledonia,NCL,2005,100
New Caledonia,NCL,2006,100
New Caledonia,NCL,2007,100
New Caledonia,NCL,2008,100
New Caledonia,NCL,2009,100
New Caledonia,NCL,2010,100
New Caledonia,NCL,2011,100
New Caledonia,NCL,2012,100
New Caledonia,NCL,2013,100
New Caledonia,NCL,2014,100
New Caledonia,NCL,2015,100
New Caledonia,NCL,2016,100
New Caledonia,NCL,2017,100
New Caledonia,NCL,2018,100
New Caledonia,NCL,2019,100
New Caledonia,NCL,2020,100
New Caledonia,NCL,2021,100
New Caledonia,NCL,2022,100
New Caledonia,NCL,2023,100
New Caledonia,NCL,2024,100
New Zealand,NZL,1990,100
New Zealand,NZL,1991,100
New Zealand,NZL,1992,100
New Zealand,NZL,1993,100
New Zealand,NZL,1994,100
New Zealand,NZL,1995,100
New Zealand,NZL,1996,100
New Zealand,NZL,1997,100
New Zealand,NZL,1998,100
New Zealand,NZL,1999,100
New Zealand,NZL,2000,100
New Zealand,NZL,2001,100
New Zealand,NZL,2002,100
New Zealand,NZL,2003,100
New Zealand,NZL,2004,100
New Zealand,NZL,2005,100
New Zealand,NZL,2006,100
New Zealand,NZL,2007,100
New Zealand,NZL,2008,100
New Zealand,NZL,2009,100
New Zealand,NZL,2010,100
New Zealand,NZL,2011,100
New Zealand,NZL,2012,100
New Zealand,NZL,2013,100
New Zealand,NZL,2014,100
New Zealand,NZL,2015,100
New Zealand,NZL,2016,100
New Zealand,NZL,2017,100
New Zealand,NZL,2018,100
New Zealand,NZL,2019,100
New Zealand,NZL,2020,100
New Zealand,NZL,2021,100
New Zealand,NZL,2022,100
New Zealand,NZL,2023,100
New Zealand,NZL,2024,100
Nicaragua,NIC,1993,72.06417
Nicaragua,NIC,1994,69.25383
Nicaragua,NIC,1995,69.84991
Nicaragua,NIC,1996,70.44326
Nicaragua,NIC,1997,71.03321
Nicaragua,NIC,1998,69.047104
Nicaragua,NIC,1999,72.20013
Nicaragua,NIC,2000,73
Nicaragua,NIC,2001,72.2
Nicaragua,NIC,2002,74.1
Nicaragua,NIC,2003,74.6
Nicaragua,NIC,2004,75.2
Nicaragua,NIC,2005,73.8
Nicaragua,NIC,2006,76.3
Nicaragua,NIC,2007,76.9
Nicaragua,NIC,2008,77.5
Nicaragua,NIC,2009,77.9
Nicaragua,NIC,2010,80.1
Nicaragua,NIC,2011,81.2
Nicaragua,NIC,2012,81.3
Nicaragua,NIC,2013,81.9
Nicaragua,NIC,2014,81.9
Nicaragua,NIC,2015,83.2
Nicaragua,NIC,2016,83.9
Nicaragua,NIC,2017,84.6
Nicaragua,NIC,2018,85.2
Nicaragua,NIC,2019,85.7
Nicaragua,NIC,2020,86
Nicaragua,NIC,2021,86.3
Nicaragua,NIC,2022,86.5
Nicaragua,NIC,2023,88.3
Nicaragua,NIC,2024,88.7
Niger,NER,1992,4.4
Niger,NER,1993,4.01214
Niger,NER,1994,4.5717764
Niger,NER,1995,6.2
Niger,NER,1996,7
Niger,NER,1997,6.235728
Niger,NER,1998,6.7
Niger,NER,1999,7.325682
Niger,NER,2000,6.5
Niger,NER,2001,8.4
Niger,NER,2002,8.8
Niger,NER,2003,9.3
Niger,NER,2004,9.7
Niger,NER,2005,7.1
Niger,NER,2006,9.3
Niger,NER,2007,11.2
Niger,NER,2008,11.8
Niger,NER,2009,12.3
Niger,NER,2010,13.6
Niger,NER,2011,14.3
Niger,NER,2012,14.4
Niger,NER,2013,15.2
Niger,NER,2014,15.7
Niger,NER,2015,16.6
Niger,NER,2016,17
Niger,NER,2017,17.6
Niger,NER,2018,17.6
Niger,NER,2019,18.5
Niger,NER,2020,18.7
Niger,NER,2021,18.6
Niger,NER,2022,19.5
Niger,NER,2023,20.1
Niger,NER,2024,21.3
Nigeria,NGA,1990,27.3
Nigeria,NGA,1991,35.2346
Nigeria,NGA,1992,36.09946
Nigeria,NGA,1993,36.963646
Nigeria,NGA,1994,37.82647
Nigeria,NGA,1995,38.687252
Nigeria,NGA,1996,39.54532
Nigeria,NGA,1997,40.399982
Nigeria,NGA,1998,41.25057
Nigeria,NGA,1999,44.9
Nigeria,NGA,2000,43.2
Nigeria,NGA,2001,43.9
Nigeria,NGA,2002,44.6
Nigeria,NGA,2003,52.2
Nigeria,NGA,2004,46.1
Nigeria,NGA,2005,46.8
Nigeria,NGA,2006,47.6
Nigeria,NGA,2007,50.1
Nigeria,NGA,2008,50.3
Nigeria,NGA,2009,50
Nigeria,NGA,2010,48
Nigeria,NGA,2011,55.9
Nigeria,NGA,2012,53
Nigeria,NGA,2013,55.6
Nigeria,NGA,2014,54.2
Nigeria,NGA,2015,52.5
Nigeria,NGA,2016,59.3
Nigeria,NGA,2017,54.4
Nigeria,NGA,2018,56.5
Nigeria,NGA,2019,55.4
Nigeria,NGA,2020,55.4
Nigeria,NGA,2021,59.5
Nigeria,NGA,2022,60.5
Nigeria,NGA,2023,61.2
Nigeria,NGA,2024,62.5
North America (WB),WB_NA,1990,100
North America (WB),WB_NA,1991,100
North America (WB),WB_NA,1992,100
North America (WB),WB_NA,1993,100
North America (WB),WB_NA,1994,100
North America (WB),WB_NA,1995,100
North America (WB),WB_NA,1996,100
North America (WB),WB_NA,1997,100
North America (WB),WB_NA,1998,100
North America (WB),WB_NA,1999,100
North America (WB),WB_NA,2000,100
North America (WB),WB_NA,2001,100
North America (WB),WB_NA,2002,100
North America (WB),WB_NA,2003,100
North America (WB),WB_NA,2004,100
North America (WB),WB_NA,2005,100
North America (WB),WB_NA,2006,100
North America (WB),WB_NA,2007,100
North America (WB),WB_NA,2008,100
North America (WB),WB_NA,2009,100
North America (WB),WB_NA,2010,100
North America (WB),WB_NA,2011,100
North America (WB),WB_NA,2012,100
North America (WB),WB_NA,2013,100
North America (WB),WB_NA,2014,100
North America (WB),WB_NA,2015,100
North America (WB),WB_NA,2016,100
North America (WB),WB_NA,2017,100
North America (WB),WB_NA,2018,100
North America (WB),WB_NA,2019,100
North America (WB),WB_NA,2020,100
North America (WB),WB_NA,2021,100
North America (WB),WB_NA,2022,100
North America (WB),WB_NA,2023,100
North America (WB),WB_NA,2024,100
North Korea,PRK,2009,26
North Korea,PRK,2010,29.3
North Korea,PRK,2011,31.4
North Korea,PRK,2012,33.6
North Korea,PRK,2013,35.7
North Korea,PRK,2014,37.8
North Korea,PRK,2015,40
North Korea,PRK,2016,42.1
North Korea,PRK,2017,44.2
North Korea,PRK,2018,46.3
North Korea,PRK,2019,48.4
North Korea,PRK,2020,50.5
North Korea,PRK,2021,52.6
North Korea,PRK,2022,54.7
North Korea,PRK,2023,57.5
North Korea,PRK,2024,61.4
North Macedonia,MKD,1990,100
North Macedonia,MKD,1991,100
North Macedonia,MKD,1992,100
North Macedonia,MKD,1993,100
North Macedonia,MKD,1994,100
North Macedonia,MKD,1995,100
North Macedonia,MKD,1996,100
North Macedonia,MKD,1997,100
North Macedonia,MKD,1998,100
North Macedonia,MKD,1999,100
North Macedonia,MKD,2000,99
North Macedonia,MKD,2001,99
North Macedonia,MKD,2002,99
North Macedonia,MKD,2003,99
North Macedonia,MKD,2004,99.4
North Macedonia,MKD,2005,99.1
North Macedonia,MKD,2006,99
North Macedonia,MKD,2007,99.1
North Macedonia,MKD,2008,99.2
North Macedonia,MKD,2009,99.2
North Macedonia,MKD,2010,99.5
North Macedonia,MKD,2011,99.7
North Macedonia,MKD,2012,99.6
North Macedonia,MKD,2013,99.7
North Macedonia,MKD,2014,99.8
North Macedonia,MKD,2015,99.9
North Macedonia,MKD,2016,100
North Macedonia,MKD,2017,100
North Macedonia,MKD,2018,99.8
North Macedonia,MKD,2019,100
North Macedonia,MKD,2020,100
North Macedonia,MKD,2021,100
North Macedonia,MKD,2022,100
North Macedonia,MKD,2023,100
North Macedonia,MKD,2024,100
Northern Mariana Islands,MNP,1990,99.853264
Northern Mariana Islands,MNP,1991,99.88438
Northern Mariana Islands,MNP,1992,99.91503
Northern Mariana Islands,MNP,1993,99.94492
Northern Mariana Islands,MNP,1994,99.97164
Northern Mariana Islands,MNP,1995,100
Northern Mariana Islands,MNP,1996,100
Northern Mariana Islands,MNP,1997,100
Northern Mariana Islands,MNP,1998,100
Northern Mariana Islands,MNP,1999,100
Northern Mariana Islands,MNP,2000,100
Northern Mariana Islands,MNP,2001,100
Northern Mariana Islands,MNP,2002,99.9
Northern Mariana Islands,MNP,2003,99.9
Northern Mariana Islands,MNP,2004,99.8
Northern Mariana Islands,MNP,2005,99.8
Northern Mariana Islands,MNP,2006,99.7
Northern Mariana Islands,MNP,2007,100
Northern Mariana Islands,MNP,2008,100
Northern Mariana Islands,MNP,2009,100
Northern Mariana Islands,MNP,2010,100
Northern Mariana Islands,MNP,2011,100
Northern Mariana Islands,MNP,2012,100
Northern Mariana Islands,MNP,2013,100
Northern Mariana Islands,MNP,2014,100
Northern Mariana Islands,MNP,2015,100
Northern Mariana Islands,MNP,2016,100
Northern Mariana Islands,MNP,2017,100
Northern Mariana Islands,MNP,2018,100
Northern Mariana Islands,MNP,2019,100
Northern Mariana Islands,MNP,2020,100
Northern Mariana Islands,MNP,2021,100
Northern Mariana Islands,MNP,2022,100
Northern Mariana Islands,MNP,2023,100
Northern Mariana Islands,MNP,2024,100
Norway,NOR,1990,100
Norway,NOR,1991,100
Norway,NOR,1992,100
Norway,NOR,1993,100
Norway,NOR,1994,100
Norway,NOR,1995,100
Norway,NOR,1996,100
Norway,NOR,1997,100
Norway,NOR,1998,100
Norway,NOR,1999,100
Norway,NOR,2000,100
Norway,NOR,2001,100
Norway,NOR,2002,100
Norway,NOR,2003,100
Norway,NOR,2004,100
Norway,NOR,2005,100
Norway,NOR,2006,100
Norway,NOR,2007,100
Norway,NOR,2008,100
Norway,NOR,2009,100
Norway,NOR,2010,100
Norway,NOR,2011,100
Norway,NOR,2012,100
Norway,NOR,2013,100
Norway,NOR,2014,100
Norway,NOR,2015,100
Norway,NOR,2016,100
Norway,NOR,2017,100
Norway,NOR,2018,100
Norway,NOR,2019,100
Norway,NOR,2020,100
Norway,NOR,2021,100
Norway,NOR,2022,100
Norway,NOR,2023,100
Norway,NOR,2024,100
Oman,OMN,1990,100
Oman,OMN,1991,100
Oman,OMN,1992,100
Oman,OMN,1993,100
Oman,OMN,1994,100
Oman,OMN,1995,100
Oman,OMN,1996,100
Oman,OMN,1997,100
Oman,OMN,1998,100
Oman,OMN,1999,100
Oman,OMN,2000,100
Oman,OMN,2001,100
Oman,OMN,2002,100
Oman,OMN,2003,100
Oman,OMN,2004,100
Oman,OMN,2005,99.9
Oman,OMN,2006,99.9
Oman,OMN,2007,100
Oman,OMN,2008,100
Oman,OMN,2009,100
Oman,OMN,2010,100
Oman,OMN,2011,100
Oman,OMN,2012,100
Oman,OMN,2013,100
Oman,OMN,2014,100
Oman,OMN,2015,100
Oman,OMN,2016,100
Oman,OMN,2017,100
Oman,OMN,2018,100
Oman,OMN,2019,100
Oman,OMN,2020,100
Oman,OMN,2021,100
Oman,OMN,2022,100
Oman,OMN,2023,100
Oman,OMN,2024,100
Pakistan,PAK,1998,70.46
Pakistan,PAK,1999,70.26535
Pakistan,PAK,2000,72.8
Pakistan,PAK,2001,73.9
Pakistan,PAK,2002,74.9
Pakistan,PAK,2003,76
Pakistan,PAK,2004,77
Pakistan,PAK,2005,78.1
Pakistan,PAK,2006,79.1
Pakistan,PAK,2007,80.2
Pakistan,PAK,2008,81.4
Pakistan,PAK,2009,82.5
Pakistan,PAK,2010,87.1
Pakistan,PAK,2011,87.8
Pakistan,PAK,2012,88.6
Pakistan,PAK,2013,89.3
Pakistan,PAK,2014,90.1
Pakistan,PAK,2015,91
Pakistan,PAK,2016,91.8
Pakistan,PAK,2017,92.7
Pakistan,PAK,2018,93.4
Pakistan,PAK,2019,93.9
Pakistan,PAK,2020,94.5
Pakistan,PAK,2021,94.9
Pakistan,PAK,2022,95
Pakistan,PAK,2023,95.6
Pakistan,PAK,2024,95.7
Palau,PLW,1990,96.62535
Palau,PLW,1991,96.7627
Palau,PLW,1992,96.89993
Palau,PLW,1993,97.03649
Palau,PLW,1994,97.171684
Palau,PLW,1995,97.30484
Palau,PLW,1996,97.43527
Palau,PLW,1997,97.56231
Palau,PLW,1998,97.685265
Palau,PLW,1999,97.803375
Palau,PLW,2000,97.9
Palau,PLW,2001,98
Palau,PLW,2002,98
Palau,PLW,2003,98.1
Palau,PLW,2004,98.1
Palau,PLW,2005,98.9
Palau,PLW,2006,98.3
Palau,PLW,2007,98.4
Palau,PLW,2008,98.5
Palau,PLW,2009,98.6
Palau,PLW,2010,98.8
Palau,PLW,2011,98.9
Palau,PLW,2012,97.6
Palau,PLW,2013,99.2
Palau,PLW,2014,99.8
Palau,PLW,2015,99.5
Palau,PLW,2016,100
Palau,PLW,2017,100
Palau,PLW,2018,100
Palau,PLW,2019,100
Palau,PLW,2020,100
Palau,PLW,2021,100
Palau,PLW,2022,100
Palau,PLW,2023,100
Palau,PLW,2024,100
Palestine,PSE,1997,97.9
Palestine,PSE,1998,98.5393
Palestine,PSE,1999,98.62315
Palestine,PSE,2000,99.7
Palestine,PSE,2001,99.1
Palestine,PSE,2002,99.2
Palestine,PSE,2003,99.1
Palestine,PSE,2004,99.5
Palestine,PSE,2005,99.6
Palestine,PSE,2006,99.7
Palestine,PSE,2007,98.8
Palestine,PSE,2008,99.8
Palestine,PSE,2009,99.9
Palestine,PSE,2010,99.9
Palestine,PSE,2011,99.7
Palestine,PSE,2012,99.8
Palestine,PSE,2013,99.9
Palestine,PSE,2014,99.9
Palestine,PSE,2015,99.9
Palestine,PSE,2016,100
Palestine,PSE,2017,99.9
Palestine,PSE,2018,100
Palestine,PSE,2019,100
Palestine,PSE,2020,100
Palestine,PSE,2021,100
Palestine,PSE,2022,100
Palestine,PSE,2023,100
Palestine,PSE,2024,100
Panama,PAN,1990,70.19
Panama,PAN,1991,73.44313
Panama,PAN,1992,74.25564
Panama,PAN,1993,75.06746
Panama,PAN,1994,75.87792
Panama,PAN,1995,76.68634
Panama,PAN,1996,77.49204
Panama,PAN,1997,78.29435
Panama,PAN,1998,79.092575
Panama,PAN,1999,79.885956
Panama,PAN,2000,81.4
Panama,PAN,2001,81.5
Panama,PAN,2002,82.1
Panama,PAN,2003,87.8
Panama,PAN,2004,83.4
Panama,PAN,2005,84.1
Panama,PAN,2006,84.8
Panama,PAN,2007,85.5
Panama,PAN,2008,86.3
Panama,PAN,2009,87
Panama,PAN,2010,86.8
Panama,PAN,2011,88.6
Panama,PAN,2012,89.3
Panama,PAN,2013,89.1
Panama,PAN,2014,90.8
Panama,PAN,2015,91.6
Panama,PAN,2016,92.4
Panama,PAN,2017,93.7
Panama,PAN,2018,93.8
Panama,PAN,2019,93.9
Panama,PAN,2020,95.3
Panama,PAN,2021,95.3
Panama,PAN,2022,95
Panama,PAN,2023,97
Panama,PAN,2024,96
Papua New Guinea,PNG,1996,11
Papua New Guinea,PNG,1997,2.1584826
Papua New Guinea,PNG,1998,4.2950897
Papua New Guinea,PNG,1999,6.426855
Papua New Guinea,PNG,2000,12.4
Papua New Guinea,PNG,2001,12.7
Papua New Guinea,PNG,2002,13.1
Papua New Guinea,PNG,2003,13.4
Papua New Guinea,PNG,2004,13.8
Papua New Guinea,PNG,2005,14.1
Papua New Guinea,PNG,2006,12.4
Papua New Guinea,PNG,2007,14.9
Papua New Guinea,PNG,2008,15.3
Papua New Guinea,PNG,2009,17.2
Papua New Guinea,PNG,2010,19.5
Papua New Guinea,PNG,2011,17.3
Papua New Guinea,PNG,2012,17.5
Papua New Guinea,PNG,2013,17.8
Papua New Guinea,PNG,2014,18.1
Papua New Guinea,PNG,2015,18.4
Papua New Guinea,PNG,2016,13.5
Papua New Guinea,PNG,2017,19.2
Papua New Guinea,PNG,2018,16.6
Papua New Guinea,PNG,2019,23.6
Papua New Guinea,PNG,2020,20.5
Papua New Guinea,PNG,2021,20.9
Papua New Guinea,PNG,2022,19
Papua New Guinea,PNG,2023,20.5
Papua New Guinea,PNG,2024,43.3
Paraguay,PRY,1995,77.46912
Paraguay,PRY,1996,86.260056
Paraguay,PRY,1997,86.41286
Paraguay,PRY,1998,87.76237
Paraguay,PRY,1999,88.51817
Paraguay,PRY,2000,89.6
Paraguay,PRY,2001,91
Paraguay,PRY,2002,91.7
Paraguay,PRY,2003,92.6
Paraguay,PRY,2004,93.2
Paraguay,PRY,2005,94.7
Paraguay,PRY,2006,96.7
Paraguay,PRY,2007,96.5
Paraguay,PRY,2008,96.7
Paraguay,PRY,2009,96.9
Paraguay,PRY,2010,97.4
Paraguay,PRY,2011,98.2
Paraguay,PRY,2012,97.8
Paraguay,PRY,2013,99
Paraguay,PRY,2014,99
Paraguay,PRY,2015,99.3
Paraguay,PRY,2016,98.4
Paraguay,PRY,2017,99.3
Paraguay,PRY,2018,99.6
Paraguay,PRY,2019,99.7
Paraguay,PRY,2020,99.7
Paraguay,PRY,2021,100
Paraguay,PRY,2022,100
Paraguay,PRY,2023,99.8
Paraguay,PRY,2024,99.8
Peru,PER,1992,70.1
Peru,PER,1993,64.74899
Peru,PER,1994,66.05293
Peru,PER,1995,67.354836
Peru,PER,1996,67
Peru,PER,1997,69.16024
Peru,PER,1998,72.07206
Peru,PER,1999,74.07852
Peru,PER,2000,72.5
Peru,PER,2001,72.1
Peru,PER,2002,74.4
Peru,PER,2003,74.4
Peru,PER,2004,75.7
Peru,PER,2005,77.2
Peru,PER,2006,80.2
Peru,PER,2007,82
Peru,PER,2008,84.7
Peru,PER,2009,86.4
Peru,PER,2010,88.1
Peru,PER,2011,89.7
Peru,PER,2012,91.1
Peru,PER,2013,92.1
Peru,PER,2014,92.9
Peru,PER,2015,93.9
Peru,PER,2016,94.2
Peru,PER,2017,94.8
Peru,PER,2018,95.2
Peru,PER,2019,95.6
Peru,PER,2020,96.2
Peru,PER,2021,95.6
Peru,PER,2022,96.2
Peru,PER,2023,96.2
Peru,PER,2024,96.5
Philippines,PHL,1993,65.4
Philippines,PHL,1994,68.018555
Philippines,PHL,1995,69.13312
Philippines,PHL,1996,70.24496
Philippines,PHL,1997,71.35339
Philippines,PHL,1998,71.3
Philippines,PHL,1999,71.87417
Philippines,PHL,2000,74.7
Philippines,PHL,2001,75.7
Philippines,PHL,2002,76.7
Philippines,PHL,2003,76.6
Philippines,PHL,2004,87.6
Philippines,PHL,2005,79.8
Philippines,PHL,2006,80.2
Philippines,PHL,2007,82
Philippines,PHL,2008,83.3
Philippines,PHL,2009,84.3
Philippines,PHL,2010,85.5
Philippines,PHL,2011,87.2
Philippines,PHL,2012,87.1
Philippines,PHL,2013,87.5
Philippines,PHL,2014,89.8
Philippines,PHL,2015,89.1
Philippines,PHL,2016,92
Philippines,PHL,2017,93
Philippines,PHL,2018,94.2
Philippines,PHL,2019,95.3
Philippines,PHL,2020,96.4
Philippines,PHL,2021,97.5
Philippines,PHL,2022,94.8
Philippines,PHL,2023,98
Philippines,PHL,2024,94.8
Poland,POL,1990,100
Poland,POL,1991,100
Poland,POL,1992,100
Poland,POL,1993,100
Poland,POL,1994,100
Poland,POL,1995,100
Poland,POL,1996,100
Poland,POL,1997,100
Poland,POL,1998,100
Poland,POL,1999,100
Poland,POL,2000,100
Poland,POL,2001,100
Poland,POL,2002,100
Poland,POL,2003,99.9
Poland,POL,2004,99.9
Poland,POL,2005,99.8
Poland,POL,2006,99.8
Poland,POL,2007,99.8
Poland,POL,2008,99.8
Poland,POL,2009,100
Poland,POL,2010,100
Poland,POL,2011,100
Poland,POL,2012,100
Poland,POL,2013,100
Poland,POL,2014,100
Poland,POL,2015,100
Poland,POL,2016,100
Poland,POL,2017,100
Poland,POL,2018,100
Poland,POL,2019,100
Poland,POL,2020,100
Poland,POL,2021,100
Poland,POL,2022,100
Poland,POL,2023,100
Poland,POL,2024,100
Portugal,PRT,1990,100
Portugal,PRT,1991,100
Portugal,PRT,1992,100
Portugal,PRT,1993,100
Portugal,PRT,1994,100
Portugal,PRT,1995,100
Portugal,PRT,1996,100
Portugal,PRT,1997,100
Portugal,PRT,1998,100
Portugal,PRT,1999,100
Portugal,PRT,2000,100
Portugal,PRT,2001,100
Portugal,PRT,2002,100
Portugal,PRT,2003,100
Portugal,PRT,2004,100
Portugal,PRT,2005,100
Portugal,PRT,2006,100
Portugal,PRT,2007,100
Portugal,PRT,2008,100
Portugal,PRT,2009,100
Portugal,PRT,2010,100
Portugal,PRT,2011,100
Portugal,PRT,2012,100
Portugal,PRT,2013,100
Portugal,PRT,2014,100
Portugal,PRT,2015,100
Portugal,PRT,2016,100
Portugal,PRT,2017,100
Portugal,PRT,2018,100
Portugal,PRT,2019,100
Portugal,PRT,2020,100
Portugal,PRT,2021,100
Portugal,PRT,2022,100
Portugal,PRT,2023,100
Portugal,PRT,2024,100
Puerto Rico,PRI,1990,99.98343
Puerto Rico,PRI,1991,99.993095
Puerto Rico,PRI,1992,99.99862
Puerto Rico,PRI,1993,100
Puerto Rico,PRI,1994,100
Puerto Rico,PRI,1995,100
Puerto Rico,PRI,1996,100
Puerto Rico,PRI,1997,100
Puerto Rico,PRI,1998,100
Puerto Rico,PRI,1999,100
Puerto Rico,PRI,2000,100
Puerto Rico,PRI,2001,100
Puerto Rico,PRI,2002,100
Puerto Rico,PRI,2003,100
Puerto Rico,PRI,2004,100
Puerto Rico,PRI,2005,100
Puerto Rico,PRI,2006,100
Puerto Rico,PRI,2007,100
Puerto Rico,PRI,2008,100
Puerto Rico,PRI,2009,100
Puerto Rico,PRI,2010,100
Puerto Rico,PRI,2011,100
Puerto Rico,PRI,2012,100
Puerto Rico,PRI,2013,100
Puerto Rico,PRI,2014,100
Puerto Rico,PRI,2015,100
Puerto Rico,PRI,2016,100
Puerto Rico,PRI,2017,100
Puerto Rico,PRI,2018,100
Puerto Rico,PRI,2019,100
Puerto Rico,PRI,2020,100
Puerto Rico,PRI,2021,100
Puerto Rico,PRI,2022,100
Puerto Rico,PRI,2023,100
Puerto Rico,PRI,2024,100
Qatar,QAT,1990,100
Qatar,QAT,1991,100
Qatar,QAT,1992,100
Qatar,QAT,1993,100
Qatar,QAT,1994,100
Qatar,QAT,1995,100
Qatar,QAT,1996,100
Qatar,QAT,1997,100
Qatar,QAT,1998,100
Qatar,QAT,1999,100
Qatar,QAT,2000,100
Qatar,QAT,2001,100
Qatar,QAT,2002,100
Qatar,QAT,2003,100
Qatar,QAT,2004,100
Qatar,QAT,2005,100
Qatar,QAT,2006,100
Qatar,QAT,2007,100
Qatar,QAT,2008,100
Qatar,QAT,2009,100
Qatar,QAT,2010,100
Qatar,QAT,2011,100
Qatar,QAT,2012,100
Qatar,QAT,2013,100
Qatar,QAT,2014,100
Qatar,QAT,2015,100
Qatar,QAT,2016,100
Qatar,QAT,2017,100
Qatar,QAT,2018,100
Qatar,QAT,2019,100
Qatar,QAT,2020,100
Qatar,QAT,2021,100
Qatar,QAT,2022,100
Qatar,QAT,2023,100
Qatar,QAT,2024,100
Romania,ROU,1990,100
Romania,ROU,1991,100
Romania,ROU,1992,100
Romania,ROU,1993,100
Romania,ROU,1994,100
Romania,ROU,1995,100
Romania,ROU,1996,100
Romania,ROU,1997,100
Romania,ROU,1998,100
Romania,ROU,1999,100
Romania,ROU,2000,94.4
Romania,ROU,2001,94.6
Romania,ROU,2002,94.9
Romania,ROU,2003,95.1
Romania,ROU,2004,95.3
Romania,ROU,2005,95.6
Romania,ROU,2006,95.9
Romania,ROU,2007,96.1
Romania,ROU,2008,96.5
Romania,ROU,2009,96.8
Romania,ROU,2010,97.1
Romania,ROU,2011,97.4
Romania,ROU,2012,97.8
Romania,ROU,2013,98.1
Romania,ROU,2014,98.4
Romania,ROU,2015,98.8
Romania,ROU,2016,99.1
Romania,ROU,2017,100
Romania,ROU,2018,99.8
Romania,ROU,2019,100
Romania,ROU,2020,100
Romania,ROU,2021,100
Romania,ROU,2022,100
Romania,ROU,2023,100
Romania,ROU,2024,100
Russia,RUS,1990,100
Russia,RUS,1991,100
Russia,RUS,1992,100
Russia,RUS,1993,100
Russia,RUS,1994,100
Russia,RUS,1995,100
Russia,RUS,1996,100
Russia,RUS,1997,100
Russia,RUS,1998,100
Russia,RUS,1999,100
Russia,RUS,2000,97.8
Russia,RUS,2001,97.9
Russia,RUS,2002,97.9
Russia,RUS,2003,97.9
Russia,RUS,2004,98
Russia,RUS,2005,98
Russia,RUS,2006,98.1
Russia,RUS,2007,98.2
Russia,RUS,2008,98.3
Russia,RUS,2009,98.4
Russia,RUS,2010,99.3
Russia,RUS,2011,99.2
Russia,RUS,2012,100
Russia,RUS,2013,100
Russia,RUS,2014,100
Russia,RUS,2015,95.5
Russia,RUS,2016,99.4
Russia,RUS,2017,100
Russia,RUS,2018,100
Russia,RUS,2019,99.8
Russia,RUS,2020,99.9
Russia,RUS,2021,100
Russia,RUS,2022,100
Russia,RUS,2023,100
Russia,RUS,2024,100
Rwanda,RWA,1992,2.3
Rwanda,RWA,1997,1.027836
Rwanda,RWA,1998,2.1741276
Rwanda,RWA,1999,3.315577
Rwanda,RWA,2000,6.2
Rwanda,RWA,2001,4.7
Rwanda,RWA,2002,6
Rwanda,RWA,2003,7.4
Rwanda,RWA,2004,8.7
Rwanda,RWA,2005,4.8
Rwanda,RWA,2006,11.4
Rwanda,RWA,2007,12.8
Rwanda,RWA,2008,6
Rwanda,RWA,2009,15.6
Rwanda,RWA,2010,9.7
Rwanda,RWA,2011,10.8
Rwanda,RWA,2012,17.5
Rwanda,RWA,2013,15.2
Rwanda,RWA,2014,19.8
Rwanda,RWA,2015,22.8
Rwanda,RWA,2016,29.4
Rwanda,RWA,2017,34.1
Rwanda,RWA,2018,38
Rwanda,RWA,2019,46.6
Rwanda,RWA,2020,45.2
Rwanda,RWA,2021,48.7
Rwanda,RWA,2022,50.6
Rwanda,RWA,2023,63.9
Rwanda,RWA,2024,72
Saint Kitts and Nevis,KNA,1990,91.306816
Saint Kitts and Nevis,KNA,1991,91.67117
Saint Kitts and Nevis,KNA,1992,92.03543
Saint Kitts and Nevis,KNA,1993,92.399
Saint Kitts and Nevis,KNA,1994,92.76121
Saint Kitts and Nevis,KNA,1995,93.12138
Saint Kitts and Nevis,KNA,1996,93.478836
Saint Kitts and Nevis,KNA,1997,93.832886
Saint Kitts and Nevis,KNA,1998,94.18286
Saint Kitts and Nevis,KNA,1999,94.52799
Saint Kitts and Nevis,KNA,2000,95.4
Saint Kitts and Nevis,KNA,2001,93.5
Saint Kitts and Nevis,KNA,2002,95.8
Saint Kitts and Nevis,KNA,2003,96
Saint Kitts and Nevis,KNA,2004,96.3
Saint Kitts and Nevis,KNA,2005,96.5
Saint Kitts and Nevis,KNA,2006,96.7
Saint Kitts and Nevis,KNA,2007,97
Saint Kitts and Nevis,KNA,2008,97.3
Saint Kitts and Nevis,KNA,2009,97.6
Saint Kitts and Nevis,KNA,2010,99.8
Saint Kitts and Nevis,KNA,2011,100
Saint Kitts and Nevis,KNA,2012,100
Saint Kitts and Nevis,KNA,2013,100
Saint Kitts and Nevis,KNA,2014,100
Saint Kitts and Nevis,KNA,2015,100
Saint Kitts and Nevis,KNA,2016,100
Saint Kitts and Nevis,KNA,2017,100
Saint Kitts and Nevis,KNA,2018,100
Saint Kitts and Nevis,KNA,2019,100
Saint Kitts and Nevis,KNA,2020,100
Saint Kitts and Nevis,KNA,2021,100
Saint Kitts and Nevis,KNA,2022,100
Saint Kitts and Nevis,KNA,2023,100
Saint Kitts and Nevis,KNA,2024,100
Saint Lucia,LCA,2000,86
Saint Lucia,LCA,2001,89.9
Saint Lucia,LCA,2002,87.7
Saint Lucia,LCA,2003,88.5
Saint Lucia,LCA,2004,89.3
Saint Lucia,LCA,2005,90.1
Saint Lucia,LCA,2006,90.9
Saint Lucia,LCA,2007,91.8
Saint Lucia,LCA,2008,92.7
Saint Lucia,LCA,2009,93.5
Saint Lucia,LCA,2010,94.2
Saint Lucia,LCA,2011,95.4
Saint Lucia,LCA,2012,95.3
Saint Lucia,LCA,2013,97.2
Saint Lucia,LCA,2014,98.1
Saint Lucia,LCA,2015,99
Saint Lucia,LCA,2016,99.8
Saint Lucia,LCA,2017,99.9
Saint Lucia,LCA,2018,100
Saint Lucia,LCA,2019,100
Saint Lucia,LCA,2020,100
Saint Lucia,LCA,2021,100
Saint Lucia,LCA,2022,100
Saint Lucia,LCA,2023,100
Saint Lucia,LCA,2024,100
Saint Martin (French part),MAF,1990,100
Saint Martin (French part),MAF,1991,100
Saint Martin (French part),MAF,1992,100
Saint Martin (French part),MAF,1993,100
Saint Martin (French part),MAF,1994,100
Saint Martin (French part),MAF,1995,100
Saint Martin (French part),MAF,1996,100
Saint Martin (French part),MAF,1997,100
Saint Martin (French part),MAF,1998,100
Saint Martin (French part),MAF,1999,100
Saint Martin (French part),MAF,2000,100
Saint Martin (French part),MAF,2001,99.9
Saint Martin (French part),MAF,2002,99.9
Saint Martin (French part),MAF,2003,99.8
Saint Martin (French part),MAF,2004,99.8
Saint Martin (French part),MAF,2005,99.7
Saint Martin (French part),MAF,2006,99.7
Saint Martin (French part),MAF,2007,99.7
Saint Martin (French part),MAF,2008,99.7
Saint Martin (French part),MAF,2009,99.7
Saint Martin (French part),MAF,2010,100
Saint Martin (French part),MAF,2011,100
Saint Martin (French part),MAF,2012,100
Saint Martin (French part),MAF,2013,100
Saint Martin (French part),MAF,2014,100
Saint Martin (French part),MAF,2015,100
Saint Martin (French part),MAF,2016,100
Saint Martin (French part),MAF,2017,100
Saint Martin (French part),MAF,2018,100
Saint Martin (French part),MAF,2019,100
Saint Martin (French part),MAF,2020,100
Saint Martin (French part),MAF,2021,100
Saint Martin (French part),MAF,2022,100
Saint Martin (French part),MAF,2023,100
Saint Martin (French part),MAF,2024,100
Saint Vincent and the Grenadines,VCT,1991,66.8
Saint Vincent and the Grenadines,VCT,1992,69.11443
Saint Vincent and the Grenadines,VCT,1993,70.46484
Saint Vincent and the Grenadines,VCT,1994,71.813896
Saint Vincent and the Grenadines,VCT,1995,73.160904
Saint Vincent and the Grenadines,VCT,1996,74.5052
Saint Vincent and the Grenadines,VCT,1997,75.84609
Saint Vincent and the Grenadines,VCT,1998,77.18291
Saint Vincent and the Grenadines,VCT,1999,78.51488
Saint Vincent and the Grenadines,VCT,2000,80
Saint Vincent and the Grenadines,VCT,2001,82.4
Saint Vincent and the Grenadines,VCT,2002,82.4
Saint Vincent and the Grenadines,VCT,2003,83.7
Saint Vincent and the Grenadines,VCT,2004,84.9
Saint Vincent and the Grenadines,VCT,2005,86.2
Saint Vincent and the Grenadines,VCT,2006,87.5
Saint Vincent and the Grenadines,VCT,2007,88.8
Saint Vincent and the Grenadines,VCT,2008,90.1
Saint Vincent and the Grenadines,VCT,2009,91.4
Saint Vincent and the Grenadines,VCT,2010,92.7
Saint Vincent and the Grenadines,VCT,2011,94.1
Saint Vincent and the Grenadines,VCT,2012,95.4
Saint Vincent and the Grenadines,VCT,2013,96.8
Saint Vincent and the Grenadines,VCT,2014,98.1
Saint Vincent and the Grenadines,VCT,2015,99.4
Saint Vincent and the Grenadines,VCT,2016,99.7
Saint Vincent and the Grenadines,VCT,2017,100
Saint Vincent and the Grenadines,VCT,2018,100
Saint Vincent and the Grenadines,VCT,2019,100
Saint Vincent and the Grenadines,VCT,2020,100
Saint Vincent and the Grenadines,VCT,2021,100
Saint Vincent and the Grenadines,VCT,2022,100
Saint Vincent and the Grenadines,VCT,2023,100
Saint Vincent and the Grenadines,VCT,2024,100
Samoa,WSM,1991,78.8
Samoa,WSM,1992,81.64017
Samoa,WSM,1993,82.42459
Samoa,WSM,1994,80
Samoa,WSM,1995,83.98869
Samoa,WSM,1996,84.767
Samoa,WSM,1997,85.54191
Samoa,WSM,1998,86.312744
Samoa,WSM,1999,87.07873
Samoa,WSM,2000,88
Samoa,WSM,2001,88.7
Samoa,WSM,2002,89.3
Samoa,WSM,2003,89.9
Samoa,WSM,2004,90.5
Samoa,WSM,2005,91.1
Samoa,WSM,2006,96.4
Samoa,WSM,2007,92.5
Samoa,WSM,2008,98.1
Samoa,WSM,2009,97.9
Samoa,WSM,2010,96.4
Samoa,WSM,2011,96.7
Samoa,WSM,2012,96.8
Samoa,WSM,2013,97
Samoa,WSM,2014,97.9
Samoa,WSM,2015,98.2
Samoa,WSM,2016,98.9
Samoa,WSM,2017,96.8
Samoa,WSM,2018,99.8
Samoa,WSM,2019,99.2
Samoa,WSM,2020,100
Samoa,WSM,2021,98.3
Samoa,WSM,2022,98.3
Samoa,WSM,2023,100
Samoa,WSM,2024,100
San Marino,SMR,1990,100
San Marino,SMR,1991,100
San Marino,SMR,1992,100
San Marino,SMR,1993,100
San Marino,SMR,1994,100
San Marino,SMR,1995,100
San Marino,SMR,1996,100
San Marino,SMR,1997,100
San Marino,SMR,1998,100
San Marino,SMR,1999,100
San Marino,SMR,2000,100
San Marino,SMR,2001,100
San Marino,SMR,2002,100
San Marino,SMR,2003,100
San Marino,SMR,2004,100
San Marino,SMR,2005,100
San Marino,SMR,2006,100
San Marino,SMR,2007,100
San Marino,SMR,2008,100
San Marino,SMR,2009,100
San Marino,SMR,2010,100
San Marino,SMR,2011,100
San Marino,SMR,2012,100
San Marino,SMR,2013,100
San Marino,SMR,2014,100
San Marino,SMR,2015,100
San Marino,SMR,2016,100
San Marino,SMR,2017,100
San Marino,SMR,2018,100
San Marino,SMR,2019,100
San Marino,SMR,2020,100
San Marino,SMR,2021,100
San Marino,SMR,2022,100
San Marino,SMR,2023,100
San Marino,SMR,2024,100
Sao Tome and Principe,STP,2000,52.9
Sao Tome and Principe,STP,2001,51.5
Sao Tome and Principe,STP,2002,52.5
Sao Tome and Principe,STP,2003,53.6
Sao Tome and Principe,STP,2004,54.7
Sao Tome and Principe,STP,2005,55.8
Sao Tome and Principe,STP,2006,56.9
Sao Tome and Principe,STP,2007,58
Sao Tome and Principe,STP,2008,59.1
Sao Tome and Principe,STP,2009,56.9
Sao Tome and Principe,STP,2010,61.4
Sao Tome and Principe,STP,2011,62.6
Sao Tome and Principe,STP,2012,57.9
Sao Tome and Principe,STP,2013,65
Sao Tome and Principe,STP,2014,68.6
Sao Tome and Principe,STP,2015,67.3
Sao Tome and Principe,STP,2016,69.4
Sao Tome and Principe,STP,2017,74.3
Sao Tome and Principe,STP,2018,71
Sao Tome and Principe,STP,2019,75.1
Sao Tome and Principe,STP,2020,76.8
Sao Tome and Principe,STP,2021,78.5
Sao Tome and Principe,STP,2022,78
Sao Tome and Principe,STP,2023,81.3
Sao Tome and Principe,STP,2024,77.7
Saudi Arabia,SAU,1990,100
Saudi Arabia,SAU,1991,100
Saudi Arabia,SAU,1992,100
Saudi Arabia,SAU,1993,100
Saudi Arabia,SAU,1994,100
Saudi Arabia,SAU,1995,100
Saudi Arabia,SAU,1996,100
Saudi Arabia,SAU,1997,100
Saudi Arabia,SAU,1998,100
Saudi Arabia,SAU,1999,100
Saudi Arabia,SAU,2000,100
Saudi Arabia,SAU,2001,100
Saudi Arabia,SAU,2002,100
Saudi Arabia,SAU,2003,100
Saudi Arabia,SAU,2004,100
Saudi Arabia,SAU,2005,100
Saudi Arabia,SAU,2006,100
Saudi Arabia,SAU,2007,100
Saudi Arabia,SAU,2008,100
Saudi Arabia,SAU,2009,100
Saudi Arabia,SAU,2010,100
Saudi Arabia,SAU,2011,100
Saudi Arabia,SAU,2012,100
Saudi Arabia,SAU,2013,100
Saudi Arabia,SAU,2014,100
Saudi Arabia,SAU,2015,100
Saudi Arabia,SAU,2016,99.9
Saudi Arabia,SAU,2017,100
Saudi Arabia,SAU,2018,99.9
Saudi Arabia,SAU,2019,100
Saudi Arabia,SAU,2020,100
Saudi Arabia,SAU,2021,100
Saudi Arabia,SAU,2022,100
Saudi Arabia,SAU,2023,100
Saudi Arabia,SAU,2024,100
Senegal,SEN,1993,26
Senegal,SEN,1994,27.190487
Senegal,SEN,1995,28.857191
Senegal,SEN,1996,30.521177
Senegal,SEN,1997,32.2
Senegal,SEN,1998,33.83827
Senegal,SEN,1999,36.2
Senegal,SEN,2000,37.7
Senegal,SEN,2001,38.9
Senegal,SEN,2002,36.8
Senegal,SEN,2003,41.9
Senegal,SEN,2004,36.8
Senegal,SEN,2005,47.1
Senegal,SEN,2006,49.9
Senegal,SEN,2007,48.1
Senegal,SEN,2008,49.7
Senegal,SEN,2009,53.5
Senegal,SEN,2010,56.5
Senegal,SEN,2011,56.5
Senegal,SEN,2012,56.5
Senegal,SEN,2013,57
Senegal,SEN,2014,61
Senegal,SEN,2015,60.5
Senegal,SEN,2016,64.5
Senegal,SEN,2017,61.7
Senegal,SEN,2018,66
Senegal,SEN,2019,70.4
Senegal,SEN,2020,64.3
Senegal,SEN,2021,68
Senegal,SEN,2022,67.9
Senegal,SEN,2023,74.2
Senegal,SEN,2024,82.9
Serbia,SRB,1990,100
Serbia,SRB,1991,100
Serbia,SRB,1992,100
Serbia,SRB,1993,100
Serbia,SRB,1994,100
Serbia,SRB,1995,100
Serbia,SRB,1996,100
Serbia,SRB,1997,100
Serbia,SRB,1998,100
Serbia,SRB,1999,100
Serbia,SRB,2000,99.9
Serbia,SRB,2001,99.8
Serbia,SRB,2002,100
Serbia,SRB,2003,99.7
Serbia,SRB,2004,99.6
Serbia,SRB,2005,99.7
Serbia,SRB,2006,99.6
Serbia,SRB,2007,99.6
Serbia,SRB,2008,99.6
Serbia,SRB,2009,99.6
Serbia,SRB,2010,99.7
Serbia,SRB,2011,99.7
Serbia,SRB,2012,99.8
Serbia,SRB,2013,99.9
Serbia,SRB,2014,99.7
Serbia,SRB,2015,99.9
Serbia,SRB,2016,99.9
Serbia,SRB,2017,100
Serbia,SRB,2018,100
Serbia,SRB,2019,99.8
Serbia,SRB,2020,100
Serbia,SRB,2021,100
Serbia,SRB,2022,100
Serbia,SRB,2023,100
Serbia,SRB,2024,100
Seychelles,SYC,1994,90
Seychelles,SYC,1995,92.17365
Seychelles,SYC,1996,92.55249
Seychelles,SYC,1997,92
Seychelles,SYC,1998,93.29929
Seychelles,SYC,1999,93.66581
Seychelles,SYC,2000,94.1
Seychelles,SYC,2001,94.4
Seychelles,SYC,2002,96.1
Seychelles,SYC,2003,94.9
Seychelles,SYC,2004,95.2
Seychelles,SYC,2005,95.5
Seychelles,SYC,2006,99
Seychelles,SYC,2007,96.1
Seychelles,SYC,2008,96.5
Seychelles,SYC,2009,96.8
Seychelles,SYC,2010,97
Seychelles,SYC,2011,98.1
Seychelles,SYC,2012,98.3
Seychelles,SYC,2013,98
Seychelles,SYC,2014,100
Seychelles,SYC,2015,100
Seychelles,SYC,2016,100
Seychelles,SYC,2017,100
Seychelles,SYC,2018,100
Seychelles,SYC,2019,100
Seychelles,SYC,2020,100
Seychelles,SYC,2021,100
Seychelles,SYC,2022,100
Seychelles,SYC,2023,100
Seychelles,SYC,2024,100
Sierra Leone,SLE,2000,7.7
Sierra Leone,SLE,2001,8.5
Sierra Leone,SLE,2002,9.2
Sierra Leone,SLE,2003,9.9
Sierra Leone,SLE,2004,16.8
Sierra Leone,SLE,2005,11.3
Sierra Leone,SLE,2006,12.2
Sierra Leone,SLE,2007,13
Sierra Leone,SLE,2008,12.1
Sierra Leone,SLE,2009,14.6
Sierra Leone,SLE,2010,11.5
Sierra Leone,SLE,2011,14.2
Sierra Leone,SLE,2012,17.2
Sierra Leone,SLE,2013,13.5
Sierra Leone,SLE,2014,18.8
Sierra Leone,SLE,2015,19.7
Sierra Leone,SLE,2016,20.3
Sierra Leone,SLE,2017,23.4
Sierra Leone,SLE,2018,26.1
Sierra Leone,SLE,2019,22.7
Sierra Leone,SLE,2020,26.3
Sierra Leone,SLE,2021,27.5
Sierra Leone,SLE,2022,29.4
Sierra Leone,SLE,2023,35.5
Sierra Leone,SLE,2024,39.2
Singapore,SGP,1990,100
Singapore,SGP,1991,100
Singapore,SGP,1992,100
Singapore,SGP,1993,100
Singapore,SGP,1994,100
Singapore,SGP,1995,100
Singapore,SGP,1996,100
Singapore,SGP,1997,100
Singapore,SGP,1998,100
Singapore,SGP,1999,100
Singapore,SGP,2000,100
Singapore,SGP,2001,100
Singapore,SGP,2002,100
Singapore,SGP,2003,100
Singapore,SGP,2004,100
Singapore,SGP,2005,100
Singapore,SGP,2006,100
Singapore,SGP,2007,100
Singapore,SGP,2008,100
Singapore,SGP,2009,100
Singapore,SGP,2010,100
Singapore,SGP,2011,100
Singapore,SGP,2012,100
Singapore,SGP,2013,100
Singapore,SGP,2014,100
Singapore,SGP,2015,100
Singapore,SGP,2016,100
Singapore,SGP,2017,100
Singapore,SGP,2018,100
Singapore,SGP,2019,100
Singapore,SGP,2020,100
Singapore,SGP,2021,100
Singapore,SGP,2022,100
Singapore,SGP,2023,100
Singapore,SGP,2024,100
Sint Maarten (Dutch part),SXM,1990,100
Sint Maarten (Dutch part),SXM,1991,100
Sint Maarten (Dutch part),SXM,1992,100
Sint Maarten (Dutch part),SXM,1993,100
Sint Maarten (Dutch part),SXM,1994,100
Sint Maarten (Dutch part),SXM,1995,100
Sint Maarten (Dutch part),SXM,1996,100
Sint Maarten (Dutch part),SXM,1997,100
Sint Maarten (Dutch part),SXM,1998,100
Sint Maarten (Dutch part),SXM,1999,100
Sint Maarten (Dutch part),SXM,2000,100
Sint Maarten (Dutch part),SXM,2001,99.9
Sint Maarten (Dutch part),SXM,2002,99.9
Sint Maarten (Dutch part),SXM,2003,99.8
Sint Maarten (Dutch part),SXM,2004,99.8
Sint Maarten (Dutch part),SXM,2005,99.7
Sint Maarten (Dutch part),SXM,2006,99.7
Sint Maarten (Dutch part),SXM,2007,99.7
Sint Maarten (Dutch part),SXM,2008,99.7
Sint Maarten (Dutch part),SXM,2009,99.7
Sint Maarten (Dutch part),SXM,2010,100
Sint Maarten (Dutch part),SXM,2011,100
Sint Maarten (Dutch part),SXM,2012,100
Sint Maarten (Dutch part),SXM,2013,100
Sint Maarten (Dutch part),SXM,2014,100
Sint Maarten (Dutch part),SXM,2015,100
Sint Maarten (Dutch part),SXM,2016,100
Sint Maarten (Dutch part),SXM,2017,100
Sint Maarten (Dutch part),SXM,2018,100
Sint Maarten (Dutch part),SXM,2019,100
Sint Maarten (Dutch part),SXM,2020,100
Sint Maarten (Dutch part),SXM,2021,100
Sint Maarten (Dutch part),SXM,2022,100
Sint Maarten (Dutch part),SXM,2023,100
Sint Maarten (Dutch part),SXM,2024,100
Slovakia,SVK,1990,100
Slovakia,SVK,1991,100
Slovakia,SVK,1992,100
Slovakia,SVK,1993,100
Slovakia,SVK,1994,100
Slovakia,SVK,1995,100
Slovakia,SVK,1996,100
Slovakia,SVK,1997,100
Slovakia,SVK,1998,100
Slovakia,SVK,1999,100
Slovakia,SVK,2000,100
Slovakia,SVK,2001,100
Slovakia,SVK,2002,100
Slovakia,SVK,2003,100
Slovakia,SVK,2004,100
Slovakia,SVK,2005,99.9
Slovakia,SVK,2006,99.9
Slovakia,SVK,2007,100
Slovakia,SVK,2008,100
Slovakia,SVK,2009,100
Slovakia,SVK,2010,100
Slovakia,SVK,2011,100
Slovakia,SVK,2012,100
Slovakia,SVK,2013,100
Slovakia,SVK,2014,100
Slovakia,SVK,2015,100
Slovakia,SVK,2016,100
Slovakia,SVK,2017,100
Slovakia,SVK,2018,100
Slovakia,SVK,2019,100
Slovakia,SVK,2020,100
Slovakia,SVK,2021,100
Slovakia,SVK,2022,100
Slovakia,SVK,2023,100
Slovakia,SVK,2024,100
Slovenia,SVN,1990,100
Slovenia,SVN,1991,100
Slovenia,SVN,1992,100
Slovenia,SVN,1993,100
Slovenia,SVN,1994,100
Slovenia,SVN,1995,100
Slovenia,SVN,1996,100
Slovenia,SVN,1997,100
Slovenia,SVN,1998,100
Slovenia,SVN,1999,100
Slovenia,SVN,2000,100
Slovenia,SVN,2001,100
Slovenia,SVN,2002,100
Slovenia,SVN,2003,100
Slovenia,SVN,2004,100
Slovenia,SVN,2005,100
Slovenia,SVN,2006,100
Slovenia,SVN,2007,100
Slovenia,SVN,2008,100
Slovenia,SVN,2009,100
Slovenia,SVN,2010,100
Slovenia,SVN,2011,100
Slovenia,SVN,2012,100
Slovenia,SVN,2013,100
Slovenia,SVN,2014,100
Slovenia,SVN,2015,100
Slovenia,SVN,2016,100
Slovenia,SVN,2017,100
Slovenia,SVN,2018,100
Slovenia,SVN,2019,100
Slovenia,SVN,2020,100
Slovenia,SVN,2021,100
Slovenia,SVN,2022,100
Slovenia,SVN,2023,100
Slovenia,SVN,2024,100
Solomon Islands,SLB,1999,15.7
Solomon Islands,SLB,2000,4.7
Solomon Islands,SLB,2001,7.6
Solomon Islands,SLB,2002,10.5
Solomon Islands,SLB,2003,13.4
Solomon Islands,SLB,2004,16.3
Solomon Islands,SLB,2005,19.2
Solomon Islands,SLB,2006,14.4
Solomon Islands,SLB,2007,12.9
Solomon Islands,SLB,2008,28.1
Solomon Islands,SLB,2009,21.2
Solomon Islands,SLB,2010,35.4
Solomon Islands,SLB,2011,39.1
Solomon Islands,SLB,2012,42.9
Solomon Islands,SLB,2013,44.7
Solomon Islands,SLB,2014,50.5
Solomon Islands,SLB,2015,55.1
Solomon Islands,SLB,2016,58.2
Solomon Islands,SLB,2017,62.9
Solomon Islands,SLB,2018,65.8
Solomon Islands,SLB,2019,69.4
Solomon Islands,SLB,2020,72.9
Solomon Islands,SLB,2021,76.3
Solomon Islands,SLB,2022,76
Solomon Islands,SLB,2023,81.3
Solomon Islands,SLB,2024,81.5
Somalia,SOM,2000,2.1
Somalia,SOM,2001,4.7
Somalia,SOM,2002,7.4
Somalia,SOM,2003,9.8
Somalia,SOM,2004,12.4
Somalia,SOM,2005,15
Somalia,SOM,2006,15.2
Somalia,SOM,2007,20.2
Somalia,SOM,2008,22.9
Somalia,SOM,2009,25.5
Somalia,SOM,2010,52.3
Somalia,SOM,2011,52
Somalia,SOM,2012,51.8
Somalia,SOM,2013,51.5
Somalia,SOM,2014,51.4
Somalia,SOM,2015,51.2
Somalia,SOM,2016,51.1
Somalia,SOM,2017,52.1
Somalia,SOM,2018,50.7
Somalia,SOM,2019,49.2
Somalia,SOM,2020,49.9
Somalia,SOM,2021,49.3
Somalia,SOM,2022,48.9
Somalia,SOM,2023,50.3
Somalia,SOM,2024,54.4
South Africa,ZAF,1996,57.6
South Africa,ZAF,1997,69.48335
South Africa,ZAF,1998,64.9
South Africa,ZAF,1999,71.33179
South Africa,ZAF,2000,72.4
South Africa,ZAF,2001,70.2
South Africa,ZAF,2002,76.7
South Africa,ZAF,2003,78.8
South Africa,ZAF,2004,80.6
South Africa,ZAF,2005,80.8
South Africa,ZAF,2006,80.7
South Africa,ZAF,2007,82
South Africa,ZAF,2008,81.9
South Africa,ZAF,2009,82.6
South Africa,ZAF,2010,82.8
South Africa,ZAF,2011,83.6
South Africa,ZAF,2012,85.2
South Africa,ZAF,2013,85.2
South Africa,ZAF,2014,85.9
South Africa,ZAF,2015,85.3
South Africa,ZAF,2016,83.9
South Africa,ZAF,2017,84.4
South Africa,ZAF,2018,84.7
South Africa,ZAF,2019,85
South Africa,ZAF,2020,90
South Africa,ZAF,2021,89.3
South Africa,ZAF,2022,86.5
South Africa,ZAF,2023,87.7
South Africa,ZAF,2024,90.2
South Asia (WB),WB_SA,1993,46.563984
South Asia (WB),WB_SA,1994,46.182182
South Asia (WB),WB_SA,1995,47.66468
South Asia (WB),WB_SA,1996,48.7665
South Asia (WB),WB_SA,1997,50.29601
South Asia (WB),WB_SA,1998,52.230373
South Asia (WB),WB_SA,1999,56.017742
South Asia (WB),WB_SA,2000,56.766426
South Asia (WB),WB_SA,2001,58.348522
South Asia (WB),WB_SA,2002,59.415783
South Asia (WB),WB_SA,2003,62.341103
South Asia (WB),WB_SA,2004,61.484283
South Asia (WB),WB_SA,2005,65.853645
South Asia (WB),WB_SA,2006,65.92355
South Asia (WB),WB_SA,2007,69.28488
South Asia (WB),WB_SA,2008,71.77826
South Asia (WB),WB_SA,2009,72.98659
South Asia (WB),WB_SA,2010,74.07658
South Asia (WB),WB_SA,2011,77.309166
South Asia (WB),WB_SA,2012,78.41955
South Asia (WB),WB_SA,2013,80.84745
South Asia (WB),WB_SA,2014,82.84802
South Asia (WB),WB_SA,2015,86.532776
South Asia (WB),WB_SA,2016,88.31845
South Asia (WB),WB_SA,2017,91.39838
South Asia (WB),WB_SA,2018,94.8192
South Asia (WB),WB_SA,2019,95.469894
South Asia (WB),WB_SA,2020,96.40136
South Asia (WB),WB_SA,2021,99.369316
South Asia (WB),WB_SA,2022,99.08951
South Asia (WB),WB_SA,2023,99.40879
South Asia (WB),WB_SA,2024,99.824646
South Korea,KOR,1990,99.88284
South Korea,KOR,1991,99.912674
South Korea,KOR,1992,99.942215
South Korea,KOR,1993,99.96944
South Korea,KOR,1994,99.98912
South Korea,KOR,1995,100
South Korea,KOR,1996,100
South Korea,KOR,1997,100
South Korea,KOR,1998,100
South Korea,KOR,1999,100
South Korea,KOR,2000,100
South Korea,KOR,2001,100
South Korea,KOR,2002,100
South Korea,KOR,2003,100
South Korea,KOR,2004,100
South Korea,KOR,2005,100
South Korea,KOR,2006,100
South Korea,KOR,2007,100
South Korea,KOR,2008,100
South Korea,KOR,2009,100
South Korea,KOR,2010,100
South Korea,KOR,2011,100
South Korea,KOR,2012,100
South Korea,KOR,2013,100
South Korea,KOR,2014,100
South Korea,KOR,2015,100
South Korea,KOR,2016,100
South Korea,KOR,2017,100
South Korea,KOR,2018,100
South Korea,KOR,2019,100
South Korea,KOR,2020,100
South Korea,KOR,2021,100
South Korea,KOR,2022,100
South Korea,KOR,2023,100
South Korea,KOR,2024,100
South Sudan,SSD,2007,0.8
South Sudan,SSD,2008,1.3
South Sudan,SSD,2009,3
South Sudan,SSD,2010,1.5
South Sudan,SSD,2011,2.8
South Sudan,SSD,2012,3.3
South Sudan,SSD,2013,3.8
South Sudan,SSD,2014,4.3
South Sudan,SSD,2015,4.8
South Sudan,SSD,2016,5.3
South Sudan,SSD,2017,4.2
South Sudan,SSD,2018,6.3
South Sudan,SSD,2019,6.8
South Sudan,SSD,2020,7.3
South Sudan,SSD,2021,7.7
South Sudan,SSD,2022,8.4
South Sudan,SSD,2023,5.4
South Sudan,SSD,2024,5.4
Spain,ESP,1990,100
Spain,ESP,1991,100
Spain,ESP,1992,100
Spain,ESP,1993,100
Spain,ESP,1994,100
Spain,ESP,1995,100
Spain,ESP,1996,100
Spain,ESP,1997,100
Spain,ESP,1998,100
Spain,ESP,1999,100
Spain,ESP,2000,100
Spain,ESP,2001,100
Spain,ESP,2002,100
Spain,ESP,2003,100
Spain,ESP,2004,100
Spain,ESP,2005,100
Spain,ESP,2006,100
Spain,ESP,2007,100
Spain,ESP,2008,100
Spain,ESP,2009,100
Spain,ESP,2010,100
Spain,ESP,2011,100
Spain,ESP,2012,100
Spain,ESP,2013,100
Spain,ESP,2014,100
Spain,ESP,2015,100
Spain,ESP,2016,100
Spain,ESP,2017,100
Spain,ESP,2018,100
Spain,ESP,2019,100
Spain,ESP,2020,100
Spain,ESP,2021,100
Spain,ESP,2022,100
Spain,ESP,2023,100
Spain,ESP,2024,100
Sri Lanka,LKA,2000,70.3
Sri Lanka,LKA,2001,63.6
Sri Lanka,LKA,2002,80.7
Sri Lanka,LKA,2003,75
Sri Lanka,LKA,2004,76.5
Sri Lanka,LKA,2005,78.1
Sri Lanka,LKA,2006,82
Sri Lanka,LKA,2007,80
Sri Lanka,LKA,2008,82.9
Sri Lanka,LKA,2009,87.1
Sri Lanka,LKA,2010,85.3
Sri Lanka,LKA,2011,87.8
Sri Lanka,LKA,2012,87
Sri Lanka,LKA,2013,90.2
Sri Lanka,LKA,2014,92.7
Sri Lanka,LKA,2015,94.3
Sri Lanka,LKA,2016,97.5
Sri Lanka,LKA,2017,97.5
Sri Lanka,LKA,2018,99.6
Sri Lanka,LKA,2019,99.8
Sri Lanka,LKA,2020,100
Sri Lanka,LKA,2021,100
Sri Lanka,LKA,2022,100
Sri Lanka,LKA,2023,100
Sri Lanka,LKA,2024,100
Sub-Saharan Africa (WB),WB_SSA,1996,28.512384
Sub-Saharan Africa (WB),WB_SSA,1997,28.363634
Sub-Saharan Africa (WB),WB_SSA,1998,28.568445
Sub-Saharan Africa (WB),WB_SSA,1999,30.148932
Sub-Saharan Africa (WB),WB_SSA,2000,25.705397
Sub-Saharan Africa (WB),WB_SSA,2001,26.164219
Sub-Saharan Africa (WB),WB_SSA,2002,27.339773
Sub-Saharan Africa (WB),WB_SSA,2003,29.596502
Sub-Saharan Africa (WB),WB_SSA,2004,29.372566
Sub-Saharan Africa (WB),WB_SSA,2005,29.351643
Sub-Saharan Africa (WB),WB_SSA,2006,31.203487
Sub-Saharan Africa (WB),WB_SSA,2007,32.519333
Sub-Saharan Africa (WB),WB_SSA,2008,32.40366
Sub-Saharan Africa (WB),WB_SSA,2009,32.62593
Sub-Saharan Africa (WB),WB_SSA,2010,33.3364
Sub-Saharan Africa (WB),WB_SSA,2011,35.8991
Sub-Saharan Africa (WB),WB_SSA,2012,36.775177
Sub-Saharan Africa (WB),WB_SSA,2013,38.030518
Sub-Saharan Africa (WB),WB_SSA,2014,38.35054
Sub-Saharan Africa (WB),WB_SSA,2015,39.196472
Sub-Saharan Africa (WB),WB_SSA,2016,43.82831
Sub-Saharan Africa (WB),WB_SSA,2017,43.759945
Sub-Saharan Africa (WB),WB_SSA,2018,46.41409
Sub-Saharan Africa (WB),WB_SSA,2019,47.19349
Sub-Saharan Africa (WB),WB_SSA,2020,48.540848
Sub-Saharan Africa (WB),WB_SSA,2021,50.65268
Sub-Saharan Africa (WB),WB_SSA,2022,51.50783
Sub-Saharan Africa (WB),WB_SSA,2023,53.25077
Sub-Saharan Africa (WB),WB_SSA,2024,55.110355
Sudan,SDN,1990,32.8
Sudan,SDN,1991,26.919294
Sudan,SDN,1992,27.408613
Sudan,SDN,1993,27.897253
Sudan,SDN,1994,28.384535
Sudan,SDN,1995,28.869783
Sudan,SDN,1996,29.352316
Sudan,SDN,1997,29.831457
Sudan,SDN,1998,30.306528
Sudan,SDN,1999,30.776756
Sudan,SDN,2000,23
Sudan,SDN,2001,29.4
Sudan,SDN,2002,29.7
Sudan,SDN,2003,29.9
Sudan,SDN,2004,30.2
Sudan,SDN,2005,30.5
Sudan,SDN,2006,30.8
Sudan,SDN,2007,31.1
Sudan,SDN,2008,20
Sudan,SDN,2009,29
Sudan,SDN,2010,36
Sudan,SDN,2011,38.3
Sudan,SDN,2012,40.7
Sudan,SDN,2013,43.1
Sudan,SDN,2014,44.9
Sudan,SDN,2015,48
Sudan,SDN,2016,50.5
Sudan,SDN,2017,53
Sudan,SDN,2018,55.3
Sudan,SDN,2019,57.6
Sudan,SDN,2020,59.7
Sudan,SDN,2021,61.8
Sudan,SDN,2022,63.2
Sudan,SDN,2023,66
Sudan,SDN,2024,66
Suriname,SUR,1999,99.62406
Suriname,SUR,2000,95.4
Suriname,SUR,2001,95.3
Suriname,SUR,2002,95.2
Suriname,SUR,2003,95.1
Suriname,SUR,2004,95
Suriname,SUR,2005,94.9
Suriname,SUR,2006,91
Suriname,SUR,2007,94.7
Suriname,SUR,2008,94.7
Suriname,SUR,2009,94.6
Suriname,SUR,2010,91.2
Suriname,SUR,2011,94.6
Suriname,SUR,2012,94.6
Suriname,SUR,2013,94.6
Suriname,SUR,2014,94.6
Suriname,SUR,2015,95
Suriname,SUR,2016,95.8
Suriname,SUR,2017,96.6
Suriname,SUR,2018,97.4
Suriname,SUR,2019,97.9
Suriname,SUR,2020,98.4
Suriname,SUR,2021,98.8
Suriname,SUR,2022,99
Suriname,SUR,2023,99.6
Suriname,SUR,2024,99
Sweden,SWE,1990,100
Sweden,SWE,1991,100
Sweden,SWE,1992,100
Sweden,SWE,1993,100
Sweden,SWE,1994,100
Sweden,SWE,1995,100
Sweden,SWE,1996,100
Sweden,SWE,1997,100
Sweden,SWE,1998,100
Sweden,SWE,1999,100
Sweden,SWE,2000,100
Sweden,SWE,2001,100
Sweden,SWE,2002,100
Sweden,SWE,2003,100
Sweden,SWE,2004,100
Sweden,SWE,2005,100
Sweden,SWE,2006,100
Sweden,SWE,2007,100
Sweden,SWE,2008,100
Sweden,SWE,2009,100
Sweden,SWE,2010,100
Sweden,SWE,2011,100
Sweden,SWE,2012,100
Sweden,SWE,2013,100
Sweden,SWE,2014,100
Sweden,SWE,2015,100
Sweden,SWE,2016,100
Sweden,SWE,2017,100
Sweden,SWE,2018,100
Sweden,SWE,2019,100
Sweden,SWE,2020,100
Sweden,SWE,2021,100
Sweden,SWE,2022,100
Sweden,SWE,2023,100
Sweden,SWE,2024,100
Switzerland,CHE,1990,100
Switzerland,CHE,1991,100
Switzerland,CHE,1992,100
Switzerland,CHE,1993,100
Switzerland,CHE,1994,100
Switzerland,CHE,1995,100
Switzerland,CHE,1996,100
Switzerland,CHE,1997,100
Switzerland,CHE,1998,100
Switzerland,CHE,1999,100
Switzerland,CHE,2000,100
Switzerland,CHE,2001,100
Switzerland,CHE,2002,100
Switzerland,CHE,2003,100
Switzerland,CHE,2004,100
Switzerland,CHE,2005,100
Switzerland,CHE,2006,100
Switzerland,CHE,2007,100
Switzerland,CHE,2008,100
Switzerland,CHE,2009,100
Switzerland,CHE,2010,100
Switzerland,CHE,2011,100
Switzerland,CHE,2012,100
Switzerland,CHE,2013,100
Switzerland,CHE,2014,100
Switzerland,CHE,2015,100
Switzerland,CHE,2016,100
Switzerland,CHE,2017,100
Switzerland,CHE,2018,100
Switzerland,CHE,2019,100
Switzerland,CHE,2020,100
Switzerland,CHE,2021,100
Switzerland,CHE,2022,100
Switzerland,CHE,2023,100
Switzerland,CHE,2024,100
Syria,SYR,2000,93.4
Syria,SYR,2001,93.1
Syria,SYR,2002,86.6
Syria,SYR,2003,92.6
Syria,SYR,2004,92.3
Syria,SYR,2005,92
Syria,SYR,2006,99.5
Syria,SYR,2007,91.5
Syria,SYR,2008,91.3
Syria,SYR,2009,91.1
Syria,SYR,2010,92.7
Syria,SYR,2011,91.5
Syria,SYR,2012,90.7
Syria,SYR,2013,90.4
Syria,SYR,2014,90.2
Syria,SYR,2015,90
Syria,SYR,2016,89.8
Syria,SYR,2017,89.6
Syria,SYR,2018,86
Syria,SYR,2019,89.2
Syria,SYR,2020,89
Syria,SYR,2021,88.8
Syria,SYR,2022,89
Syria,SYR,2023,88.4
Syria,SYR,2024,89.3
Tajikistan,TJK,1999,97
Tajikistan,TJK,2000,98.5
Tajikistan,TJK,2001,98.6
Tajikistan,TJK,2002,99
Tajikistan,TJK,2003,100
Tajikistan,TJK,2004,98.5
Tajikistan,TJK,2005,99.3
Tajikistan,TJK,2006,98.6
Tajikistan,TJK,2007,98.6
Tajikistan,TJK,2008,98.6
Tajikistan,TJK,2009,99
Tajikistan,TJK,2010,98.8
Tajikistan,TJK,2011,98.9
Tajikistan,TJK,2012,99.1
Tajikistan,TJK,2013,99
Tajikistan,TJK,2014,99.1
Tajikistan,TJK,2015,98
Tajikistan,TJK,2016,99.3
Tajikistan,TJK,2017,99.3
Tajikistan,TJK,2018,99.3
Tajikistan,TJK,2019,99.4
Tajikistan,TJK,2020,99.5
Tajikistan,TJK,2021,99.6
Tajikistan,TJK,2022,100
Tajikistan,TJK,2023,100
Tajikistan,TJK,2024,99.9
Tanzania,TZA,1992,6.8
Tanzania,TZA,1993,2.3301878
Tanzania,TZA,1994,3.3006473
Tanzania,TZA,1995,4.2690673
Tanzania,TZA,1996,9.4
Tanzania,TZA,1997,6.197068
Tanzania,TZA,1998,7.1552896
Tanzania,TZA,1999,8
Tanzania,TZA,2000,8.7
Tanzania,TZA,2001,9.7
Tanzania,TZA,2002,10.7
Tanzania,TZA,2003,11.1
Tanzania,TZA,2004,11.4
Tanzania,TZA,2005,13.8
Tanzania,TZA,2006,14.9
Tanzania,TZA,2007,15.9
Tanzania,TZA,2008,11.5
Tanzania,TZA,2009,11.2
Tanzania,TZA,2010,14.8
Tanzania,TZA,2011,14.2
Tanzania,TZA,2012,15.3
Tanzania,TZA,2013,16.4
Tanzania,TZA,2014,23.5
Tanzania,TZA,2015,26.2
Tanzania,TZA,2016,32.8
Tanzania,TZA,2017,32.1
Tanzania,TZA,2018,34.9
Tanzania,TZA,2019,37.7
Tanzania,TZA,2020,39.9
Tanzania,TZA,2021,42.7
Tanzania,TZA,2022,45.8
Tanzania,TZA,2023,48.3
Tanzania,TZA,2024,52.4
Thailand,THA,2000,82.1
Thailand,THA,2001,90.4
Thailand,THA,2002,91
Thailand,THA,2003,91.6
Thailand,THA,2004,92.2
Thailand,THA,2005,92.8
Thailand,THA,2006,99.1
Thailand,THA,2007,94.1
Thailand,THA,2008,94.8
Thailand,THA,2009,99
Thailand,THA,2010,99.7
Thailand,THA,2011,99.3
Thailand,THA,2012,99.1
Thailand,THA,2013,99.4
Thailand,THA,2014,99.5
Thailand,THA,2015,99.6
Thailand,THA,2016,99.9
Thailand,THA,2017,99.9
Thailand,THA,2018,99.8
Thailand,THA,2019,99.9
Thailand,THA,2020,100
Thailand,THA,2021,100
Thailand,THA,2022,99.9
Thailand,THA,2023,100
Thailand,THA,2024,100
Togo,TGO,1998,15.3
Togo,TGO,1999,16.073
Togo,TGO,2000,17
Togo,TGO,2001,19.6
Togo,TGO,2002,21.3
Togo,TGO,2003,23
Togo,TGO,2004,24.8
Togo,TGO,2005,26.5
Togo,TGO,2006,27.9
Togo,TGO,2007,30
Togo,TGO,2008,31.8
Togo,TGO,2009,33.7
Togo,TGO,2010,30.8
Togo,TGO,2011,39.7
Togo,TGO,2012,39.1
Togo,TGO,2013,41
Togo,TGO,2014,45.7
Togo,TGO,2015,44.7
Togo,TGO,2016,46.8
Togo,TGO,2017,48
Togo,TGO,2018,50
Togo,TGO,2019,52.5
Togo,TGO,2020,54.1
Togo,TGO,2021,55.7
Togo,TGO,2022,57.2
Togo,TGO,2023,59.2
Togo,TGO,2024,61.1
Tonga,TON,1994,80
Tonga,TON,1995,81.788475
Tonga,TON,1996,82.55437
Tonga,TON,1997,83.31686
Tonga,TON,1998,84.07527
Tonga,TON,1999,84.82884
Tonga,TON,2000,85.6
Tonga,TON,2001,86.3
Tonga,TON,2002,87
Tonga,TON,2003,87.6
Tonga,TON,2004,88.3
Tonga,TON,2005,89
Tonga,TON,2006,92.3
Tonga,TON,2007,90.5
Tonga,TON,2008,91.2
Tonga,TON,2009,92
Tonga,TON,2010,92.8
Tonga,TON,2011,92.2
Tonga,TON,2012,92.8
Tonga,TON,2013,95.1
Tonga,TON,2014,95.9
Tonga,TON,2015,100
Tonga,TON,2016,97
Tonga,TON,2017,98.2
Tonga,TON,2018,99
Tonga,TON,2019,98.4
Tonga,TON,2020,99.9
Tonga,TON,2021,100
Tonga,TON,2022,100
Tonga,TON,2023,100
Tonga,TON,2024,100
Trinidad and Tobago,TTO,2000,91.3
Trinidad and Tobago,TTO,2001,96.3
Trinidad and Tobago,TTO,2002,96.5
Trinidad and Tobago,TTO,2003,96.7
Trinidad and Tobago,TTO,2004,96.8
Trinidad and Tobago,TTO,2005,95
Trinidad and Tobago,TTO,2006,100
Trinidad and Tobago,TTO,2007,100
Trinidad and Tobago,TTO,2008,100
Trinidad and Tobago,TTO,2009,99
Trinidad and Tobago,TTO,2010,100
Trinidad and Tobago,TTO,2011,97.5
Trinidad and Tobago,TTO,2012,100
Trinidad and Tobago,TTO,2013,100
Trinidad and Tobago,TTO,2014,100
Trinidad and Tobago,TTO,2015,100
Trinidad and Tobago,TTO,2016,100
Trinidad and Tobago,TTO,2017,100
Trinidad and Tobago,TTO,2018,100
Trinidad and Tobago,TTO,2019,100
Trinidad and Tobago,TTO,2020,100
Trinidad and Tobago,TTO,2021,100
Trinidad and Tobago,TTO,2022,100
Trinidad and Tobago,TTO,2023,98.7
Trinidad and Tobago,TTO,2024,100
Tunisia,TUN,1994,86.8
Tunisia,TUN,1995,88.7
Tunisia,TUN,1996,90.4
Tunisia,TUN,1997,92
Tunisia,TUN,1998,93.2
Tunisia,TUN,1999,94.2
Tunisia,TUN,2000,94.8
Tunisia,TUN,2001,97.3
Tunisia,TUN,2002,97.8
Tunisia,TUN,2003,98.4
Tunisia,TUN,2004,99
Tunisia,TUN,2005,99.2
Tunisia,TUN,2006,99.4
Tunisia,TUN,2007,99.4
Tunisia,TUN,2008,99.4
Tunisia,TUN,2009,99.5
Tunisia,TUN,2010,99.5
Tunisia,TUN,2011,99.5
Tunisia,TUN,2012,99.5
Tunisia,TUN,2013,99.7
Tunisia,TUN,2014,99.8
Tunisia,TUN,2015,99.9
Tunisia,TUN,2016,100
Tunisia,TUN,2017,100
Tunisia,TUN,2018,99.8
Tunisia,TUN,2019,100
Tunisia,TUN,2020,99.9
Tunisia,TUN,2021,99.9
Tunisia,TUN,2022,100
Tunisia,TUN,2023,100
Tunisia,TUN,2024,100
Turkey,TUR,2000,99.9
Turkey,TUR,2001,99.9
Turkey,TUR,2002,99.8
Turkey,TUR,2003,99.8
Turkey,TUR,2004,99.7
Turkey,TUR,2005,99.7
Turkey,TUR,2006,99.7
Turkey,TUR,2007,99.7
Turkey,TUR,2008,99.7
Turkey,TUR,2009,99.7
Turkey,TUR,2010,100
Turkey,TUR,2011,100
Turkey,TUR,2012,100
Turkey,TUR,2013,100
Turkey,TUR,2014,100
Turkey,TUR,2015,100
Turkey,TUR,2016,100
Turkey,TUR,2017,100
Turkey,TUR,2018,100
Turkey,TUR,2019,100
Turkey,TUR,2020,100
Turkey,TUR,2021,100
Turkey,TUR,2022,100
Turkey,TUR,2023,100
Turkey,TUR,2024,100
Turkmenistan,TKM,2000,99.6
Turkmenistan,TKM,2001,99.6
Turkmenistan,TKM,2002,99.6
Turkmenistan,TKM,2003,99.6
Turkmenistan,TKM,2004,99.5
Turkmenistan,TKM,2005,99.5
Turkmenistan,TKM,2006,99.8
Turkmenistan,TKM,2007,99.6
Turkmenistan,TKM,2008,99.6
Turkmenistan,TKM,2009,99.7
Turkmenistan,TKM,2010,100
Turkmenistan,TKM,2011,99.8
Turkmenistan,TKM,2012,99.9
Turkmenistan,TKM,2013,99.9
Turkmenistan,TKM,2014,100
Turkmenistan,TKM,2015,100
Turkmenistan,TKM,2016,100
Turkmenistan,TKM,2017,100
Turkmenistan,TKM,2018,100
Turkmenistan,TKM,2019,99.9
Turkmenistan,TKM,2020,100
Turkmenistan,TKM,2021,100
Turkmenistan,TKM,2022,100
Turkmenistan,TKM,2023,100
Turkmenistan,TKM,2024,100
Turks and Caicos Islands,TCA,1990,88.7
Turks and Caicos Islands,TCA,1991,91.05391
Turks and Caicos Islands,TCA,1992,91.43912
Turks and Caicos Islands,TCA,1993,91.82365
Turks and Caicos Islands,TCA,1994,92.20682
Turks and Caicos Islands,TCA,1995,92.587944
Turks and Caicos Islands,TCA,1996,92.96635
Turks and Caicos Islands,TCA,1997,93.34136
Turks and Caicos Islands,TCA,1998,93.71229
Turks and Caicos Islands,TCA,1999,94.07838
Turks and Caicos Islands,TCA,2000,95.6
Turks and Caicos Islands,TCA,2001,94.9
Turks and Caicos Islands,TCA,2002,95.2
Turks and Caicos Islands,TCA,2003,95.4
Turks and Caicos Islands,TCA,2004,95.7
Turks and Caicos Islands,TCA,2005,96
Turks and Caicos Islands,TCA,2006,96.2
Turks and Caicos Islands,TCA,2007,96.6
Turks and Caicos Islands,TCA,2008,96.9
Turks and Caicos Islands,TCA,2009,100
Turks and Caicos Islands,TCA,2010,100
Turks and Caicos Islands,TCA,2011,100
Turks and Caicos Islands,TCA,2012,93.1
Turks and Caicos Islands,TCA,2013,100
Turks and Caicos Islands,TCA,2014,100
Turks and Caicos Islands,TCA,2015,100
Turks and Caicos Islands,TCA,2016,100
Turks and Caicos Islands,TCA,2017,100
Turks and Caicos Islands,TCA,2018,100
Turks and Caicos Islands,TCA,2019,100
Turks and Caicos Islands,TCA,2020,99.4
Turks and Caicos Islands,TCA,2021,100
Turks and Caicos Islands,TCA,2022,99.9
Turks and Caicos Islands,TCA,2023,100
Turks and Caicos Islands,TCA,2024,100
Tuvalu,TUV,2000,94.6
Tuvalu,TUV,2001,94.8
Tuvalu,TUV,2002,94.6
Tuvalu,TUV,2003,95.1
Tuvalu,TUV,2004,95.3
Tuvalu,TUV,2005,95.5
Tuvalu,TUV,2006,95.7
Tuvalu,TUV,2007,96.7
Tuvalu,TUV,2008,96.2
Tuvalu,TUV,2009,96.5
Tuvalu,TUV,2010,96.7
Tuvalu,TUV,2011,97
Tuvalu,TUV,2012,97.7
Tuvalu,TUV,2013,97.6
Tuvalu,TUV,2014,97.9
Tuvalu,TUV,2015,98.1
Tuvalu,TUV,2016,97.3
Tuvalu,TUV,2017,98.7
Tuvalu,TUV,2018,99
Tuvalu,TUV,2019,99.7
Tuvalu,TUV,2020,99.4
Tuvalu,TUV,2021,99.7
Tuvalu,TUV,2022,100
Tuvalu,TUV,2023,100
Tuvalu,TUV,2024,100
Uganda,UGA,1991,5.6
Uganda,UGA,1994,0.53389853
Uganda,UGA,1995,6.8
Uganda,UGA,1996,2.8111043
Uganda,UGA,1997,3.9449477
Uganda,UGA,1998,5.074712
Uganda,UGA,1999,6.199634
Uganda,UGA,2000,7.4
Uganda,UGA,2001,8.6
Uganda,UGA,2002,7.8
Uganda,UGA,2003,10.5
Uganda,UGA,2004,11.6
Uganda,UGA,2005,8.9
Uganda,UGA,2006,9
Uganda,UGA,2007,14.8
Uganda,UGA,2008,15.9
Uganda,UGA,2009,10
Uganda,UGA,2010,12.1
Uganda,UGA,2011,14.6
Uganda,UGA,2012,20.5
Uganda,UGA,2013,13.9
Uganda,UGA,2014,20.4
Uganda,UGA,2015,18.5
Uganda,UGA,2016,26.7
Uganda,UGA,2017,32.4
Uganda,UGA,2018,41.9
Uganda,UGA,2019,41.3
Uganda,UGA,2020,42.1
Uganda,UGA,2021,45.2
Uganda,UGA,2022,47.1
Uganda,UGA,2023,51.5
Uganda,UGA,2024,55.3
Ukraine,UKR,1990,100
Ukraine,UKR,1991,100
Ukraine,UKR,1992,100
Ukraine,UKR,1993,100
Ukraine,UKR,1994,100
Ukraine,UKR,1995,100
Ukraine,UKR,1996,100
Ukraine,UKR,1997,100
Ukraine,UKR,1998,100
Ukraine,UKR,1999,100
Ukraine,UKR,2000,99.1
Ukraine,UKR,2001,99.2
Ukraine,UKR,2002,99.3
Ukraine,UKR,2003,99.3
Ukraine,UKR,2004,99.4
Ukraine,UKR,2005,99.9
Ukraine,UKR,2006,99.5
Ukraine,UKR,2007,99.8
Ukraine,UKR,2008,99.8
Ukraine,UKR,2009,99.9
Ukraine,UKR,2010,100
Ukraine,UKR,2011,100
Ukraine,UKR,2012,99.9
Ukraine,UKR,2013,100
Ukraine,UKR,2014,100
Ukraine,UKR,2015,100
Ukraine,UKR,2016,100
Ukraine,UKR,2017,100
Ukraine,UKR,2018,100
Ukraine,UKR,2019,100
Ukraine,UKR,2020,100
Ukraine,UKR,2021,100
Ukraine,UKR,2022,100
Ukraine,UKR,2023,100
Ukraine,UKR,2024,100
United Arab Emirates,ARE,1990,100
United Arab Emirates,ARE,1991,100
United Arab Emirates,ARE,1992,100
United Arab Emirates,ARE,1993,100
United Arab Emirates,ARE,1994,100
United Arab Emirates,ARE,1995,100
United Arab Emirates,ARE,1996,100
United Arab Emirates,ARE,1997,100
United Arab Emirates,ARE,1998,100
United Arab Emirates,ARE,1999,100
United Arab Emirates,ARE,2000,100
United Arab Emirates,ARE,2001,100
United Arab Emirates,ARE,2002,100
United Arab Emirates,ARE,2003,100
United Arab Emirates,ARE,2004,100
United Arab Emirates,ARE,2005,100
United Arab Emirates,ARE,2006,100
United Arab Emirates,ARE,2007,100
United Arab Emirates,ARE,2008,100
United Arab Emirates,ARE,2009,100
United Arab Emirates,ARE,2010,100
United Arab Emirates,ARE,2011,100
United Arab Emirates,ARE,2012,100
United Arab Emirates,ARE,2013,100
United Arab Emirates,ARE,2014,100
United Arab Emirates,ARE,2015,100
United Arab Emirates,ARE,2016,100
United Arab Emirates,ARE,2017,100
United Arab Emirates,ARE,2018,100
United Arab Emirates,ARE,2019,100
United Arab Emirates,ARE,2020,100
United Arab Emirates,ARE,2021,100
United Arab Emirates,ARE,2022,100
United Arab Emirates,ARE,2023,100
United Arab Emirates,ARE,2024,100
United Kingdom,GBR,1990,100
United Kingdom,GBR,1991,100
United Kingdom,GBR,1992,100
United Kingdom,GBR,1993,100
United Kingdom,GBR,1994,100
United Kingdom,GBR,1995,100
United Kingdom,GBR,1996,100
United Kingdom,GBR,1997,100
United Kingdom,GBR,1998,100
United Kingdom,GBR,1999,100
United Kingdom,GBR,2000,100
United Kingdom,GBR,2001,100
United Kingdom,GBR,2002,100
United Kingdom,GBR,2003,100
United Kingdom,GBR,2004,100
United Kingdom,GBR,2005,100
United Kingdom,GBR,2006,100
United Kingdom,GBR,2007,100
United Kingdom,GBR,2008,100
United Kingdom,GBR,2009,100
United Kingdom,GBR,2010,100
United Kingdom,GBR,2011,100
United Kingdom,GBR,2012,100
United Kingdom,GBR,2013,100
United Kingdom,GBR,2014,100
United Kingdom,GBR,2015,100
United Kingdom,GBR,2016,100
United Kingdom,GBR,2017,100
United Kingdom,GBR,2018,100
United Kingdom,GBR,2019,100
United Kingdom,GBR,2020,100
United Kingdom,GBR,2021,100
United Kingdom,GBR,2022,100
United Kingdom,GBR,2023,100
United Kingdom,GBR,2024,100
United States,USA,1990,100
United States,USA,1991,100
United States,USA,1992,100
United States,USA,1993,100
United States,USA,1994,100
United States,USA,1995,100
United States,USA,1996,100
United States,USA,1997,100
United States,USA,1998,100
United States,USA,1999,100
United States,USA,2000,100
United States,USA,2001,100
United States,USA,2002,100
United States,USA,2003,100
United States,USA,2004,100
United States,USA,2005,100
United States,USA,2006,100
United States,USA,2007,100
United States,USA,2008,100
United States,USA,2009,100
United States,USA,2010,100
United States,USA,2011,100
United States,USA,2012,100
United States,USA,2013,100
United States,USA,2014,100
United States,USA,2015,100
United States,USA,2016,100
United States,USA,2017,100
United States,USA,2018,100
United States,USA,2019,100
United States,USA,2020,100
United States,USA,2021,100
United States,USA,2022,100
United States,USA,2023,100
United States,USA,2024,100
United States Virgin Islands,VIR,1990,100
United States Virgin Islands,VIR,1991,100
United States Virgin Islands,VIR,1992,100
United States Virgin Islands,VIR,1993,100
United States Virgin Islands,VIR,1994,100
United States Virgin Islands,VIR,1995,100
United States Virgin Islands,VIR,1996,100
United States Virgin Islands,VIR,1997,100
United States Virgin Islands,VIR,1998,100
United States Virgin Islands,VIR,1999,100
United States Virgin Islands,VIR,2000,100
United States Virgin Islands,VIR,2001,100
United States Virgin Islands,VIR,2002,100
United States Virgin Islands,VIR,2003,100
United States Virgin Islands,VIR,2004,100
United States Virgin Islands,VIR,2005,100
United States Virgin Islands,VIR,2006,100
United States Virgin Islands,VIR,2007,100
United States Virgin Islands,VIR,2008,100
United States Virgin Islands,VIR,2009,100
United States Virgin Islands,VIR,2010,100
United States Virgin Islands,VIR,2011,100
United States Virgin Islands,VIR,2012,100
United States Virgin Islands,VIR,2013,100
United States Virgin Islands,VIR,2014,100
United States Virgin Islands,VIR,2015,100
United States Virgin Islands,VIR,2016,100
United States Virgin Islands,VIR,2017,100
United States Virgin Islands,VIR,2018,100
United States Virgin Islands,VIR,2019,100
United States Virgin Islands,VIR,2020,100
United States Virgin Islands,VIR,2021,100
United States Virgin Islands,VIR,2022,100
United States Virgin Islands,VIR,2023,100
United States Virgin Islands,VIR,2024,100
Upper-middle-income countries,OWID_UMC,2000,93.38359
Upper-middle-income countries,OWID_UMC,2001,93.82841
Upper-middle-income countries,OWID_UMC,2002,94.41202
Upper-middle-income countries,OWID_UMC,2003,94.58799
Upper-middle-income countries,OWID_UMC,2004,95.315254
Upper-middle-income countries,OWID_UMC,2005,95.08216
Upper-middle-income countries,OWID_UMC,2006,96.00897
Upper-middle-income countries,OWID_UMC,2007,96.09447
Upper-middle-income countries,OWID_UMC,2008,96.614235
Upper-middle-income countries,OWID_UMC,2009,97.12563
Upper-middle-income countries,OWID_UMC,2010,97.643196
Upper-middle-income countries,OWID_UMC,2011,97.964226
Upper-middle-income countries,OWID_UMC,2012,98.13306
Upper-middle-income countries,OWID_UMC,2013,98.342155
Upper-middle-income countries,OWID_UMC,2014,98.55682
Upper-middle-income countries,OWID_UMC,2015,98.618515
Upper-middle-income countries,OWID_UMC,2016,98.77569
Upper-middle-income countries,OWID_UMC,2017,98.95311
Upper-middle-income countries,OWID_UMC,2018,99.0284
Upper-middle-income countries,OWID_UMC,2019,99.13087
Upper-middle-income countries,OWID_UMC,2020,99.139
Upper-middle-income countries,OWID_UMC,2021,99.38721
Upper-middle-income countries,OWID_UMC,2022,99.35376
Upper-middle-income countries,OWID_UMC,2023,99.3929
Upper-middle-income countries,OWID_UMC,2024,99.315285
Uruguay,URY,1992,96.18231
Uruguay,URY,1993,96.36306
Uruguay,URY,1994,96.54245
Uruguay,URY,1995,96.719795
Uruguay,URY,1996,95.9
Uruguay,URY,1997,97.06565
Uruguay,URY,1998,97.2328
Uruguay,URY,1999,97.39511
Uruguay,URY,2000,97.6
Uruguay,URY,2001,97.7
Uruguay,URY,2002,97.8
Uruguay,URY,2003,97.9
Uruguay,URY,2004,98
Uruguay,URY,2005,98
Uruguay,URY,2006,98.5
Uruguay,URY,2007,98.7
Uruguay,URY,2008,98.8
Uruguay,URY,2009,99.1
Uruguay,URY,2010,99.3
Uruguay,URY,2011,99.2
Uruguay,URY,2012,99.6
Uruguay,URY,2013,99.6
Uruguay,URY,2014,99.7
Uruguay,URY,2015,99.7
Uruguay,URY,2016,99.7
Uruguay,URY,2017,99.8
Uruguay,URY,2018,99.8
Uruguay,URY,2019,99.9
Uruguay,URY,2020,100
Uruguay,URY,2021,100
Uruguay,URY,2022,100
Uruguay,URY,2023,100
Uruguay,URY,2024,100
Uzbekistan,UZB,1996,99.6
Uzbekistan,UZB,1997,99.379745
Uzbekistan,UZB,1998,99.44935
Uzbekistan,UZB,1999,99.514114
Uzbekistan,UZB,2000,99.6
Uzbekistan,UZB,2001,99.6
Uzbekistan,UZB,2002,99.7
Uzbekistan,UZB,2003,99.5
Uzbekistan,UZB,2004,99.5
Uzbekistan,UZB,2005,99.4
Uzbekistan,UZB,2006,99.5
Uzbekistan,UZB,2007,99.5
Uzbekistan,UZB,2008,99.5
Uzbekistan,UZB,2009,99.5
Uzbekistan,UZB,2010,99.6
Uzbekistan,UZB,2011,99.7
Uzbekistan,UZB,2012,99.7
Uzbekistan,UZB,2013,99.8
Uzbekistan,UZB,2014,99.8
Uzbekistan,UZB,2015,99.9
Uzbekistan,UZB,2016,99.9
Uzbekistan,UZB,2017,100
Uzbekistan,UZB,2018,100
Uzbekistan,UZB,2019,100
Uzbekistan,UZB,2020,100
Uzbekistan,UZB,2021,99.9
Uzbekistan,UZB,2022,100
Uzbekistan,UZB,2023,100
Uzbekistan,UZB,2024,100
Vanuatu,VUT,1994,18
Vanuatu,VUT,1995,12.941644
Vanuatu,VUT,1996,14.792361
Vanuatu,VUT,1997,16.639679
Vanuatu,VUT,1998,18.482918
Vanuatu,VUT,1999,19.1
Vanuatu,VUT,2000,22.2
Vanuatu,VUT,2001,24
Vanuatu,VUT,2002,25.7
Vanuatu,VUT,2003,27.5
Vanuatu,VUT,2004,29.2
Vanuatu,VUT,2005,31
Vanuatu,VUT,2006,26.4
Vanuatu,VUT,2007,33.6
Vanuatu,VUT,2008,36.5
Vanuatu,VUT,2009,33.3
Vanuatu,VUT,2010,44.1
Vanuatu,VUT,2011,42
Vanuatu,VUT,2012,43.9
Vanuatu,VUT,2013,31.7
Vanuatu,VUT,2014,49.1
Vanuatu,VUT,2015,52.3
Vanuatu,VUT,2016,57.8
Vanuatu,VUT,2017,62.8
Vanuatu,VUT,2018,61.6
Vanuatu,VUT,2019,64.5
Vanuatu,VUT,2020,67.3
Vanuatu,VUT,2021,70
Vanuatu,VUT,2022,70
Vanuatu,VUT,2023,61.6
Vanuatu,VUT,2024,65.5
Venezuela,VEN,1992,97.820206
Venezuela,VEN,1993,98.23953
Venezuela,VEN,1994,98.32333
Venezuela,VEN,1995,99
Venezuela,VEN,1996,98.48413
Venezuela,VEN,1997,98.7
Venezuela,VEN,1998,98.4
Venezuela,VEN,1999,98.9
Venezuela,VEN,2000,98.9
Venezuela,VEN,2001,99.9
Venezuela,VEN,2002,99.8
Venezuela,VEN,2003,95.7
Venezuela,VEN,2004,99.1
Venezuela,VEN,2005,98.8
Venezuela,VEN,2006,99.3
Venezuela,VEN,2007,98.9
Venezuela,VEN,2008,98.9
Venezuela,VEN,2009,99
Venezuela,VEN,2010,99.1
Venezuela,VEN,2011,98.8
Venezuela,VEN,2012,99.3
Venezuela,VEN,2013,99.4
Venezuela,VEN,2014,100
Venezuela,VEN,2015,100
Venezuela,VEN,2016,99.4
Venezuela,VEN,2017,99.2
Venezuela,VEN,2018,99.9
Venezuela,VEN,2019,99.8
Venezuela,VEN,2020,99.9
Venezuela,VEN,2021,100
Venezuela,VEN,2022,100
Venezuela,VEN,2023,100
Venezuela,VEN,2024,100
Vietnam,VNM,1997,78.4
Vietnam,VNM,1998,86.17599
Vietnam,VNM,1999,86.99444
Vietnam,VNM,2000,88.2
Vietnam,VNM,2001,88.9
Vietnam,VNM,2002,89.1
Vietnam,VNM,2003,90.3
Vietnam,VNM,2004,91
Vietnam,VNM,2005,96.1
Vietnam,VNM,2006,96
Vietnam,VNM,2007,93.1
Vietnam,VNM,2008,93.8
Vietnam,VNM,2009,96.1
Vietnam,VNM,2010,97.4
Vietnam,VNM,2011,99
Vietnam,VNM,2012,97.9
Vietnam,VNM,2013,98.5
Vietnam,VNM,2014,99.2
Vietnam,VNM,2015,99.3
Vietnam,VNM,2016,99.2
Vietnam,VNM,2017,100
Vietnam,VNM,2018,100
Vietnam,VNM,2019,99.4
Vietnam,VNM,2020,99.8
Vietnam,VNM,2021,100
Vietnam,VNM,2022,100
Vietnam,VNM,2023,99.8
Vietnam,VNM,2024,100
World,OWID_WRL,1998,73.200584
World,OWID_WRL,1999,74.50786
World,OWID_WRL,2000,78.22497
World,OWID_WRL,2001,78.71881
World,OWID_WRL,2002,79.10436
World,OWID_WRL,2003,79.96847
World,OWID_WRL,2004,79.9557
World,OWID_WRL,2005,80.704575
World,OWID_WRL,2006,81.35673
World,OWID_WRL,2007,81.97457
World,OWID_WRL,2008,82.67142
World,OWID_WRL,2009,82.86883
World,OWID_WRL,2010,83.45016
World,OWID_WRL,2011,84.50887
World,OWID_WRL,2012,84.939156
World,OWID_WRL,2013,85.71369
World,OWID_WRL,2014,86.19854
World,OWID_WRL,2015,86.92737
World,OWID_WRL,2016,88.10809
World,OWID_WRL,2017,88.935715
World,OWID_WRL,2018,89.80118
World,OWID_WRL,2019,90.10896
World,OWID_WRL,2020,90.39954
World,OWID_WRL,2021,91.33852
World,OWID_WRL,2022,91.28178
World,OWID_WRL,2023,91.60348
World,OWID_WRL,2024,91.92648
Yemen,YEM,1992,44.1
Yemen,YEM,1993,40.774715
Yemen,YEM,1994,41.985134
Yemen,YEM,1995,43.193512
Yemen,YEM,1996,44.39917
Yemen,YEM,1997,42.6
Yemen,YEM,1998,46.79961
Yemen,YEM,1999,47.992947
Yemen,YEM,2000,49.2
Yemen,YEM,2001,50.4
Yemen,YEM,2002,51.5
Yemen,YEM,2003,52.6
Yemen,YEM,2004,49.6
Yemen,YEM,2005,54.8
Yemen,YEM,2006,55.8
Yemen,YEM,2007,57.2
Yemen,YEM,2008,58.4
Yemen,YEM,2009,59.6
Yemen,YEM,2010,60.8
Yemen,YEM,2011,62
Yemen,YEM,2012,52.4
Yemen,YEM,2013,75.6
Yemen,YEM,2014,66.1
Yemen,YEM,2015,67.4
Yemen,YEM,2016,68.9
Yemen,YEM,2017,79.2
Yemen,YEM,2018,62
Yemen,YEM,2019,72.8
Yemen,YEM,2020,73.9
Yemen,YEM,2021,74.9
Yemen,YEM,2022,76
Yemen,YEM,2023,83.6
Yemen,YEM,2024,86.3
Zambia,ZMB,1990,13.9
Zambia,ZMB,1991,12.752703
Zambia,ZMB,1992,19.2
Zambia,ZMB,1993,14.213207
Zambia,ZMB,1994,14.941759
Zambia,ZMB,1995,15.668272
Zambia,ZMB,1996,17.3
Zambia,ZMB,1997,17.11246
Zambia,ZMB,1998,19
Zambia,ZMB,1999,18.540245
Zambia,ZMB,2000,16.7
Zambia,ZMB,2001,20.2
Zambia,ZMB,2002,17.4
Zambia,ZMB,2003,18.5
Zambia,ZMB,2004,20.3
Zambia,ZMB,2005,23.3
Zambia,ZMB,2006,24.1
Zambia,ZMB,2007,18.5
Zambia,ZMB,2008,25.7
Zambia,ZMB,2009,26.6
Zambia,ZMB,2010,22
Zambia,ZMB,2011,28.3
Zambia,ZMB,2012,29.2
Zambia,ZMB,2013,30.1
Zambia,ZMB,2014,27.9
Zambia,ZMB,2015,31.1
Zambia,ZMB,2016,35.4
Zambia,ZMB,2017,40.3
Zambia,ZMB,2018,40.2
Zambia,ZMB,2019,43
Zambia,ZMB,2020,44.6
Zambia,ZMB,2021,46.7
Zambia,ZMB,2022,47.8
Zambia,ZMB,2023,51.1
Zambia,ZMB,2024,53.6
Zimbabwe,ZWE,1992,28.2
Zimbabwe,ZWE,1993,31.163668
Zimbabwe,ZWE,1994,28.1
Zimbabwe,ZWE,1995,31.94858
Zimbabwe,ZWE,1996,32.337296
Zimbabwe,ZWE,1997,32.72261
Zimbabwe,ZWE,1998,33.103848
Zimbabwe,ZWE,1999,38.4
Zimbabwe,ZWE,2000,33.7
Zimbabwe,ZWE,2001,34.2
Zimbabwe,ZWE,2002,34.2
Zimbabwe,ZWE,2003,35.1
Zimbabwe,ZWE,2004,35.6
Zimbabwe,ZWE,2005,36.1
Zimbabwe,ZWE,2006,37.2
Zimbabwe,ZWE,2007,37.2
Zimbabwe,ZWE,2008,37.7
Zimbabwe,ZWE,2009,43.4
Zimbabwe,ZWE,2010,38.9
Zimbabwe,ZWE,2011,36.9
Zimbabwe,ZWE,2012,44
Zimbabwe,ZWE,2013,40.6
Zimbabwe,ZWE,2014,32.3
Zimbabwe,ZWE,2015,33.7
Zimbabwe,ZWE,2016,42.5
Zimbabwe,ZWE,2017,44
Zimbabwe,ZWE,2018,45.4
Zimbabwe,ZWE,2019,46.7
Zimbabwe,ZWE,2020,52.7
Zimbabwe,ZWE,2021,49
Zimbabwe,ZWE,2022,50.1
Zimbabwe,ZWE,2023,62
Zimbabwe,ZWE,2024,62